[00:14:01] [INFO] Hotkeys armed (low-level hook). They fire only while TBH-Tool, the desktop, or TaskBarHero is focused — not in Chrome, Settings, or File Explorer. Run as Administrator if TaskBarHero still swallows shortcuts.
[00:14:01] [INFO] Windows Display Scaling: 1.00x (Standard 100% DPI).
[00:14:01] [INFO] Loading template assets...
[00:14:02] [INFO] Successfully cached 495 templates in memory.
[00:14:02] [INFO] TBH-Tool Automation Engine initialized (PVandAI). Screen Bounds: 1920x1080px. FailSafe=True
[00:14:02] [SYSTEM] TBH-Tool v2.0 Engine Initialized. Loaded 495 template assets.
[00:14:02] [SYSTEM] Hotkeys armed (F1 Start, F2 Measure, F3 Quick Capture, F4 Freeze Snipper, F5 Reload, Esc Stop). They work only while this tool, the desktop, or TaskBarHero is focused.
[00:15:39] [INFO] Loading template assets...
[00:15:39] [INFO] Successfully cached 495 templates in memory.
[00:15:39] [INFO] Reloaded 495 template assets into memory cache.
[00:15:45] [INFO] Configuration updated via Settings dialog.
[00:15:48] [WARN] [STOPPED] Emergency Stop triggered!
[00:15:54] [INFO] Hotkeys armed (low-level hook). They fire only while TBH-Tool, the desktop, or TaskBarHero is focused — not in Chrome, Settings, or File Explorer. Run as Administrator if TaskBarHero still swallows shortcuts.
[00:15:54] [INFO] Windows Display Scaling: 1.00x (Standard 100% DPI).
[00:15:54] [INFO] Loading template assets...
[00:15:54] [INFO] Successfully cached 495 templates in memory.
[00:15:54] [INFO] TBH-Tool Automation Engine initialized (PVandAI). Screen Bounds: 1920x1080px. FailSafe=True
[00:15:54] [SYSTEM] TBH-Tool v2.0 Engine Initialized. Loaded 495 template assets.
[00:15:54] [SYSTEM] Hotkeys armed (F1 Start, F2 Measure, F3 Quick Capture, F4 Freeze Snipper, F5 Reload, Esc Stop). They work only while this tool, the desktop, or TaskBarHero is focused.
[00:16:12] [INFO] Configuration updated via Settings dialog.
[00:16:15] [SYSTEM] [+] PREPARING AUTOMATION: Please switch to your Game window in 3 seconds...
[00:16:15] [SYSTEM]     Starting automation in: 3s...
[00:16:16] [SYSTEM]     Starting automation in: 2s...
[00:16:17] [SYSTEM]     Starting automation in: 1s...
[00:16:18] [ACTION] [✓] Automation Engine Active!
[00:16:22] [DEBUG] [Inventory Scroll] DOWN x250 at (1318, 622)
[00:16:23] [INFO] 
Template:   standard_chest.png [STANDARD REWARD CHEST]
Confidence: 0.9592
Position:   (1750, 910)
Action:     Left Click Open Chest
[00:16:23] [ACTION] Opened chest: standard_chest.png
[00:16:31] [DEBUG] [Inventory Scroll] DOWN x250 at (1318, 622)
[00:16:40] [DEBUG] [Inventory Scroll] DOWN x250 at (1318, 622)
[00:16:48] [WARN] [PAUSED] Automation engine paused.
[00:16:48] [DEBUG] [Inventory Scroll] DOWN x250 at (1318, 622)
[00:28:03] [WARN] [STOPPED] Emergency Stop triggered!
[00:28:08] [INFO] Hotkeys armed (low-level hook). They fire only while TBH-Tool, the desktop, or TaskBarHero is focused — not in Chrome, Settings, or File Explorer. Run as Administrator if TaskBarHero still swallows shortcuts.
[00:28:08] [INFO] Windows Display Scaling: 1.00x (Standard 100% DPI).
[00:28:08] [INFO] Loading template assets...
[00:28:09] [INFO] Successfully cached 495 templates in memory.
[00:28:09] [INFO] TBH-Tool Automation Engine initialized (PVandAI). Screen Bounds: 1920x1080px. FailSafe=False
[00:28:09] [SYSTEM] TBH-Tool v2.0 Engine Initialized. Loaded 495 template assets.
[00:28:09] [SYSTEM] Hotkeys armed (F1 Start, F2 Measure, F3 Quick Capture, F4 Freeze Snipper, F5 Reload, Esc Stop). They work only while this tool, the desktop, or TaskBarHero is focused.
[00:28:27] [SYSTEM] [+] PREPARING AUTOMATION: Please switch to your Game window in 3 seconds...
[00:28:27] [SYSTEM]     Starting automation in: 3s...
[00:28:28] [SYSTEM]     Starting automation in: 2s...
[00:28:29] [SYSTEM]     Starting automation in: 1s...
[00:28:30] [ACTION] [✓] Automation Engine Active!
[00:28:34] [DEBUG] [Inventory Scroll] DOWN x250 at (1318, 622)
[00:28:35] [INFO] 
Template:   boss_chest.png [BOSS REWARD CHEST]
Confidence: 0.9037
Position:   (1710, 911)
Action:     Left Click Open Boss Chest
[00:28:36] [ACTION] Opened chest: boss_chest.png
[00:28:44] [DEBUG] [Inventory Scroll] DOWN x250 at (1318, 622)
[00:28:45] [INFO] 
Template:   standard_chest.png [STANDARD REWARD CHEST]
Confidence: 0.9559
Position:   (1750, 910)
Action:     Left Click Open Chest
[00:28:46] [ACTION] Opened chest: standard_chest.png
[00:28:52] [DEBUG] [Inventory Scroll] DOWN x250 at (1318, 622)
[00:29:01] [DEBUG] [Inventory Scroll] DOWN x250 at (1318, 622)
[00:29:10] [DEBUG] [Inventory Scroll] DOWN x250 at (1318, 622)
[00:29:19] [DEBUG] [Inventory Scroll] UP x1250 at (1318, 622)
[00:29:29] [DEBUG] [Inventory Scroll] DOWN x250 at (1318, 622)
[00:29:38] [DEBUG] [Inventory Scroll] DOWN x250 at (1318, 622)
[00:29:46] [DEBUG] [Inventory Scroll] DOWN x250 at (1318, 622)
[00:29:55] [DEBUG] [Inventory Scroll] DOWN x250 at (1318, 622)
[00:30:04] [DEBUG] [Inventory Scroll] DOWN x250 at (1318, 622)
[00:30:12] [DEBUG] [Inventory Scroll] UP x1250 at (1318, 622)
[00:30:19] [INFO] 
Template:   soulstone_hell.png [Chest Stash]
Confidence: 0.8940
Position:   (1364, 571)
Action:     Ctrl + Right-Click
[00:30:20] [INFO] Stashed: soulstone_hell.png (conf=0.89)
[00:30:29] [INFO] 
Template:   limitless_bow_common.png [Item to Sell]
Confidence: 1.0000
Position:   (1264, 573)
Action:     Alt + Right-Click
[00:30:30] [INFO] Sales Section Capacity: 1/3 slots filled.
[00:30:30] [ACTION] Placed for sale: limitless_bow_common.png [1/3]
[00:30:31] [INFO] 
Template:   standard_chest.png [STANDARD REWARD CHEST]
Confidence: 0.9243
Position:   (1750, 910)
Action:     Left Click Open Chest
[00:30:31] [ACTION] Opened chest: standard_chest.png
[00:30:36] [INFO] 
Template:   void_iron.png [Chest Stash]
Confidence: 1.0000
Position:   (1363, 572)
Action:     Ctrl + Right-Click
[00:30:37] [INFO] Stashed: void_iron.png (conf=1.00)
[00:30:45] [INFO] 
Template:   limitless_scepter_common.png [Item to Sell]
Confidence: 0.8963
Position:   (1314, 572)
Action:     Alt + Right-Click
[00:30:46] [INFO] Sales Section Capacity: 2/3 slots filled.
[00:30:46] [ACTION] Placed for sale: limitless_scepter_common.png [2/3]
[00:30:55] [INFO] 
Template:   shine_boots_common.png [Item to Sell]
Confidence: 0.9434
Position:   (1414, 572)
Action:     Alt + Right-Click
[00:30:56] [INFO] Sales Section Capacity: 3/3 slots filled.
[00:30:56] [ACTION] Placed for sale: shine_boots_common.png [3/3]
[00:30:56] [INFO] 
Template:   sell_button.png [CONFIRM BATCH SELL]
Confidence: 0.9435
Position:   (1779, 644)
Status:     Sales slots FULL (3/3)
Action:     Left Click Sell Button
[00:30:57] [INFO] Batch sale completed! Reset sales slots to 0.
[00:30:58] [ACTION] Clicked Batch Confirm Sell!
[00:31:03] [DEBUG] [Inventory Scroll] DOWN x250 at (1318, 622)
[00:31:12] [DEBUG] [Inventory Scroll] DOWN x250 at (1318, 622)
[00:31:22] [DEBUG] [Inventory Scroll] DOWN x250 at (1318, 622)
[00:31:30] [DEBUG] [Inventory Scroll] DOWN x250 at (1318, 622)
[00:31:39] [DEBUG] [Inventory Scroll] DOWN x250 at (1318, 622)
[00:31:48] [DEBUG] [Inventory Scroll] UP x1250 at (1318, 622)
[00:31:48] [INFO] 
Template:   boss_chest.png [BOSS REWARD CHEST]
Confidence: 0.9381
Position:   (1750, 911)
Action:     Left Click Open Boss Chest
[00:31:50] [ACTION] Opened chest: boss_chest.png
[00:31:55] [INFO] 
Template:   fighter_helmet_common.png [Item to Sell]
Confidence: 0.9672
Position:   (1165, 572)
Action:     Alt + Right-Click
[00:31:55] [INFO] Sales Section Capacity: 1/3 slots filled.
[00:31:56] [ACTION] Placed for sale: fighter_helmet_common.png [1/3]
[00:32:05] [DEBUG] [Inventory Scroll] DOWN x250 at (1318, 622)
[00:32:14] [DEBUG] [Inventory Scroll] DOWN x250 at (1318, 622)
[00:32:22] [DEBUG] [Inventory Scroll] DOWN x250 at (1318, 622)
[00:32:30] [DEBUG] [Inventory Scroll] DOWN x250 at (1318, 622)
[00:32:40] [DEBUG] [Inventory Scroll] DOWN x250 at (1318, 622)
[00:32:48] [DEBUG] [Inventory Scroll] UP x1250 at (1318, 622)
[00:32:56] [DEBUG] [Inventory Scroll] DOWN x250 at (1318, 622)
[00:33:06] [DEBUG] [Inventory Scroll] DOWN x250 at (1318, 622)
[00:33:14] [DEBUG] [Inventory Scroll] DOWN x250 at (1318, 622)
[00:33:23] [DEBUG] [Inventory Scroll] DOWN x250 at (1318, 622)
[00:33:33] [DEBUG] [Inventory Scroll] DOWN x250 at (1318, 622)
[00:33:41] [DEBUG] [Inventory Scroll] UP x1250 at (1318, 622)
[00:33:49] [DEBUG] [Inventory Scroll] DOWN x250 at (1318, 622)
[00:33:59] [DEBUG] [Inventory Scroll] DOWN x250 at (1318, 622)
[00:34:07] [DEBUG] [Inventory Scroll] DOWN x250 at (1318, 622)
[00:34:15] [DEBUG] [Inventory Scroll] DOWN x250 at (1318, 622)
[00:34:25] [DEBUG] [Inventory Scroll] DOWN x250 at (1318, 622)
[00:34:33] [DEBUG] [Inventory Scroll] UP x1250 at (1318, 622)
[00:34:41] [DEBUG] [Inventory Scroll] DOWN x250 at (1318, 622)
[00:34:42] [INFO] 
Template:   standard_chest.png [STANDARD REWARD CHEST]
Confidence: 0.9243
Position:   (1750, 910)
Action:     Left Click Open Chest
[00:34:43] [ACTION] Opened chest: standard_chest.png
[00:34:52] [DEBUG] [Inventory Scroll] DOWN x250 at (1318, 622)
[00:35:00] [DEBUG] [Inventory Scroll] DOWN x250 at (1318, 622)
[00:35:08] [DEBUG] [Inventory Scroll] DOWN x250 at (1318, 622)
[00:35:17] [DEBUG] [Inventory Scroll] DOWN x250 at (1318, 622)
[00:35:26] [DEBUG] [Inventory Scroll] UP x1250 at (1318, 622)
[00:35:34] [INFO] 
Template:   sacred_staff_common.png [Item to Sell]
Confidence: 0.9457
Position:   (1265, 572)
Action:     Alt + Right-Click
[00:35:35] [INFO] Sales Section Capacity: 2/3 slots filled.
[00:35:36] [ACTION] Placed for sale: sacred_staff_common.png [2/3]
[00:35:45] [DEBUG] [Inventory Scroll] DOWN x250 at (1318, 622)
[00:35:53] [DEBUG] [Inventory Scroll] DOWN x250 at (1318, 622)
[00:36:02] [DEBUG] [Inventory Scroll] DOWN x250 at (1318, 622)
[00:36:11] [DEBUG] [Inventory Scroll] DOWN x250 at (1318, 622)
[00:36:19] [DEBUG] [Inventory Scroll] DOWN x250 at (1318, 622)
[00:36:28] [DEBUG] [Inventory Scroll] UP x1250 at (1318, 622)
[00:36:37] [DEBUG] [Inventory Scroll] DOWN x250 at (1318, 622)
[00:36:46] [DEBUG] [Inventory Scroll] DOWN x250 at (1318, 622)
[00:36:54] [DEBUG] [Inventory Scroll] DOWN x250 at (1318, 622)
[00:37:04] [DEBUG] [Inventory Scroll] DOWN x250 at (1318, 622)
[00:37:11] [DEBUG] [Inventory Scroll] DOWN x250 at (1318, 622)
[00:37:20] [DEBUG] [Inventory Scroll] UP x1250 at (1318, 622)
[00:37:29] [DEBUG] [Inventory Scroll] DOWN x250 at (1318, 622)
[00:37:37] [DEBUG] [Inventory Scroll] DOWN x250 at (1318, 622)
[00:37:46] [DEBUG] [Inventory Scroll] DOWN x250 at (1318, 622)
[00:37:56] [DEBUG] [Inventory Scroll] DOWN x250 at (1318, 622)
[00:38:04] [DEBUG] [Inventory Scroll] DOWN x250 at (1318, 622)
[00:38:12] [DEBUG] [Inventory Scroll] UP x1250 at (1318, 622)
[00:38:22] [DEBUG] [Inventory Scroll] DOWN x250 at (1318, 622)
[00:38:30] [DEBUG] [Inventory Scroll] DOWN x250 at (1318, 622)
[00:38:39] [DEBUG] [Inventory Scroll] DOWN x250 at (1318, 622)
[00:38:48] [DEBUG] [Inventory Scroll] DOWN x250 at (1318, 622)
[00:38:57] [DEBUG] [Inventory Scroll] DOWN x250 at (1318, 622)
[00:39:05] [DEBUG] [Inventory Scroll] UP x1250 at (1318, 622)
[00:39:15] [DEBUG] [Inventory Scroll] DOWN x250 at (1318, 622)
[00:39:16] [INFO] 
Template:   standard_chest.png [STANDARD REWARD CHEST]
Confidence: 0.9310
Position:   (1750, 910)
Action:     Left Click Open Chest
[00:39:16] [ACTION] Opened chest: standard_chest.png
[00:39:22] [DEBUG] [Inventory Scroll] DOWN x250 at (1318, 622)
[00:39:31] [DEBUG] [Inventory Scroll] DOWN x250 at (1318, 622)
[00:39:40] [DEBUG] [Inventory Scroll] DOWN x250 at (1318, 622)
[00:39:49] [DEBUG] [Inventory Scroll] DOWN x250 at (1318, 622)
[00:39:57] [DEBUG] [Inventory Scroll] UP x1250 at (1318, 622)
[00:40:07] [INFO] 
Template:   shine_boots_common.png [Item to Sell]
Confidence: 0.9434
Position:   (1314, 572)
Action:     Alt + Right-Click
[00:40:07] [INFO] Sales Section Capacity: 3/3 slots filled.
[00:40:08] [ACTION] Placed for sale: shine_boots_common.png [3/3]
[00:40:08] [INFO] 
Template:   sell_button.png [CONFIRM BATCH SELL]
Confidence: 0.9369
Position:   (1779, 644)
Status:     Sales slots FULL (3/3)
Action:     Left Click Sell Button
[00:40:08] [INFO] Batch sale completed! Reset sales slots to 0.
[00:40:09] [ACTION] Clicked Batch Confirm Sell!
[00:40:15] [DEBUG] [Inventory Scroll] DOWN x250 at (1318, 622)
[00:40:24] [DEBUG] [Inventory Scroll] DOWN x250 at (1318, 622)
[00:40:33] [DEBUG] [Inventory Scroll] DOWN x250 at (1318, 622)
[00:40:41] [DEBUG] [Inventory Scroll] DOWN x250 at (1318, 622)
[00:40:50] [DEBUG] [Inventory Scroll] DOWN x250 at (1318, 622)
[00:40:59] [DEBUG] [Inventory Scroll] UP x1250 at (1318, 622)
[00:41:08] [DEBUG] [Inventory Scroll] DOWN x250 at (1318, 622)
[00:41:16] [DEBUG] [Inventory Scroll] DOWN x250 at (1318, 622)
[00:41:26] [DEBUG] [Inventory Scroll] DOWN x250 at (1318, 622)
[00:41:34] [DEBUG] [Inventory Scroll] DOWN x250 at (1318, 622)
[00:41:42] [DEBUG] [Inventory Scroll] DOWN x250 at (1318, 622)
[00:41:51] [DEBUG] [Inventory Scroll] UP x1250 at (1318, 622)
[00:41:59] [DEBUG] [Inventory Scroll] DOWN x250 at (1318, 622)
[00:42:08] [DEBUG] [Inventory Scroll] DOWN x250 at (1318, 622)
[00:42:18] [DEBUG] [Inventory Scroll] DOWN x250 at (1318, 622)
[00:42:26] [DEBUG] [Inventory Scroll] DOWN x250 at (1318, 622)
[00:42:35] [DEBUG] [Inventory Scroll] DOWN x250 at (1318, 622)
[00:42:44] [DEBUG] [Inventory Scroll] UP x1250 at (1318, 622)
[00:42:52] [DEBUG] [Inventory Scroll] DOWN x250 at (1318, 622)
[00:43:01] [DEBUG] [Inventory Scroll] DOWN x250 at (1318, 622)
[00:43:10] [DEBUG] [Inventory Scroll] DOWN x250 at (1318, 622)
[00:43:19] [DEBUG] [Inventory Scroll] DOWN x250 at (1318, 622)
[00:43:27] [DEBUG] [Inventory Scroll] DOWN x250 at (1318, 622)
[00:43:37] [DEBUG] [Inventory Scroll] UP x1250 at (1318, 622)
[00:43:37] [INFO] 
Template:   standard_chest.png [STANDARD REWARD CHEST]
Confidence: 0.9305
Position:   (1750, 910)
Action:     Left Click Open Chest
[00:43:39] [ACTION] Opened chest: standard_chest.png
[00:43:44] [INFO] 
Template:   limitless_bow_common.png [Item to Sell]
Confidence: 0.8805
Position:   (1164, 573)
Action:     Alt + Right-Click
[00:43:44] [INFO] Sales Section Capacity: 1/3 slots filled.
[00:43:45] [ACTION] Placed for sale: limitless_bow_common.png [1/3]
[00:43:53] [DEBUG] [Inventory Scroll] DOWN x250 at (1318, 622)
[00:44:02] [DEBUG] [Inventory Scroll] DOWN x250 at (1318, 622)
[00:44:10] [DEBUG] [Inventory Scroll] DOWN x250 at (1318, 622)
[00:44:19] [DEBUG] [Inventory Scroll] DOWN x250 at (1318, 622)
[00:44:28] [DEBUG] [Inventory Scroll] DOWN x250 at (1318, 622)
[00:44:37] [DEBUG] [Inventory Scroll] UP x1250 at (1318, 622)
[00:44:45] [DEBUG] [Inventory Scroll] DOWN x250 at (1318, 622)
[00:44:55] [DEBUG] [Inventory Scroll] DOWN x250 at (1318, 622)
[00:45:03] [DEBUG] [Inventory Scroll] DOWN x250 at (1318, 622)
[00:45:12] [DEBUG] [Inventory Scroll] DOWN x250 at (1318, 622)
[00:45:21] [DEBUG] [Inventory Scroll] DOWN x250 at (1318, 622)
[00:45:30] [DEBUG] [Inventory Scroll] UP x1250 at (1318, 622)
[00:45:38] [DEBUG] [Inventory Scroll] DOWN x250 at (1318, 622)
[00:45:47] [DEBUG] [Inventory Scroll] DOWN x250 at (1318, 622)
[00:45:55] [DEBUG] [Inventory Scroll] DOWN x250 at (1318, 622)
[00:46:04] [DEBUG] [Inventory Scroll] DOWN x250 at (1318, 622)
[00:46:13] [DEBUG] [Inventory Scroll] DOWN x250 at (1318, 622)
[00:46:21] [DEBUG] [Inventory Scroll] UP x1250 at (1318, 622)
[00:46:30] [DEBUG] [Inventory Scroll] DOWN x250 at (1318, 622)
[00:46:40] [DEBUG] [Inventory Scroll] DOWN x250 at (1318, 622)
[00:46:48] [DEBUG] [Inventory Scroll] DOWN x250 at (1318, 622)
[00:46:57] [DEBUG] [Inventory Scroll] DOWN x250 at (1318, 622)
[00:47:06] [DEBUG] [Inventory Scroll] DOWN x250 at (1318, 622)
[00:47:14] [DEBUG] [Inventory Scroll] UP x1250 at (1318, 622)
[00:47:23] [DEBUG] [Inventory Scroll] DOWN x250 at (1318, 622)
[00:47:32] [DEBUG] [Inventory Scroll] DOWN x250 at (1318, 622)
[00:47:41] [DEBUG] [Inventory Scroll] DOWN x250 at (1318, 622)
[00:47:48] [DEBUG] [Inventory Scroll] DOWN x250 at (1318, 622)
[00:47:49] [INFO] 
Template:   standard_chest.png [STANDARD REWARD CHEST]
Confidence: 0.9294
Position:   (1750, 910)
Action:     Left Click Open Chest
[00:47:50] [ACTION] Opened chest: standard_chest.png
[00:47:59] [DEBUG] [Inventory Scroll] DOWN x250 at (1318, 622)
[00:48:07] [DEBUG] [Inventory Scroll] UP x1250 at (1318, 622)
[00:48:13] [INFO] 
Template:   jade_stone.png [Chest Stash]
Confidence: 0.8876
Position:   (1264, 572)
Action:     Ctrl + Right-Click
[00:48:14] [INFO] Stashed: jade_stone.png (conf=0.89)
[00:48:23] [DEBUG] [Inventory Scroll] DOWN x250 at (1318, 622)
[00:48:32] [DEBUG] [Inventory Scroll] DOWN x250 at (1318, 622)
[00:48:40] [DEBUG] [Inventory Scroll] DOWN x250 at (1318, 622)
[00:48:44] [WARN] [PAUSED] Automation engine paused.
[00:48:46] [SYSTEM] [+] QUICK HOVER CAPTURE: capturing at current cursor position...
[00:48:47] [INFO] [Capture] Detected yellow slot frame (45x45px). Trimmed outer border -> Inner item crop: 41x41px.
[00:49:00] [INFO] [✓] Saved item template: templates/sell_items/shine_armor_common.png
[00:49:00] [INFO] Loading template assets...
[00:49:01] [INFO] Successfully cached 496 templates in memory.
[00:49:01] [INFO] Reloaded 496 template assets into memory cache.
[00:49:03] [INFO] [RESUMED] Automation engine resumed.
[00:49:07] [INFO] 
Template:   shine_armor_common.png [Item to Sell]
Confidence: 0.9549
Position:   (1214, 572)
Action:     Alt + Right-Click
[00:49:07] [INFO] Sales Section Capacity: 2/3 slots filled.
[00:49:08] [ACTION] Placed for sale: shine_armor_common.png [2/3]
[00:49:17] [DEBUG] [Inventory Scroll] DOWN x250 at (1318, 622)
[00:49:25] [DEBUG] [Inventory Scroll] DOWN x250 at (1318, 622)
[00:49:33] [DEBUG] [Inventory Scroll] UP x1250 at (1318, 622)
[00:49:43] [DEBUG] [Inventory Scroll] DOWN x250 at (1318, 622)
[00:49:51] [DEBUG] [Inventory Scroll] DOWN x250 at (1318, 622)
[00:50:00] [DEBUG] [Inventory Scroll] DOWN x250 at (1318, 622)
[00:50:09] [DEBUG] [Inventory Scroll] DOWN x250 at (1318, 622)
[00:50:17] [DEBUG] [Inventory Scroll] DOWN x250 at (1318, 622)
[00:50:25] [DEBUG] [Inventory Scroll] UP x1250 at (1318, 622)
[00:50:35] [DEBUG] [Inventory Scroll] DOWN x250 at (1318, 622)
[00:50:43] [DEBUG] [Inventory Scroll] DOWN x250 at (1318, 622)
[00:50:51] [DEBUG] [Inventory Scroll] DOWN x250 at (1318, 622)
[00:51:02] [DEBUG] [Inventory Scroll] DOWN x250 at (1318, 622)
[00:51:09] [DEBUG] [Inventory Scroll] DOWN x250 at (1318, 622)
[00:51:18] [DEBUG] [Inventory Scroll] UP x1250 at (1318, 622)
[00:51:28] [DEBUG] [Inventory Scroll] DOWN x250 at (1318, 622)
[00:51:36] [DEBUG] [Inventory Scroll] DOWN x250 at (1318, 622)
[00:51:44] [DEBUG] [Inventory Scroll] DOWN x250 at (1318, 622)
[00:51:54] [DEBUG] [Inventory Scroll] DOWN x250 at (1318, 622)
[00:51:54] [INFO] 
Template:   standard_chest.png [STANDARD REWARD CHEST]
Confidence: 0.9293
Position:   (1750, 910)
Action:     Left Click Open Chest
[00:51:55] [ACTION] Opened chest: standard_chest.png
[00:52:02] [DEBUG] [Inventory Scroll] DOWN x250 at (1318, 622)
[00:52:10] [DEBUG] [Inventory Scroll] UP x1250 at (1318, 622)
[00:52:20] [INFO] 
Template:   limitless_scepter_common.png [Item to Sell]
Confidence: 1.0000
Position:   (1164, 572)
Action:     Alt + Right-Click
[00:52:20] [INFO] Sales Section Capacity: 3/3 slots filled.
[00:52:21] [ACTION] Placed for sale: limitless_scepter_common.png [3/3]
[00:52:22] [INFO] 
Template:   sell_button.png [CONFIRM BATCH SELL]
Confidence: 0.9369
Position:   (1779, 644)
Status:     Sales slots FULL (3/3)
Action:     Left Click Sell Button
[00:52:22] [INFO] Batch sale completed! Reset sales slots to 0.
[00:52:23] [ACTION] Clicked Batch Confirm Sell!
[00:52:30] [DEBUG] [Inventory Scroll] DOWN x250 at (1318, 622)
[00:52:38] [DEBUG] [Inventory Scroll] DOWN x250 at (1318, 622)
[00:52:51] [DEBUG] [Inventory Scroll] DOWN x250 at (1318, 622)
[00:52:59] [DEBUG] [Inventory Scroll] DOWN x250 at (1318, 622)
[00:53:08] [DEBUG] [Inventory Scroll] DOWN x250 at (1318, 622)
[00:53:21] [DEBUG] [Inventory Scroll] UP x1250 at (1318, 622)
[00:53:28] [DEBUG] [Inventory Scroll] DOWN x250 at (1318, 622)
[00:53:36] [DEBUG] [Inventory Scroll] DOWN x250 at (1318, 622)
[00:53:46] [DEBUG] [Inventory Scroll] DOWN x250 at (1318, 622)
[00:53:54] [DEBUG] [Inventory Scroll] DOWN x250 at (1318, 622)
[00:54:02] [DEBUG] [Inventory Scroll] DOWN x250 at (1318, 622)
[00:54:12] [DEBUG] [Inventory Scroll] UP x1250 at (1318, 622)
[00:54:20] [DEBUG] [Inventory Scroll] DOWN x250 at (1318, 622)
[00:54:29] [DEBUG] [Inventory Scroll] DOWN x250 at (1318, 622)
[00:54:39] [DEBUG] [Inventory Scroll] DOWN x250 at (1318, 622)
[00:54:47] [DEBUG] [Inventory Scroll] DOWN x250 at (1318, 622)
[00:54:47] [INFO] 
Template:   boss_chest.png [BOSS REWARD CHEST]
Confidence: 0.9343
Position:   (1750, 911)
Action:     Left Click Open Boss Chest
[00:54:48] [ACTION] Opened chest: boss_chest.png
[00:54:55] [DEBUG] [Inventory Scroll] DOWN x250 at (1318, 622)
[00:55:05] [DEBUG] [Inventory Scroll] UP x1250 at (1318, 622)
[00:55:13] [INFO] 
Template:   sacred_staff_common.png [Item to Sell]
Confidence: 0.9225
Position:   (1165, 572)
Action:     Alt + Right-Click
[00:55:13] [INFO] Sales Section Capacity: 1/3 slots filled.
[00:55:14] [ACTION] Placed for sale: sacred_staff_common.png [1/3]
[00:55:22] [DEBUG] [Inventory Scroll] DOWN x250 at (1318, 622)
[00:55:31] [DEBUG] [Inventory Scroll] DOWN x250 at (1318, 622)
[00:55:40] [DEBUG] [Inventory Scroll] DOWN x250 at (1318, 622)
[00:55:48] [DEBUG] [Inventory Scroll] DOWN x250 at (1318, 622)
[00:55:57] [DEBUG] [Inventory Scroll] DOWN x250 at (1318, 622)
[00:56:06] [DEBUG] [Inventory Scroll] UP x1250 at (1318, 622)
[00:56:06] [INFO] 
Template:   standard_chest.png [STANDARD REWARD CHEST]
Confidence: 0.9298
Position:   (1750, 910)
Action:     Left Click Open Chest
[00:56:07] [ACTION] Opened chest: standard_chest.png
[00:56:14] [INFO] 
Template:   vengeance_sword_common.png [Item to Sell]
Confidence: 1.0000
Position:   (1216, 573)
Action:     Alt + Right-Click
[00:56:14] [INFO] Sales Section Capacity: 2/3 slots filled.
[00:56:15] [ACTION] Placed for sale: vengeance_sword_common.png [2/3]
[00:56:24] [DEBUG] [Inventory Scroll] DOWN x250 at (1318, 622)
[00:56:33] [DEBUG] [Inventory Scroll] DOWN x250 at (1318, 622)
[00:56:41] [DEBUG] [Inventory Scroll] DOWN x250 at (1318, 622)
[00:56:51] [DEBUG] [Inventory Scroll] DOWN x250 at (1318, 622)
[00:56:59] [DEBUG] [Inventory Scroll] DOWN x250 at (1318, 622)
[00:57:07] [DEBUG] [Inventory Scroll] UP x1250 at (1318, 622)
[00:57:16] [DEBUG] [Inventory Scroll] DOWN x250 at (1318, 622)
[00:57:25] [DEBUG] [Inventory Scroll] DOWN x250 at (1318, 622)
[00:57:34] [DEBUG] [Inventory Scroll] DOWN x250 at (1318, 622)
[00:57:44] [DEBUG] [Inventory Scroll] DOWN x250 at (1318, 622)
[00:57:52] [DEBUG] [Inventory Scroll] DOWN x250 at (1318, 622)
[00:58:00] [DEBUG] [Inventory Scroll] UP x1250 at (1318, 622)
[00:58:10] [DEBUG] [Inventory Scroll] DOWN x250 at (1318, 622)
[00:58:18] [DEBUG] [Inventory Scroll] DOWN x250 at (1318, 622)
[00:58:26] [DEBUG] [Inventory Scroll] DOWN x250 at (1318, 622)
[00:58:36] [DEBUG] [Inventory Scroll] DOWN x250 at (1318, 622)
[00:58:44] [DEBUG] [Inventory Scroll] DOWN x250 at (1318, 622)
[00:58:52] [DEBUG] [Inventory Scroll] UP x1250 at (1318, 622)
[00:59:02] [DEBUG] [Inventory Scroll] DOWN x250 at (1318, 622)
[00:59:10] [DEBUG] [Inventory Scroll] DOWN x250 at (1318, 622)
[00:59:19] [DEBUG] [Inventory Scroll] DOWN x250 at (1318, 622)
[00:59:28] [DEBUG] [Inventory Scroll] DOWN x250 at (1318, 622)
[00:59:36] [DEBUG] [Inventory Scroll] DOWN x250 at (1318, 622)
[00:59:45] [DEBUG] [Inventory Scroll] UP x1250 at (1318, 622)
[00:59:55] [DEBUG] [Inventory Scroll] DOWN x250 at (1318, 622)
[01:00:03] [DEBUG] [Inventory Scroll] DOWN x250 at (1318, 622)
[01:00:11] [DEBUG] [Inventory Scroll] DOWN x250 at (1318, 622)
[01:00:12] [INFO] 
Template:   standard_chest.png [STANDARD REWARD CHEST]
Confidence: 0.9180
Position:   (1750, 910)
Action:     Left Click Open Chest
[01:00:13] [ACTION] Opened chest: standard_chest.png
[01:00:21] [DEBUG] [Inventory Scroll] DOWN x250 at (1318, 622)
[01:00:29] [DEBUG] [Inventory Scroll] DOWN x250 at (1318, 622)
[01:00:38] [DEBUG] [Inventory Scroll] UP x1250 at (1318, 622)
[01:00:47] [INFO] 
Template:   shine_gloves_common.png [Item to Sell]
Confidence: 1.0000
Position:   (1265, 571)
Action:     Alt + Right-Click
[01:00:48] [INFO] Sales Section Capacity: 3/3 slots filled.
[01:00:48] [ACTION] Placed for sale: shine_gloves_common.png [3/3]
[01:00:48] [INFO] 
Template:   sell_button.png [CONFIRM BATCH SELL]
Confidence: 0.9369
Position:   (1779, 644)
Status:     Sales slots FULL (3/3)
Action:     Left Click Sell Button
[01:00:49] [INFO] Batch sale completed! Reset sales slots to 0.
[01:00:49] [ACTION] Clicked Batch Confirm Sell!
[01:00:56] [DEBUG] [Inventory Scroll] DOWN x250 at (1318, 622)
[01:01:04] [DEBUG] [Inventory Scroll] DOWN x250 at (1318, 622)
[01:01:14] [DEBUG] [Inventory Scroll] DOWN x250 at (1318, 622)
[01:01:22] [DEBUG] [Inventory Scroll] DOWN x250 at (1318, 622)
[01:01:30] [DEBUG] [Inventory Scroll] DOWN x250 at (1318, 622)
[01:01:40] [DEBUG] [Inventory Scroll] UP x1250 at (1318, 622)
[01:01:48] [DEBUG] [Inventory Scroll] DOWN x250 at (1318, 622)
[01:01:57] [DEBUG] [Inventory Scroll] DOWN x250 at (1318, 622)
[01:02:06] [DEBUG] [Inventory Scroll] DOWN x250 at (1318, 622)
[01:02:15] [DEBUG] [Inventory Scroll] DOWN x250 at (1318, 622)
[01:02:23] [DEBUG] [Inventory Scroll] DOWN x250 at (1318, 622)
[01:02:32] [DEBUG] [Inventory Scroll] UP x1250 at (1318, 622)
[01:02:41] [DEBUG] [Inventory Scroll] DOWN x250 at (1318, 622)
[01:02:49] [DEBUG] [Inventory Scroll] DOWN x250 at (1318, 622)
[01:02:58] [DEBUG] [Inventory Scroll] DOWN x250 at (1318, 622)
[01:03:07] [DEBUG] [Inventory Scroll] DOWN x250 at (1318, 622)
[01:03:15] [DEBUG] [Inventory Scroll] DOWN x250 at (1318, 622)
[01:03:25] [DEBUG] [Inventory Scroll] UP x1250 at (1318, 622)
[01:03:33] [DEBUG] [Inventory Scroll] DOWN x250 at (1318, 622)
[01:03:42] [DEBUG] [Inventory Scroll] DOWN x250 at (1318, 622)
[01:03:51] [DEBUG] [Inventory Scroll] DOWN x250 at (1318, 622)
[01:03:59] [DEBUG] [Inventory Scroll] DOWN x250 at (1318, 622)
[01:04:08] [DEBUG] [Inventory Scroll] DOWN x250 at (1318, 622)
[01:04:18] [DEBUG] [Inventory Scroll] UP x1250 at (1318, 622)
[01:04:19] [INFO] 
Template:   standard_chest.png [STANDARD REWARD CHEST]
Confidence: 0.9340
Position:   (1750, 910)
Action:     Left Click Open Chest
[01:04:21] [ACTION] Opened chest: standard_chest.png
[01:04:25] [INFO] 
Template:   ruby.png [Chest Stash]
Confidence: 1.0000
Position:   (1163, 573)
Action:     Ctrl + Right-Click
[01:04:26] [INFO] Stashed: ruby.png (conf=1.00)
[01:04:35] [DEBUG] [Inventory Scroll] DOWN x250 at (1318, 622)
[01:04:45] [DEBUG] [Inventory Scroll] DOWN x250 at (1318, 622)
[01:04:53] [DEBUG] [Inventory Scroll] DOWN x250 at (1318, 622)
[01:05:01] [DEBUG] [Inventory Scroll] DOWN x250 at (1318, 622)
[01:05:11] [DEBUG] [Inventory Scroll] DOWN x250 at (1318, 622)
[01:05:20] [DEBUG] [Inventory Scroll] UP x1250 at (1318, 622)
[01:05:28] [DEBUG] [Inventory Scroll] DOWN x250 at (1318, 622)
[01:05:38] [DEBUG] [Inventory Scroll] DOWN x250 at (1318, 622)
[01:05:46] [DEBUG] [Inventory Scroll] DOWN x250 at (1318, 622)
[01:05:55] [DEBUG] [Inventory Scroll] DOWN x250 at (1318, 622)
[01:06:04] [DEBUG] [Inventory Scroll] DOWN x250 at (1318, 622)
[01:06:12] [DEBUG] [Inventory Scroll] UP x1250 at (1318, 622)
[01:06:13] [INFO] 
Template:   boss_chest.png [BOSS REWARD CHEST]
Confidence: 0.9350
Position:   (1750, 911)
Action:     Left Click Open Boss Chest
[01:06:14] [ACTION] Opened chest: boss_chest.png
[01:06:21] [INFO] 
Template:   shine_boots_common.png [Item to Sell]
Confidence: 0.9434
Position:   (1164, 572)
Action:     Alt + Right-Click
[01:06:21] [INFO] Sales Section Capacity: 1/3 slots filled.
[01:06:22] [ACTION] Placed for sale: shine_boots_common.png [1/3]
[01:06:31] [DEBUG] [Inventory Scroll] DOWN x250 at (1318, 622)
[01:06:40] [DEBUG] [Inventory Scroll] DOWN x250 at (1318, 622)
[01:06:48] [DEBUG] [Inventory Scroll] DOWN x250 at (1318, 622)
[01:06:57] [DEBUG] [Inventory Scroll] DOWN x250 at (1318, 622)
[01:07:06] [DEBUG] [Inventory Scroll] DOWN x250 at (1318, 622)
[01:07:14] [DEBUG] [Inventory Scroll] UP x1250 at (1318, 622)
[01:07:17] [WARN] [PAUSED] Automation engine paused.
[01:07:55] [INFO] [RESUMED] Automation engine resumed.
[01:07:59] [DEBUG] [Inventory Scroll] DOWN x250 at (1318, 622)
[01:08:00] [INFO] [UI Safeguard] HERO tab CLOSED (conf=1.000) — opening...
[01:08:00] [INFO] 
Template:   hero_tab_closed.png [OPEN HERO TAB]
Confidence: 1.0000
Position:   (1901, 984)
Action:     Left Click UI Restore
[01:08:03] [INFO] [UI Safeguard] Opening STASH panel (conf=1.000)...
[01:08:03] [INFO] 
Template:   stash_tab_icon.png [OPEN STASH TAB]
Confidence: 1.0000
Position:   (1545, 783)
Action:     Left Click UI Restore
[01:08:04] [INFO] [UI Safeguard] Opening CUBE panel (conf=1.000)...
[01:08:04] [INFO] 
Template:   cube_tab_icon.png [OPEN CUBE TAB]
Confidence: 1.0000
Position:   (1762, 783)
Action:     Left Click UI Restore
[01:08:11] [INFO] 
Template:   shine_boots_common.png [Item to Sell]
Confidence: 0.8919
Position:   (1164, 572)
Action:     Alt + Right-Click
[01:08:12] [INFO] Sales Section Capacity: 2/3 slots filled.
[01:08:13] [ACTION] Placed for sale: shine_boots_common.png [2/3]
[01:08:20] [DEBUG] [Inventory Scroll] DOWN x250 at (1318, 622)
[01:08:28] [DEBUG] [Inventory Scroll] DOWN x250 at (1318, 622)
[01:08:29] [INFO] 
Template:   standard_chest.png [STANDARD REWARD CHEST]
Confidence: 0.9281
Position:   (1750, 910)
Action:     Left Click Open Chest
[01:08:29] [ACTION] Opened chest: standard_chest.png
[01:08:39] [DEBUG] [Inventory Scroll] DOWN x250 at (1318, 622)
[01:08:47] [DEBUG] [Inventory Scroll] DOWN x250 at (1318, 622)
[01:08:56] [DEBUG] [Inventory Scroll] UP x1250 at (1318, 622)
[01:09:03] [INFO] 
Template:   healing_herb.png [Chest Stash]
Confidence: 1.0000
Position:   (1215, 572)
Action:     Ctrl + Right-Click
[01:09:04] [INFO] Stashed: healing_herb.png (conf=1.00)
[01:09:13] [DEBUG] [Inventory Scroll] DOWN x250 at (1318, 622)
[01:09:21] [DEBUG] [Inventory Scroll] DOWN x250 at (1318, 622)
[01:09:31] [DEBUG] [Inventory Scroll] DOWN x250 at (1318, 622)
[01:09:40] [DEBUG] [Inventory Scroll] DOWN x250 at (1318, 622)
[01:09:47] [DEBUG] [Inventory Scroll] DOWN x250 at (1318, 622)
[01:09:57] [DEBUG] [Inventory Scroll] UP x1250 at (1318, 622)
[01:10:05] [DEBUG] [Inventory Scroll] DOWN x250 at (1318, 622)
[01:10:13] [DEBUG] [Inventory Scroll] DOWN x250 at (1318, 622)
[01:10:23] [DEBUG] [Inventory Scroll] DOWN x250 at (1318, 622)
[01:10:31] [DEBUG] [Inventory Scroll] DOWN x250 at (1318, 622)
[01:10:39] [DEBUG] [Inventory Scroll] DOWN x250 at (1318, 622)
[01:10:49] [DEBUG] [Inventory Scroll] UP x1250 at (1318, 622)
[01:10:57] [DEBUG] [Inventory Scroll] DOWN x250 at (1318, 622)
[01:11:06] [DEBUG] [Inventory Scroll] DOWN x250 at (1318, 622)
[01:11:16] [DEBUG] [Inventory Scroll] DOWN x250 at (1318, 622)
[01:11:24] [DEBUG] [Inventory Scroll] DOWN x250 at (1318, 622)
[01:11:32] [DEBUG] [Inventory Scroll] DOWN x250 at (1318, 622)
[01:11:42] [DEBUG] [Inventory Scroll] UP x1250 at (1318, 622)
[01:11:51] [DEBUG] [Inventory Scroll] DOWN x250 at (1318, 622)
[01:11:59] [DEBUG] [Inventory Scroll] DOWN x250 at (1318, 622)
[01:12:08] [DEBUG] [Inventory Scroll] DOWN x250 at (1318, 622)
[01:12:16] [DEBUG] [Inventory Scroll] DOWN x250 at (1318, 622)
[01:12:24] [DEBUG] [Inventory Scroll] DOWN x250 at (1318, 622)
[01:12:34] [DEBUG] [Inventory Scroll] UP x1250 at (1318, 622)
[01:12:42] [DEBUG] [Inventory Scroll] DOWN x250 at (1318, 622)
[01:12:50] [DEBUG] [Inventory Scroll] DOWN x250 at (1318, 622)
[01:13:01] [DEBUG] [Inventory Scroll] DOWN x250 at (1318, 622)
[01:13:09] [DEBUG] [Inventory Scroll] DOWN x250 at (1318, 622)
[01:13:17] [DEBUG] [Inventory Scroll] DOWN x250 at (1318, 622)
[01:13:27] [DEBUG] [Inventory Scroll] UP x1250 at (1318, 622)
[01:13:35] [DEBUG] [Inventory Scroll] DOWN x250 at (1318, 622)
[01:13:43] [DEBUG] [Inventory Scroll] DOWN x250 at (1318, 622)
[01:13:44] [INFO] 
Template:   standard_chest.png [STANDARD REWARD CHEST]
Confidence: 0.9216
Position:   (1750, 910)
Action:     Left Click Open Chest
[01:13:45] [ACTION] Opened chest: standard_chest.png
[01:13:54] [DEBUG] [Inventory Scroll] DOWN x250 at (1318, 622)
[01:14:03] [DEBUG] [Inventory Scroll] DOWN x250 at (1318, 622)
[01:14:10] [DEBUG] [Inventory Scroll] DOWN x250 at (1318, 622)
[01:14:20] [DEBUG] [Inventory Scroll] UP x1250 at (1318, 622)
[01:14:28] [INFO] 
Template:   shine_boots_common.png [Item to Sell]
Confidence: 0.8901
Position:   (1214, 572)
Action:     Alt + Right-Click
[01:14:28] [INFO] Sales Section Capacity: 3/3 slots filled.
[01:14:29] [ACTION] Placed for sale: shine_boots_common.png [3/3]
[01:14:29] [INFO] 
Template:   sell_button.png [CONFIRM BATCH SELL]
Confidence: 0.9369
Position:   (1779, 644)
Status:     Sales slots FULL (3/3)
Action:     Left Click Sell Button
[01:14:30] [INFO] Batch sale completed! Reset sales slots to 0.
[01:14:30] [ACTION] Clicked Batch Confirm Sell!
[01:14:36] [DEBUG] [Inventory Scroll] DOWN x250 at (1318, 622)
[01:14:46] [DEBUG] [Inventory Scroll] DOWN x250 at (1318, 622)
[01:14:54] [DEBUG] [Inventory Scroll] DOWN x250 at (1318, 622)
[01:15:02] [DEBUG] [Inventory Scroll] DOWN x250 at (1318, 622)
[01:15:13] [DEBUG] [Inventory Scroll] DOWN x250 at (1318, 622)
[01:15:20] [DEBUG] [Inventory Scroll] UP x1250 at (1318, 622)
[01:15:29] [DEBUG] [Inventory Scroll] DOWN x250 at (1318, 622)
[01:15:38] [DEBUG] [Inventory Scroll] DOWN x250 at (1318, 622)
[01:15:47] [DEBUG] [Inventory Scroll] DOWN x250 at (1318, 622)
[01:15:55] [DEBUG] [Inventory Scroll] DOWN x250 at (1318, 622)
[01:16:04] [DEBUG] [Inventory Scroll] DOWN x250 at (1318, 622)
[01:16:13] [DEBUG] [Inventory Scroll] UP x1250 at (1318, 622)
[01:16:21] [DEBUG] [Inventory Scroll] DOWN x250 at (1318, 622)
[01:16:31] [DEBUG] [Inventory Scroll] DOWN x250 at (1318, 622)
[01:16:39] [DEBUG] [Inventory Scroll] DOWN x250 at (1318, 622)
[01:16:47] [DEBUG] [Inventory Scroll] DOWN x250 at (1318, 622)
[01:16:56] [DEBUG] [Inventory Scroll] DOWN x250 at (1318, 622)
[01:17:04] [DEBUG] [Inventory Scroll] UP x1250 at (1318, 622)
[01:17:13] [DEBUG] [Inventory Scroll] DOWN x250 at (1318, 622)
[01:17:23] [DEBUG] [Inventory Scroll] DOWN x250 at (1318, 622)
[01:17:31] [DEBUG] [Inventory Scroll] DOWN x250 at (1318, 622)
[01:17:39] [DEBUG] [Inventory Scroll] DOWN x250 at (1318, 622)
[01:17:49] [DEBUG] [Inventory Scroll] DOWN x250 at (1318, 622)
[01:17:49] [INFO] 
Template:   standard_chest.png [STANDARD REWARD CHEST]
Confidence: 0.9243
Position:   (1750, 910)
Action:     Left Click Open Chest
[01:17:50] [ACTION] Opened chest: standard_chest.png
[01:17:57] [DEBUG] [Inventory Scroll] UP x1250 at (1318, 622)
[01:18:04] [INFO] 
Template:   fighter_helmet_common.png [Item to Sell]
Confidence: 0.9672
Position:   (1165, 572)
Action:     Alt + Right-Click
[01:18:05] [INFO] Sales Section Capacity: 1/3 slots filled.
[01:18:06] [ACTION] Placed for sale: fighter_helmet_common.png [1/3]
[01:18:15] [DEBUG] [Inventory Scroll] DOWN x250 at (1318, 622)
[01:18:23] [DEBUG] [Inventory Scroll] DOWN x250 at (1318, 622)
[01:18:31] [DEBUG] [Inventory Scroll] DOWN x250 at (1318, 622)
[01:18:41] [DEBUG] [Inventory Scroll] DOWN x250 at (1318, 622)
[01:18:49] [DEBUG] [Inventory Scroll] DOWN x250 at (1318, 622)
[01:18:58] [DEBUG] [Inventory Scroll] UP x1250 at (1318, 622)
[01:19:07] [DEBUG] [Inventory Scroll] DOWN x250 at (1318, 622)
[01:19:16] [DEBUG] [Inventory Scroll] DOWN x250 at (1318, 622)
[01:19:24] [DEBUG] [Inventory Scroll] DOWN x250 at (1318, 622)
[01:19:34] [DEBUG] [Inventory Scroll] DOWN x250 at (1318, 622)
[01:19:42] [DEBUG] [Inventory Scroll] DOWN x250 at (1318, 622)
[01:19:51] [DEBUG] [Inventory Scroll] UP x1250 at (1318, 622)
[01:20:00] [DEBUG] [Inventory Scroll] DOWN x250 at (1318, 622)
[01:20:08] [DEBUG] [Inventory Scroll] DOWN x250 at (1318, 622)
[01:20:17] [DEBUG] [Inventory Scroll] DOWN x250 at (1318, 622)
[01:20:26] [DEBUG] [Inventory Scroll] DOWN x250 at (1318, 622)
[01:20:34] [DEBUG] [Inventory Scroll] DOWN x250 at (1318, 622)
[01:20:43] [DEBUG] [Inventory Scroll] UP x1250 at (1318, 622)
[01:20:52] [DEBUG] [Inventory Scroll] DOWN x250 at (1318, 622)
[01:21:01] [DEBUG] [Inventory Scroll] DOWN x250 at (1318, 622)
[01:21:09] [DEBUG] [Inventory Scroll] DOWN x250 at (1318, 622)
[01:21:18] [DEBUG] [Inventory Scroll] DOWN x250 at (1318, 622)
[01:21:26] [DEBUG] [Inventory Scroll] DOWN x250 at (1318, 622)
[01:21:35] [DEBUG] [Inventory Scroll] UP x1250 at (1318, 622)
[01:21:45] [DEBUG] [Inventory Scroll] DOWN x250 at (1318, 622)
[01:21:53] [DEBUG] [Inventory Scroll] DOWN x250 at (1318, 622)
[01:22:02] [DEBUG] [Inventory Scroll] DOWN x250 at (1318, 622)
[01:22:11] [DEBUG] [Inventory Scroll] DOWN x250 at (1318, 622)
[01:22:19] [DEBUG] [Inventory Scroll] DOWN x250 at (1318, 622)
[01:22:28] [DEBUG] [Inventory Scroll] UP x1250 at (1318, 622)
[01:22:37] [DEBUG] [Inventory Scroll] DOWN x250 at (1318, 622)
[01:22:45] [DEBUG] [Inventory Scroll] DOWN x250 at (1318, 622)
[01:22:54] [DEBUG] [Inventory Scroll] DOWN x250 at (1318, 622)
[01:23:03] [DEBUG] [Inventory Scroll] DOWN x250 at (1318, 622)
[01:23:04] [INFO] 
Template:   standard_chest.png [STANDARD REWARD CHEST]
Confidence: 0.9186
Position:   (1750, 910)
Action:     Left Click Open Chest
[01:23:06] [ACTION] Opened chest: standard_chest.png
[01:23:12] [DEBUG] [Inventory Scroll] DOWN x250 at (1318, 622)
[01:23:20] [DEBUG] [Inventory Scroll] UP x1250 at (1318, 622)
[01:23:27] [INFO] 
Template:   jade_stone.png [Chest Stash]
Confidence: 0.8873
Position:   (1214, 572)
Action:     Ctrl + Right-Click
[01:23:28] [INFO] Stashed: jade_stone.png (conf=0.89)
[01:23:37] [DEBUG] [Inventory Scroll] DOWN x250 at (1318, 622)
[01:23:46] [DEBUG] [Inventory Scroll] DOWN x250 at (1318, 622)
[01:23:56] [DEBUG] [Inventory Scroll] DOWN x250 at (1318, 622)
[01:24:03] [DEBUG] [Inventory Scroll] DOWN x250 at (1318, 622)
[01:24:12] [DEBUG] [Inventory Scroll] DOWN x250 at (1318, 622)
[01:24:22] [DEBUG] [Inventory Scroll] UP x1250 at (1318, 622)
[01:24:30] [DEBUG] [Inventory Scroll] DOWN x250 at (1318, 622)
[01:24:38] [DEBUG] [Inventory Scroll] DOWN x250 at (1318, 622)
[01:24:47] [DEBUG] [Inventory Scroll] DOWN x250 at (1318, 622)
[01:24:56] [DEBUG] [Inventory Scroll] DOWN x250 at (1318, 622)
[01:25:04] [DEBUG] [Inventory Scroll] DOWN x250 at (1318, 622)
[01:25:14] [DEBUG] [Inventory Scroll] UP x1250 at (1318, 622)
[01:25:23] [DEBUG] [Inventory Scroll] DOWN x250 at (1318, 622)
[01:25:30] [DEBUG] [Inventory Scroll] DOWN x250 at (1318, 622)
[01:25:40] [DEBUG] [Inventory Scroll] DOWN x250 at (1318, 622)
[01:25:48] [DEBUG] [Inventory Scroll] DOWN x250 at (1318, 622)
[01:25:56] [DEBUG] [Inventory Scroll] DOWN x250 at (1318, 622)
[01:26:06] [DEBUG] [Inventory Scroll] UP x1250 at (1318, 622)
[01:26:14] [DEBUG] [Inventory Scroll] DOWN x250 at (1318, 622)
[01:26:23] [DEBUG] [Inventory Scroll] DOWN x250 at (1318, 622)
[01:26:33] [DEBUG] [Inventory Scroll] DOWN x250 at (1318, 622)
[01:26:41] [DEBUG] [Inventory Scroll] DOWN x250 at (1318, 622)
[01:26:49] [DEBUG] [Inventory Scroll] DOWN x250 at (1318, 622)
[01:26:58] [DEBUG] [Inventory Scroll] UP x1250 at (1318, 622)
[01:27:07] [DEBUG] [Inventory Scroll] DOWN x250 at (1318, 622)
[01:27:07] [INFO] 
Template:   standard_chest.png [STANDARD REWARD CHEST]
Confidence: 0.9182
Position:   (1750, 910)
Action:     Left Click Open Chest
[01:27:08] [ACTION] Opened chest: standard_chest.png
[01:27:16] [DEBUG] [Inventory Scroll] DOWN x250 at (1318, 622)
[01:27:25] [DEBUG] [Inventory Scroll] DOWN x250 at (1318, 622)
[01:27:34] [DEBUG] [Inventory Scroll] DOWN x250 at (1318, 622)
[01:27:41] [DEBUG] [Inventory Scroll] DOWN x250 at (1318, 622)
[01:27:51] [DEBUG] [Inventory Scroll] UP x1250 at (1318, 622)
[01:27:57] [INFO] 
Template:   bronze_ingot.png [Chest Stash]
Confidence: 0.9015
Position:   (1214, 572)
Action:     Ctrl + Right-Click
[01:27:58] [INFO] Stashed: bronze_ingot.png (conf=0.90)
[01:28:07] [DEBUG] [Inventory Scroll] DOWN x250 at (1318, 622)
[01:28:17] [DEBUG] [Inventory Scroll] DOWN x250 at (1318, 622)
[01:28:25] [DEBUG] [Inventory Scroll] DOWN x250 at (1318, 622)
[01:28:33] [DEBUG] [Inventory Scroll] DOWN x250 at (1318, 622)
[01:28:44] [DEBUG] [Inventory Scroll] DOWN x250 at (1318, 622)
[01:28:52] [DEBUG] [Inventory Scroll] UP x1250 at (1318, 622)
[01:29:00] [DEBUG] [Inventory Scroll] DOWN x250 at (1318, 622)
[01:29:10] [DEBUG] [Inventory Scroll] DOWN x250 at (1318, 622)
[01:29:18] [DEBUG] [Inventory Scroll] DOWN x250 at (1318, 622)
[01:29:26] [DEBUG] [Inventory Scroll] DOWN x250 at (1318, 622)
[01:29:36] [DEBUG] [Inventory Scroll] DOWN x250 at (1318, 622)
[01:29:44] [DEBUG] [Inventory Scroll] UP x1250 at (1318, 622)
[01:29:52] [DEBUG] [Inventory Scroll] DOWN x250 at (1318, 622)
[01:29:53] [INFO] 
Template:   boss_chest.png [BOSS REWARD CHEST]
Confidence: 0.9345
Position:   (1750, 911)
Action:     Left Click Open Boss Chest
[01:29:54] [ACTION] Opened chest: boss_chest.png
[01:30:02] [DEBUG] [Inventory Scroll] DOWN x250 at (1318, 622)
[01:30:10] [DEBUG] [Inventory Scroll] DOWN x250 at (1318, 622)
[01:30:19] [DEBUG] [Inventory Scroll] DOWN x250 at (1318, 622)
[01:30:28] [DEBUG] [Inventory Scroll] DOWN x250 at (1318, 622)
[01:30:36] [DEBUG] [Inventory Scroll] UP x1250 at (1318, 622)
[01:30:43] [INFO] 
Template:   skull.png [Chest Stash]
Confidence: 1.0000
Position:   (1214, 571)
Action:     Ctrl + Right-Click
[01:30:45] [INFO] Stashed: skull.png (conf=1.00)
[01:30:54] [DEBUG] [Inventory Scroll] DOWN x250 at (1318, 622)
[01:31:03] [DEBUG] [Inventory Scroll] DOWN x250 at (1318, 622)
[01:31:11] [DEBUG] [Inventory Scroll] DOWN x250 at (1318, 622)
[01:31:20] [DEBUG] [Inventory Scroll] DOWN x250 at (1318, 622)
[01:31:28] [DEBUG] [Inventory Scroll] DOWN x250 at (1318, 622)
[01:31:29] [INFO] 
Template:   standard_chest.png [STANDARD REWARD CHEST]
Confidence: 0.9384
Position:   (1750, 910)
Action:     Left Click Open Chest
[01:31:30] [ACTION] Opened chest: standard_chest.png
[01:31:37] [DEBUG] [Inventory Scroll] UP x1250 at (1318, 622)
[01:31:46] [DEBUG] [Inventory Scroll] DOWN x250 at (1318, 622)
[01:31:55] [DEBUG] [Inventory Scroll] DOWN x250 at (1318, 622)
[01:32:03] [DEBUG] [Inventory Scroll] DOWN x250 at (1318, 622)
[01:32:13] [DEBUG] [Inventory Scroll] DOWN x250 at (1318, 622)
[01:32:21] [DEBUG] [Inventory Scroll] DOWN x250 at (1318, 622)
[01:32:29] [DEBUG] [Inventory Scroll] UP x1250 at (1318, 622)
[01:32:38] [DEBUG] [Inventory Scroll] DOWN x250 at (1318, 622)
[01:32:47] [DEBUG] [Inventory Scroll] DOWN x250 at (1318, 622)
[01:32:55] [DEBUG] [Inventory Scroll] DOWN x250 at (1318, 622)
[01:33:05] [DEBUG] [Inventory Scroll] DOWN x250 at (1318, 622)
[01:33:13] [DEBUG] [Inventory Scroll] DOWN x250 at (1318, 622)
[01:33:22] [DEBUG] [Inventory Scroll] UP x1250 at (1318, 622)
[01:33:31] [DEBUG] [Inventory Scroll] DOWN x250 at (1318, 622)
[01:33:39] [DEBUG] [Inventory Scroll] DOWN x250 at (1318, 622)
[01:33:49] [DEBUG] [Inventory Scroll] DOWN x250 at (1318, 622)
[01:33:58] [DEBUG] [Inventory Scroll] DOWN x250 at (1318, 622)
[01:34:07] [DEBUG] [Inventory Scroll] DOWN x250 at (1318, 622)
[01:34:15] [DEBUG] [Inventory Scroll] UP x1250 at (1318, 622)
[01:34:24] [DEBUG] [Inventory Scroll] DOWN x250 at (1318, 622)
[01:34:32] [DEBUG] [Inventory Scroll] DOWN x250 at (1318, 622)
[01:34:41] [DEBUG] [Inventory Scroll] DOWN x250 at (1318, 622)
[01:34:50] [DEBUG] [Inventory Scroll] DOWN x250 at (1318, 622)
[01:34:59] [DEBUG] [Inventory Scroll] DOWN x250 at (1318, 622)
[01:35:07] [DEBUG] [Inventory Scroll] UP x1250 at (1318, 622)
[01:35:17] [DEBUG] [Inventory Scroll] DOWN x250 at (1318, 622)
[01:35:25] [DEBUG] [Inventory Scroll] DOWN x250 at (1318, 622)
[01:35:33] [DEBUG] [Inventory Scroll] DOWN x250 at (1318, 622)
[01:35:43] [DEBUG] [Inventory Scroll] DOWN x250 at (1318, 622)
[01:35:51] [DEBUG] [Inventory Scroll] DOWN x250 at (1318, 622)
[01:36:00] [DEBUG] [Inventory Scroll] UP x1250 at (1318, 622)
[01:36:00] [INFO] 
Template:   standard_chest.png [STANDARD REWARD CHEST]
Confidence: 0.9397
Position:   (1750, 910)
Action:     Left Click Open Chest
[01:36:02] [ACTION] Opened chest: standard_chest.png
[01:36:10] [INFO] 
Template:   shine_armor_common.png [Item to Sell]
Confidence: 0.9132
Position:   (1264, 572)
Action:     Alt + Right-Click
[01:36:10] [INFO] Sales Section Capacity: 2/3 slots filled.
[01:36:11] [ACTION] Placed for sale: shine_armor_common.png [2/3]
[01:36:19] [DEBUG] [Inventory Scroll] DOWN x250 at (1318, 622)
[01:36:26] [DEBUG] [Inventory Scroll] DOWN x250 at (1318, 622)
[01:36:36] [DEBUG] [Inventory Scroll] DOWN x250 at (1318, 622)
[01:36:44] [DEBUG] [Inventory Scroll] DOWN x250 at (1318, 622)
[01:36:52] [DEBUG] [Inventory Scroll] DOWN x250 at (1318, 622)
[01:37:02] [DEBUG] [Inventory Scroll] UP x1250 at (1318, 622)
[01:37:10] [DEBUG] [Inventory Scroll] DOWN x250 at (1318, 622)
[01:37:18] [DEBUG] [Inventory Scroll] DOWN x250 at (1318, 622)
[01:37:28] [DEBUG] [Inventory Scroll] DOWN x250 at (1318, 622)
[01:37:36] [DEBUG] [Inventory Scroll] DOWN x250 at (1318, 622)
[01:37:45] [DEBUG] [Inventory Scroll] DOWN x250 at (1318, 622)
[01:37:54] [DEBUG] [Inventory Scroll] UP x1250 at (1318, 622)
[01:38:02] [DEBUG] [Inventory Scroll] DOWN x250 at (1318, 622)
[01:38:11] [DEBUG] [Inventory Scroll] DOWN x250 at (1318, 622)
[01:38:21] [DEBUG] [Inventory Scroll] DOWN x250 at (1318, 622)
[01:38:29] [DEBUG] [Inventory Scroll] DOWN x250 at (1318, 622)
[01:38:37] [DEBUG] [Inventory Scroll] DOWN x250 at (1318, 622)
[01:38:47] [DEBUG] [Inventory Scroll] UP x1250 at (1318, 622)
[01:38:55] [DEBUG] [Inventory Scroll] DOWN x250 at (1318, 622)
[01:39:03] [DEBUG] [Inventory Scroll] DOWN x250 at (1318, 622)
[01:39:12] [DEBUG] [Inventory Scroll] DOWN x250 at (1318, 622)
[01:39:21] [DEBUG] [Inventory Scroll] DOWN x250 at (1318, 622)
[01:39:29] [DEBUG] [Inventory Scroll] DOWN x250 at (1318, 622)
[01:39:39] [DEBUG] [Inventory Scroll] UP x1250 at (1318, 622)
[01:39:47] [DEBUG] [Inventory Scroll] DOWN x250 at (1318, 622)
[01:39:55] [DEBUG] [Inventory Scroll] DOWN x250 at (1318, 622)
[01:40:05] [DEBUG] [Inventory Scroll] DOWN x250 at (1318, 622)
[01:40:06] [INFO] 
Template:   standard_chest.png [STANDARD REWARD CHEST]
Confidence: 0.9262
Position:   (1750, 910)
Action:     Left Click Open Chest
[01:40:07] [ACTION] Opened chest: standard_chest.png
[01:40:13] [DEBUG] [Inventory Scroll] DOWN x250 at (1318, 622)
[01:40:22] [DEBUG] [Inventory Scroll] DOWN x250 at (1318, 622)
[01:40:31] [DEBUG] [Inventory Scroll] UP x1250 at (1318, 622)
[01:40:39] [INFO] 
Template:   limitless_scepter_common.png [Item to Sell]
Confidence: 0.8963
Position:   (1314, 572)
Action:     Alt + Right-Click
[01:40:40] [INFO] Sales Section Capacity: 3/3 slots filled.
[01:40:40] [ACTION] Placed for sale: limitless_scepter_common.png [3/3]
[01:40:40] [INFO] 
Template:   sell_button.png [CONFIRM BATCH SELL]
Confidence: 0.9369
Position:   (1779, 644)
Status:     Sales slots FULL (3/3)
Action:     Left Click Sell Button
[01:40:41] [INFO] Batch sale completed! Reset sales slots to 0.
[01:40:42] [ACTION] Clicked Batch Confirm Sell!
[01:40:48] [DEBUG] [Inventory Scroll] DOWN x250 at (1318, 622)
[01:40:50] [WARN] [PAUSED] Automation engine paused.
[01:40:51] [SYSTEM] [+] QUICK HOVER CAPTURE: capturing at current cursor position...
[01:40:51] [INFO] [Capture] Detected yellow slot frame (42x37px). Trimmed outer border -> Inner item crop: 38x33px.
[01:41:24] [INFO] [✓] Saved item template: templates/stash_items/item_20260818_014115.png
[01:41:24] [INFO] Loading template assets...
[01:41:24] [INFO] Successfully cached 497 templates in memory.
[01:41:24] [INFO] Reloaded 497 template assets into memory cache.
[01:46:44] [INFO] [✓] Saved item template: templates/sell_items/item_20260818_014638.png
[01:46:44] [INFO] Loading template assets...
[01:46:44] [INFO] Successfully cached 498 templates in memory.
[01:46:44] [INFO] Reloaded 498 template assets into memory cache.
[01:47:51] [INFO] Configuration updated via Settings dialog.
[01:48:24] [INFO] [RESUMED] Automation engine resumed.
[01:48:27] [INFO] 
Template:   item_20260818_014638.png [Item to Sell]
Confidence: 0.9331
Position:   (1165, 572)
Action:     Alt + Right-Click
[01:48:27] [INFO] Sales Section Capacity: 1/3 slots filled.
[01:48:29] [ACTION] Placed for sale: item_20260818_014638.png [1/3]
[01:48:37] [DEBUG] [Inventory Scroll] DOWN x250 at (1318, 622)
[01:48:45] [DEBUG] [Inventory Scroll] DOWN x250 at (1318, 622)
[01:48:54] [DEBUG] [Inventory Scroll] DOWN x250 at (1318, 622)
[01:48:58] [INFO] [UI Safeguard] Opening STASH panel (conf=1.000)...
[01:48:58] [INFO] 
Template:   stash_tab_icon.png [OPEN STASH TAB]
Confidence: 1.0000
Position:   (1169, 783)
Action:     Left Click UI Restore
[01:48:59] [INFO] [UI Safeguard] Opening CUBE panel (conf=1.000)...
[01:48:59] [INFO] 
Template:   cube_tab_icon.png [OPEN CUBE TAB]
Confidence: 1.0000
Position:   (1386, 783)
Action:     Left Click UI Restore
[01:49:07] [DEBUG] [Inventory Scroll] DOWN x250 at (1318, 622)
[01:49:15] [DEBUG] [Inventory Scroll] UP x1250 at (1318, 622)
[01:49:23] [INFO] 
Template:   item_20260818_014638.png [Item to Sell]
Confidence: 0.9331
Position:   (1165, 572)
Action:     Alt + Right-Click
[01:49:23] [INFO] Sales Section Capacity: 2/3 slots filled.
[01:49:24] [ACTION] Placed for sale: item_20260818_014638.png [2/3]
[01:49:33] [INFO] 
Template:   item_20260818_014638.png [Item to Sell]
Confidence: 0.9331
Position:   (1165, 572)
Action:     Alt + Right-Click
[01:49:33] [INFO] Sales Section Capacity: 3/3 slots filled.
[01:49:34] [ACTION] Placed for sale: item_20260818_014638.png [3/3]
[01:49:42] [DEBUG] [Inventory Scroll] DOWN x250 at (1318, 622)
[01:49:49] [INFO] 
Template:   item_20260818_014638.png [Item to Sell]
Confidence: 0.9331
Position:   (1165, 572)
Action:     Alt + Right-Click
[01:49:50] [INFO] Sales Section Capacity: 3/3 slots filled.
[01:49:50] [ACTION] Placed for sale: item_20260818_014638.png [3/3]
[01:49:51] [INFO] 
Template:   sell_button.png [CONFIRM BATCH SELL]
Confidence: 0.9369
Position:   (1779, 644)
Status:     Sales slots FULL (3/3)
Action:     Left Click Sell Button
[01:49:51] [INFO] Batch sale completed! Reset sales slots to 0.
[01:49:52] [ACTION] Clicked Batch Confirm Sell!
[01:50:01] [DEBUG] [Inventory Scroll] DOWN x250 at (1318, 622)
[01:50:09] [DEBUG] [Inventory Scroll] DOWN x250 at (1318, 622)
[01:50:18] [DEBUG] [Inventory Scroll] DOWN x250 at (1318, 622)
[01:50:27] [DEBUG] [Inventory Scroll] DOWN x250 at (1318, 622)
[01:50:36] [DEBUG] [Inventory Scroll] UP x1250 at (1318, 622)
[01:50:44] [DEBUG] [Inventory Scroll] DOWN x250 at (1318, 622)
[01:50:53] [DEBUG] [Inventory Scroll] DOWN x250 at (1318, 622)
[01:51:01] [DEBUG] [Inventory Scroll] DOWN x250 at (1318, 622)
[01:51:09] [DEBUG] [Inventory Scroll] DOWN x250 at (1318, 622)
[01:51:19] [DEBUG] [Inventory Scroll] DOWN x250 at (1318, 622)
[01:51:27] [DEBUG] [Inventory Scroll] UP x1250 at (1318, 622)
[01:51:35] [DEBUG] [Inventory Scroll] DOWN x250 at (1318, 622)
[01:51:45] [DEBUG] [Inventory Scroll] DOWN x250 at (1318, 622)
[01:51:53] [DEBUG] [Inventory Scroll] DOWN x250 at (1318, 622)
[01:52:01] [DEBUG] [Inventory Scroll] DOWN x250 at (1318, 622)
[01:52:11] [DEBUG] [Inventory Scroll] DOWN x250 at (1318, 622)
[01:52:19] [DEBUG] [Inventory Scroll] UP x1250 at (1318, 622)
[01:52:28] [DEBUG] [Inventory Scroll] DOWN x250 at (1318, 622)
[01:52:37] [DEBUG] [Inventory Scroll] DOWN x250 at (1318, 622)
[01:52:46] [DEBUG] [Inventory Scroll] DOWN x250 at (1318, 622)
[01:52:54] [DEBUG] [Inventory Scroll] DOWN x250 at (1318, 622)
[01:53:03] [DEBUG] [Inventory Scroll] DOWN x250 at (1318, 622)
[01:53:11] [DEBUG] [Inventory Scroll] UP x1250 at (1318, 622)
[01:53:20] [DEBUG] [Inventory Scroll] DOWN x250 at (1318, 622)
[01:53:29] [DEBUG] [Inventory Scroll] DOWN x250 at (1318, 622)
[01:53:37] [DEBUG] [Inventory Scroll] DOWN x250 at (1318, 622)
[01:53:45] [DEBUG] [Inventory Scroll] DOWN x250 at (1318, 622)
[01:53:55] [DEBUG] [Inventory Scroll] DOWN x250 at (1318, 622)
[01:53:56] [INFO] 
Template:   standard_chest.png [STANDARD REWARD CHEST]
Confidence: 0.9338
Position:   (1750, 910)
Action:     Left Click Open Chest
[01:53:58] [ACTION] Opened chest: standard_chest.png
[01:54:03] [DEBUG] [Inventory Scroll] UP x1250 at (1318, 622)
[01:54:11] [INFO] 
Template:   vengeance_sword_common.png [Item to Sell]
Confidence: 0.9206
Position:   (1166, 573)
Action:     Alt + Right-Click
[01:54:12] [INFO] Sales Section Capacity: 1/3 slots filled.
[01:54:12] [ACTION] Placed for sale: vengeance_sword_common.png [1/3]
[01:54:21] [DEBUG] [Inventory Scroll] DOWN x250 at (1318, 622)
[01:54:29] [DEBUG] [Inventory Scroll] DOWN x250 at (1318, 622)
[01:54:38] [DEBUG] [Inventory Scroll] DOWN x250 at (1318, 622)
[01:54:48] [DEBUG] [Inventory Scroll] DOWN x250 at (1318, 622)
[01:54:56] [DEBUG] [Inventory Scroll] DOWN x250 at (1318, 622)
[01:55:04] [DEBUG] [Inventory Scroll] UP x1250 at (1318, 622)
[01:55:13] [DEBUG] [Inventory Scroll] DOWN x250 at (1318, 622)
[01:55:22] [DEBUG] [Inventory Scroll] DOWN x250 at (1318, 622)
[01:55:30] [DEBUG] [Inventory Scroll] DOWN x250 at (1318, 622)
[01:55:40] [DEBUG] [Inventory Scroll] DOWN x250 at (1318, 622)
[01:55:48] [DEBUG] [Inventory Scroll] DOWN x250 at (1318, 622)
[01:55:56] [DEBUG] [Inventory Scroll] UP x1250 at (1318, 622)
[01:56:06] [DEBUG] [Inventory Scroll] DOWN x250 at (1318, 622)
[01:56:14] [DEBUG] [Inventory Scroll] DOWN x250 at (1318, 622)
[01:56:22] [DEBUG] [Inventory Scroll] DOWN x250 at (1318, 622)
[01:56:32] [DEBUG] [Inventory Scroll] DOWN x250 at (1318, 622)
[01:56:40] [DEBUG] [Inventory Scroll] DOWN x250 at (1318, 622)
[01:56:49] [DEBUG] [Inventory Scroll] UP x1250 at (1318, 622)
[01:56:58] [DEBUG] [Inventory Scroll] DOWN x250 at (1318, 622)
[01:57:07] [DEBUG] [Inventory Scroll] DOWN x250 at (1318, 622)
[01:57:15] [DEBUG] [Inventory Scroll] DOWN x250 at (1318, 622)
[01:57:24] [DEBUG] [Inventory Scroll] DOWN x250 at (1318, 622)
[01:57:33] [DEBUG] [Inventory Scroll] DOWN x250 at (1318, 622)
[01:57:41] [DEBUG] [Inventory Scroll] UP x1250 at (1318, 622)
[01:57:50] [DEBUG] [Inventory Scroll] DOWN x250 at (1318, 622)
[01:57:59] [DEBUG] [Inventory Scroll] DOWN x250 at (1318, 622)
[01:58:07] [DEBUG] [Inventory Scroll] DOWN x250 at (1318, 622)
[01:58:16] [DEBUG] [Inventory Scroll] DOWN x250 at (1318, 622)
[01:58:24] [DEBUG] [Inventory Scroll] DOWN x250 at (1318, 622)
[01:58:33] [DEBUG] [Inventory Scroll] UP x1250 at (1318, 622)
[01:58:42] [DEBUG] [Inventory Scroll] DOWN x250 at (1318, 622)
[01:58:50] [DEBUG] [Inventory Scroll] DOWN x250 at (1318, 622)
[01:58:59] [DEBUG] [Inventory Scroll] DOWN x250 at (1318, 622)
[01:59:09] [DEBUG] [Inventory Scroll] DOWN x250 at (1318, 622)
[01:59:17] [DEBUG] [Inventory Scroll] DOWN x250 at (1318, 622)
[01:59:18] [INFO] 
Template:   standard_chest.png [STANDARD REWARD CHEST]
Confidence: 0.9314
Position:   (1750, 910)
Action:     Left Click Open Chest
[01:59:19] [ACTION] Opened chest: standard_chest.png
[01:59:25] [DEBUG] [Inventory Scroll] UP x1250 at (1318, 622)
[01:59:34] [INFO] 
Template:   sacred_staff_common.png [Item to Sell]
Confidence: 0.9457
Position:   (1215, 572)
Action:     Alt + Right-Click
[01:59:35] [INFO] Sales Section Capacity: 2/3 slots filled.
[01:59:35] [ACTION] Placed for sale: sacred_staff_common.png [2/3]
[01:59:43] [DEBUG] [Inventory Scroll] DOWN x250 at (1318, 622)
[01:59:51] [DEBUG] [Inventory Scroll] DOWN x250 at (1318, 622)
[02:00:01] [DEBUG] [Inventory Scroll] DOWN x250 at (1318, 622)
[02:00:09] [DEBUG] [Inventory Scroll] DOWN x250 at (1318, 622)
[02:00:17] [DEBUG] [Inventory Scroll] DOWN x250 at (1318, 622)
[02:00:27] [DEBUG] [Inventory Scroll] UP x1250 at (1318, 622)
[02:00:35] [DEBUG] [Inventory Scroll] DOWN x250 at (1318, 622)
[02:00:43] [DEBUG] [Inventory Scroll] DOWN x250 at (1318, 622)
[02:00:52] [DEBUG] [Inventory Scroll] DOWN x250 at (1318, 622)
[02:01:01] [DEBUG] [Inventory Scroll] DOWN x250 at (1318, 622)
[02:01:09] [DEBUG] [Inventory Scroll] DOWN x250 at (1318, 622)
[02:01:19] [DEBUG] [Inventory Scroll] UP x1250 at (1318, 622)
[02:01:27] [DEBUG] [Inventory Scroll] DOWN x250 at (1318, 622)
[02:01:36] [DEBUG] [Inventory Scroll] DOWN x250 at (1318, 622)
[02:01:45] [DEBUG] [Inventory Scroll] DOWN x250 at (1318, 622)
[02:01:53] [DEBUG] [Inventory Scroll] DOWN x250 at (1318, 622)
[02:02:02] [DEBUG] [Inventory Scroll] DOWN x250 at (1318, 622)
[02:02:11] [DEBUG] [Inventory Scroll] UP x1250 at (1318, 622)
[02:02:20] [DEBUG] [Inventory Scroll] DOWN x250 at (1318, 622)
[02:02:27] [DEBUG] [Inventory Scroll] DOWN x250 at (1318, 622)
[02:02:37] [DEBUG] [Inventory Scroll] DOWN x250 at (1318, 622)
[02:02:45] [DEBUG] [Inventory Scroll] DOWN x250 at (1318, 622)
[02:02:53] [DEBUG] [Inventory Scroll] DOWN x250 at (1318, 622)
[02:03:03] [DEBUG] [Inventory Scroll] UP x1250 at (1318, 622)
[02:03:11] [DEBUG] [Inventory Scroll] DOWN x250 at (1318, 622)
[02:03:19] [DEBUG] [Inventory Scroll] DOWN x250 at (1318, 622)
[02:03:29] [DEBUG] [Inventory Scroll] DOWN x250 at (1318, 622)
[02:03:30] [INFO] 
Template:   standard_chest.png [STANDARD REWARD CHEST]
Confidence: 0.9420
Position:   (1750, 910)
Action:     Left Click Open Chest
[02:03:31] [ACTION] Opened chest: standard_chest.png
[02:03:37] [DEBUG] [Inventory Scroll] DOWN x250 at (1318, 622)
[02:03:46] [DEBUG] [Inventory Scroll] DOWN x250 at (1318, 622)
[02:03:55] [DEBUG] [Inventory Scroll] UP x1250 at (1318, 622)
[02:04:03] [INFO] 
Template:   item_20260818_014638.png [Item to Sell]
Confidence: 0.9040
Position:   (1265, 572)
Action:     Alt + Right-Click
[02:04:03] [INFO] Sales Section Capacity: 3/3 slots filled.
[02:04:04] [ACTION] Placed for sale: item_20260818_014638.png [3/3]
[02:04:05] [INFO] 
Template:   sell_button.png [CONFIRM BATCH SELL]
Confidence: 0.9369
Position:   (1779, 644)
Status:     Sales slots FULL (3/3)
Action:     Left Click Sell Button
[02:04:05] [INFO] Batch sale completed! Reset sales slots to 0.
[02:04:06] [ACTION] Clicked Batch Confirm Sell!
[02:04:12] [DEBUG] [Inventory Scroll] DOWN x250 at (1318, 622)
[02:04:21] [DEBUG] [Inventory Scroll] DOWN x250 at (1318, 622)
[02:04:30] [DEBUG] [Inventory Scroll] DOWN x250 at (1318, 622)
[02:04:38] [DEBUG] [Inventory Scroll] DOWN x250 at (1318, 622)
[02:04:48] [DEBUG] [Inventory Scroll] DOWN x250 at (1318, 622)
[02:04:55] [DEBUG] [Inventory Scroll] UP x1250 at (1318, 622)
[02:05:04] [DEBUG] [Inventory Scroll] DOWN x250 at (1318, 622)
[02:05:13] [DEBUG] [Inventory Scroll] DOWN x250 at (1318, 622)
[02:05:21] [DEBUG] [Inventory Scroll] DOWN x250 at (1318, 622)
[02:05:30] [DEBUG] [Inventory Scroll] DOWN x250 at (1318, 622)
[02:05:40] [DEBUG] [Inventory Scroll] DOWN x250 at (1318, 622)
[02:05:48] [DEBUG] [Inventory Scroll] UP x1250 at (1318, 622)
[02:05:57] [DEBUG] [Inventory Scroll] DOWN x250 at (1318, 622)
[02:06:06] [DEBUG] [Inventory Scroll] DOWN x250 at (1318, 622)
[02:06:14] [DEBUG] [Inventory Scroll] DOWN x250 at (1318, 622)
[02:06:23] [DEBUG] [Inventory Scroll] DOWN x250 at (1318, 622)
[02:06:32] [DEBUG] [Inventory Scroll] DOWN x250 at (1318, 622)
[02:06:40] [DEBUG] [Inventory Scroll] UP x1250 at (1318, 622)
[02:06:48] [DEBUG] [Inventory Scroll] DOWN x250 at (1318, 622)
[02:06:58] [DEBUG] [Inventory Scroll] DOWN x250 at (1318, 622)
[02:07:06] [DEBUG] [Inventory Scroll] DOWN x250 at (1318, 622)
[02:07:14] [DEBUG] [Inventory Scroll] DOWN x250 at (1318, 622)
[02:07:24] [DEBUG] [Inventory Scroll] DOWN x250 at (1318, 622)
[02:07:32] [DEBUG] [Inventory Scroll] UP x1250 at (1318, 622)
[02:07:40] [DEBUG] [Inventory Scroll] DOWN x250 at (1318, 622)
[02:07:50] [DEBUG] [Inventory Scroll] DOWN x250 at (1318, 622)
[02:07:58] [DEBUG] [Inventory Scroll] DOWN x250 at (1318, 622)
[02:08:07] [DEBUG] [Inventory Scroll] DOWN x250 at (1318, 622)
[02:08:07] [INFO] 
Template:   standard_chest.png [STANDARD REWARD CHEST]
Confidence: 0.9188
Position:   (1750, 910)
Action:     Left Click Open Chest
[02:08:09] [ACTION] Opened chest: standard_chest.png
[02:08:17] [DEBUG] [Inventory Scroll] DOWN x250 at (1318, 622)
[02:08:26] [DEBUG] [Inventory Scroll] UP x1250 at (1318, 622)
[02:08:34] [INFO] 
Template:   shine_gloves_common.png [Item to Sell]
Confidence: 1.0000
Position:   (1165, 571)
Action:     Alt + Right-Click
[02:08:34] [INFO] Sales Section Capacity: 1/3 slots filled.
[02:08:35] [ACTION] Placed for sale: shine_gloves_common.png [1/3]
[02:08:44] [DEBUG] [Inventory Scroll] DOWN x250 at (1318, 622)
[02:08:53] [DEBUG] [Inventory Scroll] DOWN x250 at (1318, 622)
[02:09:01] [DEBUG] [Inventory Scroll] DOWN x250 at (1318, 622)
[02:09:10] [DEBUG] [Inventory Scroll] DOWN x250 at (1318, 622)
[02:09:18] [DEBUG] [Inventory Scroll] DOWN x250 at (1318, 622)
[02:09:27] [DEBUG] [Inventory Scroll] UP x1250 at (1318, 622)
[02:09:36] [DEBUG] [Inventory Scroll] DOWN x250 at (1318, 622)
[02:09:44] [DEBUG] [Inventory Scroll] DOWN x250 at (1318, 622)
[02:09:52] [DEBUG] [Inventory Scroll] DOWN x250 at (1318, 622)
[02:10:03] [DEBUG] [Inventory Scroll] DOWN x250 at (1318, 622)
[02:10:11] [DEBUG] [Inventory Scroll] DOWN x250 at (1318, 622)
[02:10:19] [DEBUG] [Inventory Scroll] UP x1250 at (1318, 622)
[02:10:29] [DEBUG] [Inventory Scroll] DOWN x250 at (1318, 622)
[02:10:37] [DEBUG] [Inventory Scroll] DOWN x250 at (1318, 622)
[02:10:45] [DEBUG] [Inventory Scroll] DOWN x250 at (1318, 622)
[02:10:54] [DEBUG] [Inventory Scroll] DOWN x250 at (1318, 622)
[02:11:03] [DEBUG] [Inventory Scroll] DOWN x250 at (1318, 622)
[02:11:11] [DEBUG] [Inventory Scroll] UP x1250 at (1318, 622)
[02:11:21] [DEBUG] [Inventory Scroll] DOWN x250 at (1318, 622)
[02:11:30] [DEBUG] [Inventory Scroll] DOWN x250 at (1318, 622)
[02:11:38] [DEBUG] [Inventory Scroll] DOWN x250 at (1318, 622)
[02:11:47] [DEBUG] [Inventory Scroll] DOWN x250 at (1318, 622)
[02:11:56] [DEBUG] [Inventory Scroll] DOWN x250 at (1318, 622)
[02:12:04] [DEBUG] [Inventory Scroll] UP x1250 at (1318, 622)
[02:12:14] [DEBUG] [Inventory Scroll] DOWN x250 at (1318, 622)
[02:12:22] [DEBUG] [Inventory Scroll] DOWN x250 at (1318, 622)
[02:12:31] [DEBUG] [Inventory Scroll] DOWN x250 at (1318, 622)
[02:12:40] [DEBUG] [Inventory Scroll] DOWN x250 at (1318, 622)
[02:12:49] [DEBUG] [Inventory Scroll] DOWN x250 at (1318, 622)
[02:12:57] [DEBUG] [Inventory Scroll] UP x1250 at (1318, 622)
[02:12:57] [INFO] 
Template:   standard_chest.png [STANDARD REWARD CHEST]
Confidence: 0.9252
Position:   (1750, 910)
Action:     Left Click Open Chest
[02:12:59] [ACTION] Opened chest: standard_chest.png
[02:13:07] [INFO] 
Template:   shine_armor_common.png [Item to Sell]
Confidence: 0.9343
Position:   (1214, 572)
Action:     Alt + Right-Click
[02:13:07] [INFO] Sales Section Capacity: 2/3 slots filled.
[02:13:08] [ACTION] Placed for sale: shine_armor_common.png [2/3]
[02:13:16] [DEBUG] [Inventory Scroll] DOWN x250 at (1318, 622)
[02:13:24] [DEBUG] [Inventory Scroll] DOWN x250 at (1318, 622)
[02:13:33] [DEBUG] [Inventory Scroll] DOWN x250 at (1318, 622)
[02:13:41] [DEBUG] [Inventory Scroll] DOWN x250 at (1318, 622)
[02:13:49] [DEBUG] [Inventory Scroll] DOWN x250 at (1318, 622)
[02:13:59] [DEBUG] [Inventory Scroll] UP x1250 at (1318, 622)
[02:14:07] [DEBUG] [Inventory Scroll] DOWN x250 at (1318, 622)
[02:14:15] [DEBUG] [Inventory Scroll] DOWN x250 at (1318, 622)
[02:14:25] [DEBUG] [Inventory Scroll] DOWN x250 at (1318, 622)
[02:14:33] [DEBUG] [Inventory Scroll] DOWN x250 at (1318, 622)
[02:14:42] [DEBUG] [Inventory Scroll] DOWN x250 at (1318, 622)
[02:14:51] [DEBUG] [Inventory Scroll] UP x1250 at (1318, 622)
[02:15:00] [DEBUG] [Inventory Scroll] DOWN x250 at (1318, 622)
[02:15:08] [DEBUG] [Inventory Scroll] DOWN x250 at (1318, 622)
[02:15:17] [DEBUG] [Inventory Scroll] DOWN x250 at (1318, 622)
[02:15:26] [DEBUG] [Inventory Scroll] DOWN x250 at (1318, 622)
[02:15:34] [DEBUG] [Inventory Scroll] DOWN x250 at (1318, 622)
[02:15:43] [DEBUG] [Inventory Scroll] UP x1250 at (1318, 622)
[02:15:52] [DEBUG] [Inventory Scroll] DOWN x250 at (1318, 622)
[02:16:00] [DEBUG] [Inventory Scroll] DOWN x250 at (1318, 622)
[02:16:09] [DEBUG] [Inventory Scroll] DOWN x250 at (1318, 622)
[02:16:17] [DEBUG] [Inventory Scroll] DOWN x250 at (1318, 622)
[02:16:25] [DEBUG] [Inventory Scroll] DOWN x250 at (1318, 622)
[02:16:35] [DEBUG] [Inventory Scroll] UP x1250 at (1318, 622)
[02:16:43] [DEBUG] [Inventory Scroll] DOWN x250 at (1318, 622)
[02:16:52] [DEBUG] [Inventory Scroll] DOWN x250 at (1318, 622)
[02:17:01] [DEBUG] [Inventory Scroll] DOWN x250 at (1318, 622)
[02:17:02] [INFO] 
Template:   standard_chest.png [STANDARD REWARD CHEST]
Confidence: 0.9349
Position:   (1750, 910)
Action:     Left Click Open Chest
[02:17:03] [ACTION] Opened chest: standard_chest.png
[02:17:10] [DEBUG] [Inventory Scroll] DOWN x250 at (1318, 622)
[02:17:18] [DEBUG] [Inventory Scroll] DOWN x250 at (1318, 622)
[02:17:27] [DEBUG] [Inventory Scroll] UP x1250 at (1318, 622)
[02:17:34] [INFO] 
Template:   minor_topaz.png [Chest Stash]
Confidence: 0.9090
Position:   (1264, 571)
Action:     Ctrl + Right-Click
[02:17:35] [INFO] Stashed: minor_topaz.png (conf=0.91)
[02:17:44] [DEBUG] [Inventory Scroll] DOWN x250 at (1318, 622)
[02:17:53] [DEBUG] [Inventory Scroll] DOWN x250 at (1318, 622)
[02:18:02] [DEBUG] [Inventory Scroll] DOWN x250 at (1318, 622)
[02:18:10] [DEBUG] [Inventory Scroll] DOWN x250 at (1318, 622)
[02:18:19] [DEBUG] [Inventory Scroll] DOWN x250 at (1318, 622)
[02:18:20] [INFO] 
Template:   boss_chest.png [BOSS REWARD CHEST]
Confidence: 0.9317
Position:   (1750, 911)
Action:     Left Click Open Boss Chest
[02:18:21] [ACTION] Opened chest: boss_chest.png
[02:18:27] [DEBUG] [Inventory Scroll] UP x1250 at (1318, 622)
[02:18:34] [INFO] 
Template:   amethyst.png [Chest Stash]
Confidence: 0.9352
Position:   (1264, 573)
Action:     Ctrl + Right-Click
[02:18:34] [INFO] Stashed: amethyst.png (conf=0.94)
[02:18:45] [DEBUG] [Inventory Scroll] DOWN x250 at (1318, 622)
[02:18:52] [DEBUG] [Inventory Scroll] DOWN x250 at (1318, 622)
[02:19:01] [DEBUG] [Inventory Scroll] DOWN x250 at (1318, 622)
[02:19:11] [DEBUG] [Inventory Scroll] DOWN x250 at (1318, 622)
[02:19:19] [DEBUG] [Inventory Scroll] DOWN x250 at (1318, 622)
[02:19:28] [DEBUG] [Inventory Scroll] UP x1250 at (1318, 622)
[02:19:37] [DEBUG] [Inventory Scroll] DOWN x250 at (1318, 622)
[02:19:45] [DEBUG] [Inventory Scroll] DOWN x250 at (1318, 622)
[02:19:54] [DEBUG] [Inventory Scroll] DOWN x250 at (1318, 622)
[02:20:03] [DEBUG] [Inventory Scroll] DOWN x250 at (1318, 622)
[02:20:12] [DEBUG] [Inventory Scroll] DOWN x250 at (1318, 622)
[02:20:20] [DEBUG] [Inventory Scroll] UP x1250 at (1318, 622)
[02:20:29] [DEBUG] [Inventory Scroll] DOWN x250 at (1318, 622)
[02:20:38] [DEBUG] [Inventory Scroll] DOWN x250 at (1318, 622)
[02:20:46] [DEBUG] [Inventory Scroll] DOWN x250 at (1318, 622)
[02:20:56] [DEBUG] [Inventory Scroll] DOWN x250 at (1318, 622)
[02:21:03] [DEBUG] [Inventory Scroll] DOWN x250 at (1318, 622)
[02:21:04] [INFO] 
Template:   standard_chest.png [STANDARD REWARD CHEST]
Confidence: 0.9349
Position:   (1750, 910)
Action:     Left Click Open Chest
[02:21:06] [ACTION] Opened chest: standard_chest.png
[02:21:12] [DEBUG] [Inventory Scroll] UP x1250 at (1318, 622)
[02:21:20] [INFO] 
Template:   goblin_hide.png [Chest Stash]
Confidence: 0.8855
Position:   (1265, 572)
Action:     Ctrl + Right-Click
[02:21:21] [INFO] Stashed: goblin_hide.png (conf=0.89)
[02:21:30] [DEBUG] [Inventory Scroll] DOWN x250 at (1318, 622)
[02:21:38] [DEBUG] [Inventory Scroll] DOWN x250 at (1318, 622)
[02:21:48] [DEBUG] [Inventory Scroll] DOWN x250 at (1318, 622)
[02:21:56] [DEBUG] [Inventory Scroll] DOWN x250 at (1318, 622)
[02:22:05] [DEBUG] [Inventory Scroll] DOWN x250 at (1318, 622)
[02:22:14] [DEBUG] [Inventory Scroll] UP x1250 at (1318, 622)
[02:22:23] [DEBUG] [Inventory Scroll] DOWN x250 at (1318, 622)
[02:22:31] [DEBUG] [Inventory Scroll] DOWN x250 at (1318, 622)
[02:22:40] [DEBUG] [Inventory Scroll] DOWN x250 at (1318, 622)
[02:22:48] [DEBUG] [Inventory Scroll] DOWN x250 at (1318, 622)
[02:22:56] [DEBUG] [Inventory Scroll] DOWN x250 at (1318, 622)
[02:23:06] [DEBUG] [Inventory Scroll] UP x1250 at (1318, 622)
[02:23:14] [DEBUG] [Inventory Scroll] DOWN x250 at (1318, 622)
[02:23:22] [DEBUG] [Inventory Scroll] DOWN x250 at (1318, 622)
[02:23:32] [DEBUG] [Inventory Scroll] DOWN x250 at (1318, 622)
[02:23:40] [DEBUG] [Inventory Scroll] DOWN x250 at (1318, 622)
[02:23:49] [DEBUG] [Inventory Scroll] DOWN x250 at (1318, 622)
[02:23:58] [DEBUG] [Inventory Scroll] UP x1250 at (1318, 622)
[02:24:06] [DEBUG] [Inventory Scroll] DOWN x250 at (1318, 622)
[02:24:15] [DEBUG] [Inventory Scroll] DOWN x250 at (1318, 622)
[02:24:24] [DEBUG] [Inventory Scroll] DOWN x250 at (1318, 622)
[02:24:33] [DEBUG] [Inventory Scroll] DOWN x250 at (1318, 622)
[02:24:41] [DEBUG] [Inventory Scroll] DOWN x250 at (1318, 622)
[02:24:50] [DEBUG] [Inventory Scroll] UP x1250 at (1318, 622)
[02:24:59] [DEBUG] [Inventory Scroll] DOWN x250 at (1318, 622)
[02:25:07] [DEBUG] [Inventory Scroll] DOWN x250 at (1318, 622)
[02:25:16] [DEBUG] [Inventory Scroll] DOWN x250 at (1318, 622)
[02:25:25] [DEBUG] [Inventory Scroll] DOWN x250 at (1318, 622)
[02:25:33] [DEBUG] [Inventory Scroll] DOWN x250 at (1318, 622)
[02:25:43] [DEBUG] [Inventory Scroll] UP x1250 at (1318, 622)
[02:25:44] [INFO] 
Template:   standard_chest.png [STANDARD REWARD CHEST]
Confidence: 0.9379
Position:   (1750, 910)
Action:     Left Click Open Chest
[02:25:44] [ACTION] Opened chest: standard_chest.png
[02:25:51] [INFO] 
Template:   vengeance_sword_common.png [Item to Sell]
Confidence: 0.9999
Position:   (1266, 573)
Action:     Alt + Right-Click
[02:25:51] [INFO] Sales Section Capacity: 3/3 slots filled.
[02:25:52] [ACTION] Placed for sale: vengeance_sword_common.png [3/3]
[02:25:52] [INFO] 
Template:   sell_button.png [CONFIRM BATCH SELL]
Confidence: 0.9369
Position:   (1779, 644)
Status:     Sales slots FULL (3/3)
Action:     Left Click Sell Button
[02:25:53] [INFO] Batch sale completed! Reset sales slots to 0.
[02:25:53] [ACTION] Clicked Batch Confirm Sell!
[02:25:59] [DEBUG] [Inventory Scroll] DOWN x250 at (1318, 622)
[02:26:09] [DEBUG] [Inventory Scroll] DOWN x250 at (1318, 622)
[02:26:17] [DEBUG] [Inventory Scroll] DOWN x250 at (1318, 622)
[02:26:25] [DEBUG] [Inventory Scroll] DOWN x250 at (1318, 622)
[02:26:35] [DEBUG] [Inventory Scroll] DOWN x250 at (1318, 622)
[02:26:44] [DEBUG] [Inventory Scroll] UP x1250 at (1318, 622)
[02:26:52] [DEBUG] [Inventory Scroll] DOWN x250 at (1318, 622)
[02:27:01] [DEBUG] [Inventory Scroll] DOWN x250 at (1318, 622)
[02:27:09] [DEBUG] [Inventory Scroll] DOWN x250 at (1318, 622)
[02:27:17] [DEBUG] [Inventory Scroll] DOWN x250 at (1318, 622)
[02:27:27] [DEBUG] [Inventory Scroll] DOWN x250 at (1318, 622)
[02:27:35] [DEBUG] [Inventory Scroll] UP x1250 at (1318, 622)
[02:27:43] [DEBUG] [Inventory Scroll] DOWN x250 at (1318, 622)
[02:27:53] [DEBUG] [Inventory Scroll] DOWN x250 at (1318, 622)
[02:28:01] [DEBUG] [Inventory Scroll] DOWN x250 at (1318, 622)
[02:28:09] [DEBUG] [Inventory Scroll] DOWN x250 at (1318, 622)
[02:28:19] [DEBUG] [Inventory Scroll] DOWN x250 at (1318, 622)
[02:28:27] [DEBUG] [Inventory Scroll] UP x1250 at (1318, 622)
[02:28:35] [DEBUG] [Inventory Scroll] DOWN x250 at (1318, 622)
[02:28:45] [DEBUG] [Inventory Scroll] DOWN x250 at (1318, 622)
[02:28:53] [DEBUG] [Inventory Scroll] DOWN x250 at (1318, 622)
[02:29:02] [DEBUG] [Inventory Scroll] DOWN x250 at (1318, 622)
[02:29:11] [DEBUG] [Inventory Scroll] DOWN x250 at (1318, 622)
[02:29:19] [DEBUG] [Inventory Scroll] UP x1250 at (1318, 622)
[02:29:28] [DEBUG] [Inventory Scroll] DOWN x250 at (1318, 622)
[02:29:37] [DEBUG] [Inventory Scroll] DOWN x250 at (1318, 622)
[02:29:46] [DEBUG] [Inventory Scroll] DOWN x250 at (1318, 622)
[02:29:53] [DEBUG] [Inventory Scroll] DOWN x250 at (1318, 622)
[02:30:03] [DEBUG] [Inventory Scroll] DOWN x250 at (1318, 622)
[02:30:11] [DEBUG] [Inventory Scroll] UP x1250 at (1318, 622)
[02:30:19] [DEBUG] [Inventory Scroll] DOWN x250 at (1318, 622)
[02:30:28] [DEBUG] [Inventory Scroll] DOWN x250 at (1318, 622)
[02:30:37] [DEBUG] [Inventory Scroll] DOWN x250 at (1318, 622)
[02:30:45] [DEBUG] [Inventory Scroll] DOWN x250 at (1318, 622)
[02:30:55] [DEBUG] [Inventory Scroll] DOWN x250 at (1318, 622)
[02:30:55] [INFO] 
Template:   standard_chest.png [STANDARD REWARD CHEST]
Confidence: 0.9227
Position:   (1750, 910)
Action:     Left Click Open Chest
[02:30:56] [ACTION] Opened chest: standard_chest.png
[02:31:03] [DEBUG] [Inventory Scroll] UP x1250 at (1318, 622)
[02:31:10] [INFO] 
Template:   obsidian_shard-1.png [Chest Stash]
Confidence: 0.9999
Position:   (1164, 573)
Action:     Ctrl + Right-Click
[02:31:11] [INFO] Stashed: obsidian_shard-1.png (conf=1.00)
[02:31:20] [DEBUG] [Inventory Scroll] DOWN x250 at (1318, 622)
[02:31:28] [DEBUG] [Inventory Scroll] DOWN x250 at (1318, 622)
[02:31:37] [DEBUG] [Inventory Scroll] DOWN x250 at (1318, 622)
[02:31:46] [DEBUG] [Inventory Scroll] DOWN x250 at (1318, 622)
[02:31:55] [DEBUG] [Inventory Scroll] DOWN x250 at (1318, 622)
[02:32:03] [DEBUG] [Inventory Scroll] UP x1250 at (1318, 622)
[02:32:12] [DEBUG] [Inventory Scroll] DOWN x250 at (1318, 622)
[02:32:20] [DEBUG] [Inventory Scroll] DOWN x250 at (1318, 622)
[02:32:29] [DEBUG] [Inventory Scroll] DOWN x250 at (1318, 622)
[02:32:38] [DEBUG] [Inventory Scroll] DOWN x250 at (1318, 622)
[02:32:46] [DEBUG] [Inventory Scroll] DOWN x250 at (1318, 622)
[02:32:54] [DEBUG] [Inventory Scroll] UP x1250 at (1318, 622)
[02:33:04] [DEBUG] [Inventory Scroll] DOWN x250 at (1318, 622)
[02:33:12] [DEBUG] [Inventory Scroll] DOWN x250 at (1318, 622)
[02:33:21] [DEBUG] [Inventory Scroll] DOWN x250 at (1318, 622)
[02:33:30] [DEBUG] [Inventory Scroll] DOWN x250 at (1318, 622)
[02:33:38] [DEBUG] [Inventory Scroll] DOWN x250 at (1318, 622)
[02:33:47] [DEBUG] [Inventory Scroll] UP x1250 at (1318, 622)
[02:33:56] [DEBUG] [Inventory Scroll] DOWN x250 at (1318, 622)
[02:34:04] [DEBUG] [Inventory Scroll] DOWN x250 at (1318, 622)
[02:34:13] [DEBUG] [Inventory Scroll] DOWN x250 at (1318, 622)
[02:34:23] [DEBUG] [Inventory Scroll] DOWN x250 at (1318, 622)
[02:34:31] [DEBUG] [Inventory Scroll] DOWN x250 at (1318, 622)
[02:34:39] [DEBUG] [Inventory Scroll] UP x1250 at (1318, 622)
[02:34:48] [DEBUG] [Inventory Scroll] DOWN x250 at (1318, 622)
[02:34:56] [DEBUG] [Inventory Scroll] DOWN x250 at (1318, 622)
[02:35:05] [DEBUG] [Inventory Scroll] DOWN x250 at (1318, 622)
[02:35:15] [DEBUG] [Inventory Scroll] DOWN x250 at (1318, 622)
[02:35:22] [DEBUG] [Inventory Scroll] DOWN x250 at (1318, 622)
[02:35:31] [DEBUG] [Inventory Scroll] UP x1250 at (1318, 622)
[02:35:40] [DEBUG] [Inventory Scroll] DOWN x250 at (1318, 622)
[02:35:41] [INFO] 
Template:   standard_chest.png [STANDARD REWARD CHEST]
Confidence: 0.9293
Position:   (1750, 910)
Action:     Left Click Open Chest
[02:35:42] [ACTION] Opened chest: standard_chest.png
[02:35:48] [DEBUG] [Inventory Scroll] DOWN x250 at (1318, 622)
[02:35:49] [INFO] 
Template:   boss_chest.png [BOSS REWARD CHEST]
Confidence: 0.9342
Position:   (1750, 911)
Action:     Left Click Open Boss Chest
[02:35:50] [ACTION] Opened chest: boss_chest.png
[02:35:57] [DEBUG] [Inventory Scroll] DOWN x250 at (1318, 622)
[02:36:07] [DEBUG] [Inventory Scroll] DOWN x250 at (1318, 622)
[02:36:15] [DEBUG] [Inventory Scroll] DOWN x250 at (1318, 622)
[02:36:24] [DEBUG] [Inventory Scroll] UP x1250 at (1318, 622)
[02:36:33] [INFO] 
Template:   sacred_staff_common.png [Item to Sell]
Confidence: 0.9457
Position:   (1165, 572)
Action:     Alt + Right-Click
[02:36:33] [INFO] Sales Section Capacity: 1/3 slots filled.
[02:36:34] [ACTION] Placed for sale: sacred_staff_common.png [1/3]
[02:36:41] [INFO] 
Template:   shine_boots_common.png [Item to Sell]
Confidence: 0.8901
Position:   (1214, 572)
Action:     Alt + Right-Click
[02:36:42] [INFO] Sales Section Capacity: 2/3 slots filled.
[02:36:42] [ACTION] Placed for sale: shine_boots_common.png [2/3]
[02:36:49] [DEBUG] [Inventory Scroll] DOWN x250 at (1318, 622)
[02:36:59] [DEBUG] [Inventory Scroll] DOWN x250 at (1318, 622)
[02:37:07] [DEBUG] [Inventory Scroll] DOWN x250 at (1318, 622)
[02:37:15] [DEBUG] [Inventory Scroll] DOWN x250 at (1318, 622)
[02:37:25] [DEBUG] [Inventory Scroll] DOWN x250 at (1318, 622)
[02:37:33] [DEBUG] [Inventory Scroll] UP x1250 at (1318, 622)
[02:37:41] [DEBUG] [Inventory Scroll] DOWN x250 at (1318, 622)
[02:37:51] [DEBUG] [Inventory Scroll] DOWN x250 at (1318, 622)
[02:37:59] [DEBUG] [Inventory Scroll] DOWN x250 at (1318, 622)
[02:38:08] [DEBUG] [Inventory Scroll] DOWN x250 at (1318, 622)
[02:38:17] [DEBUG] [Inventory Scroll] DOWN x250 at (1318, 622)
[02:38:25] [DEBUG] [Inventory Scroll] UP x1250 at (1318, 622)
[02:38:34] [DEBUG] [Inventory Scroll] DOWN x250 at (1318, 622)
[02:38:43] [DEBUG] [Inventory Scroll] DOWN x250 at (1318, 622)
[02:38:52] [DEBUG] [Inventory Scroll] DOWN x250 at (1318, 622)
[02:39:00] [DEBUG] [Inventory Scroll] DOWN x250 at (1318, 622)
[02:39:09] [DEBUG] [Inventory Scroll] DOWN x250 at (1318, 622)
[02:39:17] [DEBUG] [Inventory Scroll] UP x1250 at (1318, 622)
[02:39:25] [DEBUG] [Inventory Scroll] DOWN x250 at (1318, 622)
[02:39:35] [DEBUG] [Inventory Scroll] DOWN x250 at (1318, 622)
[02:39:43] [DEBUG] [Inventory Scroll] DOWN x250 at (1318, 622)
[02:39:51] [DEBUG] [Inventory Scroll] DOWN x250 at (1318, 622)
[02:40:01] [DEBUG] [Inventory Scroll] DOWN x250 at (1318, 622)
[02:40:09] [DEBUG] [Inventory Scroll] UP x1250 at (1318, 622)
[02:40:18] [DEBUG] [Inventory Scroll] DOWN x250 at (1318, 622)
[02:40:18] [INFO] 
Template:   standard_chest.png [STANDARD REWARD CHEST]
Confidence: 0.9359
Position:   (1750, 910)
Action:     Left Click Open Chest
[02:40:19] [ACTION] Opened chest: standard_chest.png
[02:40:28] [DEBUG] [Inventory Scroll] DOWN x250 at (1318, 622)
[02:40:36] [DEBUG] [Inventory Scroll] DOWN x250 at (1318, 622)
[02:40:45] [DEBUG] [Inventory Scroll] DOWN x250 at (1318, 622)
[02:40:54] [DEBUG] [Inventory Scroll] DOWN x250 at (1318, 622)
[02:41:03] [DEBUG] [Inventory Scroll] UP x1250 at (1318, 622)
[02:41:11] [INFO] 
Template:   sacred_staff_common.png [Item to Sell]
Confidence: 0.8971
Position:   (1265, 572)
Action:     Alt + Right-Click
[02:41:11] [INFO] Sales Section Capacity: 3/3 slots filled.
[02:41:12] [ACTION] Placed for sale: sacred_staff_common.png [3/3]
[02:41:13] [INFO] 
Template:   sell_button.png [CONFIRM BATCH SELL]
Confidence: 0.9369
Position:   (1779, 644)
Status:     Sales slots FULL (3/3)
Action:     Left Click Sell Button
[02:41:13] [INFO] Batch sale completed! Reset sales slots to 0.
[02:41:14] [ACTION] Clicked Batch Confirm Sell!
[02:41:23] [DEBUG] [Inventory Scroll] DOWN x250 at (1318, 622)
[02:41:31] [DEBUG] [Inventory Scroll] DOWN x250 at (1318, 622)
[02:41:40] [DEBUG] [Inventory Scroll] DOWN x250 at (1318, 622)
[02:41:50] [DEBUG] [Inventory Scroll] DOWN x250 at (1318, 622)
[02:41:57] [DEBUG] [Inventory Scroll] DOWN x250 at (1318, 622)
[02:41:58] [INFO] 
Template:   boss_chest.png [BOSS REWARD CHEST]
Confidence: 0.9381
Position:   (1750, 911)
Action:     Left Click Open Boss Chest
[02:41:59] [ACTION] Opened chest: boss_chest.png
[02:42:06] [DEBUG] [Inventory Scroll] UP x1250 at (1318, 622)
[02:42:14] [INFO] 
Template:   soulstone_hell.png [Chest Stash]
Confidence: 0.8938
Position:   (1164, 571)
Action:     Ctrl + Right-Click
[02:42:15] [INFO] Stashed: soulstone_hell.png (conf=0.89)
[02:42:24] [DEBUG] [Inventory Scroll] DOWN x250 at (1318, 622)
[02:42:32] [DEBUG] [Inventory Scroll] DOWN x250 at (1318, 622)
[02:42:42] [DEBUG] [Inventory Scroll] DOWN x250 at (1318, 622)
[02:42:50] [DEBUG] [Inventory Scroll] DOWN x250 at (1318, 622)
[02:42:59] [DEBUG] [Inventory Scroll] DOWN x250 at (1318, 622)
[02:43:08] [DEBUG] [Inventory Scroll] UP x1250 at (1318, 622)
[02:43:17] [DEBUG] [Inventory Scroll] DOWN x250 at (1318, 622)
[02:43:24] [DEBUG] [Inventory Scroll] DOWN x250 at (1318, 622)
[02:43:34] [DEBUG] [Inventory Scroll] DOWN x250 at (1318, 622)
[02:43:42] [DEBUG] [Inventory Scroll] DOWN x250 at (1318, 622)
[02:43:51] [DEBUG] [Inventory Scroll] DOWN x250 at (1318, 622)
[02:44:01] [DEBUG] [Inventory Scroll] UP x1250 at (1318, 622)
[02:44:08] [DEBUG] [Inventory Scroll] DOWN x250 at (1318, 622)
[02:44:17] [DEBUG] [Inventory Scroll] DOWN x250 at (1318, 622)
[02:44:26] [DEBUG] [Inventory Scroll] DOWN x250 at (1318, 622)
[02:44:27] [INFO] 
Template:   standard_chest.png [STANDARD REWARD CHEST]
Confidence: 0.9269
Position:   (1750, 910)
Action:     Left Click Open Chest
[02:44:29] [ACTION] Opened chest: standard_chest.png
[02:44:34] [DEBUG] [Inventory Scroll] DOWN x250 at (1318, 622)
[02:44:43] [DEBUG] [Inventory Scroll] DOWN x250 at (1318, 622)
[02:44:52] [DEBUG] [Inventory Scroll] UP x1250 at (1318, 622)
[02:45:00] [INFO] 
Template:   vengeance_sword_common.png [Item to Sell]
Confidence: 0.9999
Position:   (1166, 573)
Action:     Alt + Right-Click
[02:45:01] [INFO] Sales Section Capacity: 1/3 slots filled.
[02:45:02] [ACTION] Placed for sale: vengeance_sword_common.png [1/3]
[02:45:09] [DEBUG] [Inventory Scroll] DOWN x250 at (1318, 622)
[02:45:18] [DEBUG] [Inventory Scroll] DOWN x250 at (1318, 622)
[02:45:27] [DEBUG] [Inventory Scroll] DOWN x250 at (1318, 622)
[02:45:35] [DEBUG] [Inventory Scroll] DOWN x250 at (1318, 622)
[02:45:44] [DEBUG] [Inventory Scroll] DOWN x250 at (1318, 622)
[02:45:52] [DEBUG] [Inventory Scroll] UP x1250 at (1318, 622)
[02:46:01] [DEBUG] [Inventory Scroll] DOWN x250 at (1318, 622)
[02:46:11] [DEBUG] [Inventory Scroll] DOWN x250 at (1318, 622)
[02:46:19] [DEBUG] [Inventory Scroll] DOWN x250 at (1318, 622)
[02:46:27] [DEBUG] [Inventory Scroll] DOWN x250 at (1318, 622)
[02:46:37] [DEBUG] [Inventory Scroll] DOWN x250 at (1318, 622)
[02:46:45] [DEBUG] [Inventory Scroll] UP x1250 at (1318, 622)
[02:46:53] [DEBUG] [Inventory Scroll] DOWN x250 at (1318, 622)
[02:47:03] [DEBUG] [Inventory Scroll] DOWN x250 at (1318, 622)
[02:47:11] [DEBUG] [Inventory Scroll] DOWN x250 at (1318, 622)
[02:47:20] [DEBUG] [Inventory Scroll] DOWN x250 at (1318, 622)
[02:47:29] [DEBUG] [Inventory Scroll] DOWN x250 at (1318, 622)
[02:47:37] [DEBUG] [Inventory Scroll] UP x1250 at (1318, 622)
[02:47:45] [DEBUG] [Inventory Scroll] DOWN x250 at (1318, 622)
[02:47:55] [DEBUG] [Inventory Scroll] DOWN x250 at (1318, 622)
[02:48:03] [DEBUG] [Inventory Scroll] DOWN x250 at (1318, 622)
[02:48:03] [INFO] 
Template:   boss_chest.png [BOSS REWARD CHEST]
Confidence: 0.9382
Position:   (1750, 911)
Action:     Left Click Open Boss Chest
[02:48:04] [ACTION] Opened chest: boss_chest.png
[02:48:11] [DEBUG] [Inventory Scroll] DOWN x250 at (1318, 622)
[02:48:21] [DEBUG] [Inventory Scroll] DOWN x250 at (1318, 622)
[02:48:29] [DEBUG] [Inventory Scroll] UP x1250 at (1318, 622)
[02:48:36] [INFO] 
Template:   void_iron.png [Chest Stash]
Confidence: 1.0000
Position:   (1213, 572)
Action:     Ctrl + Right-Click
[02:48:37] [INFO] Stashed: void_iron.png (conf=1.00)
[02:48:37] [INFO] 
Template:   standard_chest.png [STANDARD REWARD CHEST]
Confidence: 0.9168
Position:   (1750, 910)
Action:     Left Click Open Chest
[02:48:38] [ACTION] Opened chest: standard_chest.png
[02:48:46] [INFO] 
Template:   limitless_bow_common.png [Item to Sell]
Confidence: 1.0000
Position:   (1214, 573)
Action:     Alt + Right-Click
[02:48:47] [INFO] Sales Section Capacity: 2/3 slots filled.
[02:48:47] [ACTION] Placed for sale: limitless_bow_common.png [2/3]
[02:48:55] [DEBUG] [Inventory Scroll] DOWN x250 at (1318, 622)
[02:49:03] [DEBUG] [Inventory Scroll] DOWN x250 at (1318, 622)
[02:49:13] [DEBUG] [Inventory Scroll] DOWN x250 at (1318, 622)
[02:49:21] [DEBUG] [Inventory Scroll] DOWN x250 at (1318, 622)
[02:49:30] [DEBUG] [Inventory Scroll] DOWN x250 at (1318, 622)
[02:49:39] [DEBUG] [Inventory Scroll] UP x1250 at (1318, 622)
[02:49:48] [DEBUG] [Inventory Scroll] DOWN x250 at (1318, 622)
[02:49:56] [DEBUG] [Inventory Scroll] DOWN x250 at (1318, 622)
[02:50:05] [DEBUG] [Inventory Scroll] DOWN x250 at (1318, 622)
[02:50:13] [DEBUG] [Inventory Scroll] DOWN x250 at (1318, 622)
[02:50:21] [DEBUG] [Inventory Scroll] DOWN x250 at (1318, 622)
[02:50:31] [DEBUG] [Inventory Scroll] UP x1250 at (1318, 622)
[02:50:39] [DEBUG] [Inventory Scroll] DOWN x250 at (1318, 622)
[02:50:47] [DEBUG] [Inventory Scroll] DOWN x250 at (1318, 622)
[02:50:58] [DEBUG] [Inventory Scroll] DOWN x250 at (1318, 622)
[02:51:05] [DEBUG] [Inventory Scroll] DOWN x250 at (1318, 622)
[02:51:14] [DEBUG] [Inventory Scroll] DOWN x250 at (1318, 622)
[02:51:23] [DEBUG] [Inventory Scroll] UP x1250 at (1318, 622)
[02:51:31] [DEBUG] [Inventory Scroll] DOWN x250 at (1318, 622)
[02:51:40] [DEBUG] [Inventory Scroll] DOWN x250 at (1318, 622)
[02:51:50] [DEBUG] [Inventory Scroll] DOWN x250 at (1318, 622)
[02:51:58] [DEBUG] [Inventory Scroll] DOWN x250 at (1318, 622)
[02:52:06] [DEBUG] [Inventory Scroll] DOWN x250 at (1318, 622)
[02:52:16] [DEBUG] [Inventory Scroll] UP x1250 at (1318, 622)
[02:52:24] [DEBUG] [Inventory Scroll] DOWN x250 at (1318, 622)
[02:52:32] [DEBUG] [Inventory Scroll] DOWN x250 at (1318, 622)
[02:52:42] [DEBUG] [Inventory Scroll] DOWN x250 at (1318, 622)
[02:52:42] [INFO] 
Template:   standard_chest.png [STANDARD REWARD CHEST]
Confidence: 0.9216
Position:   (1750, 910)
Action:     Left Click Open Chest
[02:52:44] [ACTION] Opened chest: standard_chest.png
[02:52:50] [DEBUG] [Inventory Scroll] DOWN x250 at (1318, 622)
[02:52:58] [DEBUG] [Inventory Scroll] DOWN x250 at (1318, 622)
[02:53:08] [DEBUG] [Inventory Scroll] UP x1250 at (1318, 622)
[02:53:15] [INFO] 
Template:   fighter_helmet_common.png [Item to Sell]
Confidence: 0.9672
Position:   (1265, 572)
Action:     Alt + Right-Click
[02:53:15] [INFO] Sales Section Capacity: 3/3 slots filled.
[02:53:16] [ACTION] Placed for sale: fighter_helmet_common.png [3/3]
[02:53:16] [INFO] 
Template:   sell_button.png [CONFIRM BATCH SELL]
Confidence: 0.9369
Position:   (1779, 644)
Status:     Sales slots FULL (3/3)
Action:     Left Click Sell Button
[02:53:17] [INFO] Batch sale completed! Reset sales slots to 0.
[02:53:17] [ACTION] Clicked Batch Confirm Sell!
[02:53:24] [DEBUG] [Inventory Scroll] DOWN x250 at (1318, 622)
[02:53:34] [DEBUG] [Inventory Scroll] DOWN x250 at (1318, 622)
[02:53:42] [DEBUG] [Inventory Scroll] DOWN x250 at (1318, 622)
[02:53:51] [DEBUG] [Inventory Scroll] DOWN x250 at (1318, 622)
[02:54:01] [DEBUG] [Inventory Scroll] DOWN x250 at (1318, 622)
[02:54:09] [DEBUG] [Inventory Scroll] UP x1250 at (1318, 622)
[02:54:17] [DEBUG] [Inventory Scroll] DOWN x250 at (1318, 622)
[02:54:26] [DEBUG] [Inventory Scroll] DOWN x250 at (1318, 622)
[02:54:34] [DEBUG] [Inventory Scroll] DOWN x250 at (1318, 622)
[02:54:43] [DEBUG] [Inventory Scroll] DOWN x250 at (1318, 622)
[02:54:52] [DEBUG] [Inventory Scroll] DOWN x250 at (1318, 622)
[02:55:01] [DEBUG] [Inventory Scroll] UP x1250 at (1318, 622)
[02:55:09] [DEBUG] [Inventory Scroll] DOWN x250 at (1318, 622)
[02:55:19] [DEBUG] [Inventory Scroll] DOWN x250 at (1318, 622)
[02:55:26] [DEBUG] [Inventory Scroll] DOWN x250 at (1318, 622)
[02:55:35] [DEBUG] [Inventory Scroll] DOWN x250 at (1318, 622)
[02:55:44] [DEBUG] [Inventory Scroll] DOWN x250 at (1318, 622)
[02:55:52] [DEBUG] [Inventory Scroll] UP x1250 at (1318, 622)
[02:56:01] [DEBUG] [Inventory Scroll] DOWN x250 at (1318, 622)
[02:56:11] [DEBUG] [Inventory Scroll] DOWN x250 at (1318, 622)
[02:56:19] [DEBUG] [Inventory Scroll] DOWN x250 at (1318, 622)
[02:56:27] [DEBUG] [Inventory Scroll] DOWN x250 at (1318, 622)
[02:56:37] [DEBUG] [Inventory Scroll] DOWN x250 at (1318, 622)
[02:56:45] [DEBUG] [Inventory Scroll] UP x1250 at (1318, 622)
[02:56:53] [DEBUG] [Inventory Scroll] DOWN x250 at (1318, 622)
[02:57:03] [DEBUG] [Inventory Scroll] DOWN x250 at (1318, 622)
[02:57:11] [DEBUG] [Inventory Scroll] DOWN x250 at (1318, 622)
[02:57:19] [DEBUG] [Inventory Scroll] DOWN x250 at (1318, 622)
[02:57:29] [DEBUG] [Inventory Scroll] DOWN x250 at (1318, 622)
[02:57:37] [DEBUG] [Inventory Scroll] UP x1250 at (1318, 622)
[02:57:45] [DEBUG] [Inventory Scroll] DOWN x250 at (1318, 622)
[02:57:54] [DEBUG] [Inventory Scroll] DOWN x250 at (1318, 622)
[02:57:55] [INFO] 
Template:   standard_chest.png [STANDARD REWARD CHEST]
Confidence: 0.9182
Position:   (1750, 910)
Action:     Left Click Open Chest
[02:57:56] [ACTION] Opened chest: standard_chest.png
[02:58:02] [DEBUG] [Inventory Scroll] DOWN x250 at (1318, 622)
[02:58:11] [DEBUG] [Inventory Scroll] DOWN x250 at (1318, 622)
[02:58:21] [DEBUG] [Inventory Scroll] DOWN x250 at (1318, 622)
[02:58:29] [DEBUG] [Inventory Scroll] UP x1250 at (1318, 622)
[02:58:36] [INFO] 
Template:   emerald.png [Chest Stash]
Confidence: 0.8638
Position:   (1164, 572)
Action:     Ctrl + Right-Click
[02:58:37] [INFO] Stashed: emerald.png (conf=0.86)
[02:58:46] [DEBUG] [Inventory Scroll] DOWN x250 at (1318, 622)
[02:58:54] [DEBUG] [Inventory Scroll] DOWN x250 at (1318, 622)
[02:59:03] [DEBUG] [Inventory Scroll] DOWN x250 at (1318, 622)
[02:59:12] [DEBUG] [Inventory Scroll] DOWN x250 at (1318, 622)
[02:59:21] [DEBUG] [Inventory Scroll] DOWN x250 at (1318, 622)
[02:59:29] [DEBUG] [Inventory Scroll] UP x1250 at (1318, 622)
[02:59:39] [DEBUG] [Inventory Scroll] DOWN x250 at (1318, 622)
[02:59:46] [DEBUG] [Inventory Scroll] DOWN x250 at (1318, 622)
[02:59:55] [DEBUG] [Inventory Scroll] DOWN x250 at (1318, 622)
[03:00:04] [DEBUG] [Inventory Scroll] DOWN x250 at (1318, 622)
[03:00:12] [DEBUG] [Inventory Scroll] DOWN x250 at (1318, 622)
[03:00:20] [DEBUG] [Inventory Scroll] UP x1250 at (1318, 622)
[03:00:31] [DEBUG] [Inventory Scroll] DOWN x250 at (1318, 622)
[03:00:38] [DEBUG] [Inventory Scroll] DOWN x250 at (1318, 622)
[03:00:47] [DEBUG] [Inventory Scroll] DOWN x250 at (1318, 622)
[03:00:57] [DEBUG] [Inventory Scroll] DOWN x250 at (1318, 622)
[03:01:05] [DEBUG] [Inventory Scroll] DOWN x250 at (1318, 622)
[03:01:13] [DEBUG] [Inventory Scroll] UP x1250 at (1318, 622)
[03:01:22] [DEBUG] [Inventory Scroll] DOWN x250 at (1318, 622)
[03:01:31] [DEBUG] [Inventory Scroll] DOWN x250 at (1318, 622)
[03:01:39] [DEBUG] [Inventory Scroll] DOWN x250 at (1318, 622)
[03:01:49] [DEBUG] [Inventory Scroll] DOWN x250 at (1318, 622)
[03:01:57] [DEBUG] [Inventory Scroll] DOWN x250 at (1318, 622)
[03:02:05] [DEBUG] [Inventory Scroll] UP x1250 at (1318, 622)
[03:02:06] [INFO] 
Template:   standard_chest.png [STANDARD REWARD CHEST]
Confidence: 0.9193
Position:   (1750, 910)
Action:     Left Click Open Chest
[03:02:07] [ACTION] Opened chest: standard_chest.png
[03:02:16] [INFO] 
Template:   shine_armor_common.png [Item to Sell]
Confidence: 0.9132
Position:   (1164, 572)
Action:     Alt + Right-Click
[03:02:16] [INFO] Sales Section Capacity: 1/3 slots filled.
[03:02:17] [ACTION] Placed for sale: shine_armor_common.png [1/3]
[03:02:24] [DEBUG] [Inventory Scroll] DOWN x250 at (1318, 622)
[03:02:32] [DEBUG] [Inventory Scroll] DOWN x250 at (1318, 622)
[03:02:42] [DEBUG] [Inventory Scroll] DOWN x250 at (1318, 622)
[03:02:50] [DEBUG] [Inventory Scroll] DOWN x250 at (1318, 622)
[03:02:59] [DEBUG] [Inventory Scroll] DOWN x250 at (1318, 622)
[03:03:08] [DEBUG] [Inventory Scroll] UP x1250 at (1318, 622)
[03:03:17] [DEBUG] [Inventory Scroll] DOWN x250 at (1318, 622)
[03:03:25] [DEBUG] [Inventory Scroll] DOWN x250 at (1318, 622)
[03:03:34] [DEBUG] [Inventory Scroll] DOWN x250 at (1318, 622)
[03:03:42] [DEBUG] [Inventory Scroll] DOWN x250 at (1318, 622)
[03:03:51] [DEBUG] [Inventory Scroll] DOWN x250 at (1318, 622)
[03:04:00] [DEBUG] [Inventory Scroll] UP x1250 at (1318, 622)
[03:04:09] [DEBUG] [Inventory Scroll] DOWN x250 at (1318, 622)
[03:04:17] [DEBUG] [Inventory Scroll] DOWN x250 at (1318, 622)
[03:04:26] [DEBUG] [Inventory Scroll] DOWN x250 at (1318, 622)
[03:04:34] [DEBUG] [Inventory Scroll] DOWN x250 at (1318, 622)
[03:04:43] [DEBUG] [Inventory Scroll] DOWN x250 at (1318, 622)
[03:04:53] [DEBUG] [Inventory Scroll] UP x1250 at (1318, 622)
[03:05:00] [DEBUG] [Inventory Scroll] DOWN x250 at (1318, 622)
[03:05:09] [DEBUG] [Inventory Scroll] DOWN x250 at (1318, 622)
[03:05:18] [DEBUG] [Inventory Scroll] DOWN x250 at (1318, 622)
[03:05:26] [DEBUG] [Inventory Scroll] DOWN x250 at (1318, 622)
[03:05:35] [DEBUG] [Inventory Scroll] DOWN x250 at (1318, 622)
[03:05:44] [DEBUG] [Inventory Scroll] UP x1250 at (1318, 622)
[03:05:52] [DEBUG] [Inventory Scroll] DOWN x250 at (1318, 622)
[03:06:01] [DEBUG] [Inventory Scroll] DOWN x250 at (1318, 622)
[03:06:10] [DEBUG] [Inventory Scroll] DOWN x250 at (1318, 622)
[03:06:19] [DEBUG] [Inventory Scroll] DOWN x250 at (1318, 622)
[03:06:27] [DEBUG] [Inventory Scroll] DOWN x250 at (1318, 622)
[03:06:36] [DEBUG] [Inventory Scroll] UP x1250 at (1318, 622)
[03:06:44] [DEBUG] [Inventory Scroll] DOWN x250 at (1318, 622)
[03:06:45] [INFO] 
Template:   standard_chest.png [STANDARD REWARD CHEST]
Confidence: 0.9176
Position:   (1750, 910)
Action:     Left Click Open Chest
[03:06:46] [ACTION] Opened chest: standard_chest.png
[03:06:53] [DEBUG] [Inventory Scroll] DOWN x250 at (1318, 622)
[03:07:03] [DEBUG] [Inventory Scroll] DOWN x250 at (1318, 622)
[03:07:10] [DEBUG] [Inventory Scroll] DOWN x250 at (1318, 622)
[03:07:19] [DEBUG] [Inventory Scroll] DOWN x250 at (1318, 622)
[03:07:28] [DEBUG] [Inventory Scroll] UP x1250 at (1318, 622)
[03:07:36] [INFO] 
Template:   shine_armor_common.png [Item to Sell]
Confidence: 0.8840
Position:   (1214, 572)
Action:     Alt + Right-Click
[03:07:37] [INFO] Sales Section Capacity: 2/3 slots filled.
[03:07:38] [ACTION] Placed for sale: shine_armor_common.png [2/3]
[03:07:45] [DEBUG] [Inventory Scroll] DOWN x250 at (1318, 622)
[03:07:54] [DEBUG] [Inventory Scroll] DOWN x250 at (1318, 622)
[03:08:02] [DEBUG] [Inventory Scroll] DOWN x250 at (1318, 622)
[03:08:11] [DEBUG] [Inventory Scroll] DOWN x250 at (1318, 622)
[03:08:21] [DEBUG] [Inventory Scroll] DOWN x250 at (1318, 622)
[03:08:29] [DEBUG] [Inventory Scroll] UP x1250 at (1318, 622)
[03:08:37] [DEBUG] [Inventory Scroll] DOWN x250 at (1318, 622)
[03:08:46] [DEBUG] [Inventory Scroll] DOWN x250 at (1318, 622)
[03:08:55] [DEBUG] [Inventory Scroll] DOWN x250 at (1318, 622)
[03:09:03] [DEBUG] [Inventory Scroll] DOWN x250 at (1318, 622)
[03:09:12] [DEBUG] [Inventory Scroll] DOWN x250 at (1318, 622)
[03:09:21] [DEBUG] [Inventory Scroll] UP x1250 at (1318, 622)
[03:09:29] [DEBUG] [Inventory Scroll] DOWN x250 at (1318, 622)
[03:09:39] [DEBUG] [Inventory Scroll] DOWN x250 at (1318, 622)
[03:09:47] [DEBUG] [Inventory Scroll] DOWN x250 at (1318, 622)
[03:09:55] [DEBUG] [Inventory Scroll] DOWN x250 at (1318, 622)
[03:10:05] [DEBUG] [Inventory Scroll] DOWN x250 at (1318, 622)
[03:10:13] [DEBUG] [Inventory Scroll] UP x1250 at (1318, 622)
[03:10:22] [DEBUG] [Inventory Scroll] DOWN x250 at (1318, 622)
[03:10:31] [DEBUG] [Inventory Scroll] DOWN x250 at (1318, 622)
[03:10:40] [DEBUG] [Inventory Scroll] DOWN x250 at (1318, 622)
[03:10:48] [DEBUG] [Inventory Scroll] DOWN x250 at (1318, 622)
[03:10:57] [DEBUG] [Inventory Scroll] DOWN x250 at (1318, 622)
[03:11:05] [DEBUG] [Inventory Scroll] UP x1250 at (1318, 622)
[03:11:06] [INFO] 
Template:   standard_chest.png [STANDARD REWARD CHEST]
Confidence: 0.9230
Position:   (1750, 910)
Action:     Left Click Open Chest
[03:11:07] [ACTION] Opened chest: standard_chest.png
[03:11:14] [INFO] 
Template:   shine_armor_common.png [Item to Sell]
Confidence: 0.8840
Position:   (1264, 572)
Action:     Alt + Right-Click
[03:11:15] [INFO] Sales Section Capacity: 3/3 slots filled.
[03:11:15] [ACTION] Placed for sale: shine_armor_common.png [3/3]
[03:11:15] [INFO] 
Template:   sell_button.png [CONFIRM BATCH SELL]
Confidence: 0.9369
Position:   (1779, 644)
Status:     Sales slots FULL (3/3)
Action:     Left Click Sell Button
[03:11:16] [INFO] Batch sale completed! Reset sales slots to 0.
[03:11:17] [ACTION] Clicked Batch Confirm Sell!
[03:11:26] [DEBUG] [Inventory Scroll] DOWN x250 at (1318, 622)
[03:11:34] [DEBUG] [Inventory Scroll] DOWN x250 at (1318, 622)
[03:11:34] [INFO] 
Template:   boss_chest.png [BOSS REWARD CHEST]
Confidence: 0.9382
Position:   (1750, 911)
Action:     Left Click Open Boss Chest
[03:11:35] [ACTION] Opened chest: boss_chest.png
[03:11:42] [DEBUG] [Inventory Scroll] DOWN x250 at (1318, 622)
[03:11:52] [DEBUG] [Inventory Scroll] DOWN x250 at (1318, 622)
[03:12:00] [DEBUG] [Inventory Scroll] DOWN x250 at (1318, 622)
[03:12:09] [DEBUG] [Inventory Scroll] UP x1250 at (1318, 622)
[03:12:16] [INFO] 
Template:   amber_gem.png [Chest Stash]
Confidence: 0.9998
Position:   (1164, 572)
Action:     Ctrl + Right-Click
[03:12:17] [INFO] Stashed: amber_gem.png (conf=1.00)
[03:12:26] [DEBUG] [Inventory Scroll] DOWN x250 at (1318, 622)
[03:12:35] [DEBUG] [Inventory Scroll] DOWN x250 at (1318, 622)
[03:12:45] [DEBUG] [Inventory Scroll] DOWN x250 at (1318, 622)
[03:12:53] [DEBUG] [Inventory Scroll] DOWN x250 at (1318, 622)
[03:13:01] [DEBUG] [Inventory Scroll] DOWN x250 at (1318, 622)
[03:13:10] [DEBUG] [Inventory Scroll] UP x1250 at (1318, 622)
[03:13:19] [DEBUG] [Inventory Scroll] DOWN x250 at (1318, 622)
[03:13:27] [DEBUG] [Inventory Scroll] DOWN x250 at (1318, 622)
[03:13:37] [DEBUG] [Inventory Scroll] DOWN x250 at (1318, 622)
[03:13:45] [DEBUG] [Inventory Scroll] DOWN x250 at (1318, 622)
[03:13:53] [DEBUG] [Inventory Scroll] DOWN x250 at (1318, 622)
[03:14:03] [DEBUG] [Inventory Scroll] UP x1250 at (1318, 622)
[03:14:11] [DEBUG] [Inventory Scroll] DOWN x250 at (1318, 622)
[03:14:19] [DEBUG] [Inventory Scroll] DOWN x250 at (1318, 622)
[03:14:28] [DEBUG] [Inventory Scroll] DOWN x250 at (1318, 622)
[03:14:37] [DEBUG] [Inventory Scroll] DOWN x250 at (1318, 622)
[03:14:46] [DEBUG] [Inventory Scroll] DOWN x250 at (1318, 622)
[03:14:55] [DEBUG] [Inventory Scroll] UP x1250 at (1318, 622)
[03:15:04] [DEBUG] [Inventory Scroll] DOWN x250 at (1318, 622)
[03:15:12] [DEBUG] [Inventory Scroll] DOWN x250 at (1318, 622)
[03:15:21] [DEBUG] [Inventory Scroll] DOWN x250 at (1318, 622)
[03:15:29] [DEBUG] [Inventory Scroll] DOWN x250 at (1318, 622)
[03:15:37] [DEBUG] [Inventory Scroll] DOWN x250 at (1318, 622)
[03:15:47] [DEBUG] [Inventory Scroll] UP x1250 at (1318, 622)
[03:15:48] [INFO] 
Template:   standard_chest.png [STANDARD REWARD CHEST]
Confidence: 0.9180
Position:   (1750, 910)
Action:     Left Click Open Chest
[03:15:49] [ACTION] Opened chest: standard_chest.png
[03:15:53] [INFO] 
Template:   bronze_ingot.png [Chest Stash]
Confidence: 0.9015
Position:   (1164, 572)
Action:     Ctrl + Right-Click
[03:15:54] [INFO] Stashed: bronze_ingot.png (conf=0.90)
[03:16:03] [DEBUG] [Inventory Scroll] DOWN x250 at (1318, 622)
[03:16:13] [DEBUG] [Inventory Scroll] DOWN x250 at (1318, 622)
[03:16:21] [DEBUG] [Inventory Scroll] DOWN x250 at (1318, 622)
[03:16:29] [DEBUG] [Inventory Scroll] DOWN x250 at (1318, 622)
[03:16:39] [DEBUG] [Inventory Scroll] DOWN x250 at (1318, 622)
[03:16:47] [DEBUG] [Inventory Scroll] UP x1250 at (1318, 622)
[03:16:56] [DEBUG] [Inventory Scroll] DOWN x250 at (1318, 622)
[03:17:06] [DEBUG] [Inventory Scroll] DOWN x250 at (1318, 622)
[03:17:14] [DEBUG] [Inventory Scroll] DOWN x250 at (1318, 622)
[03:17:22] [DEBUG] [Inventory Scroll] DOWN x250 at (1318, 622)
[03:17:32] [DEBUG] [Inventory Scroll] DOWN x250 at (1318, 622)
[03:17:40] [DEBUG] [Inventory Scroll] UP x1250 at (1318, 622)
[03:17:48] [DEBUG] [Inventory Scroll] DOWN x250 at (1318, 622)
[03:17:57] [DEBUG] [Inventory Scroll] DOWN x250 at (1318, 622)
[03:18:06] [DEBUG] [Inventory Scroll] DOWN x250 at (1318, 622)
[03:18:14] [DEBUG] [Inventory Scroll] DOWN x250 at (1318, 622)
[03:18:24] [DEBUG] [Inventory Scroll] DOWN x250 at (1318, 622)
[03:18:32] [DEBUG] [Inventory Scroll] UP x1250 at (1318, 622)
[03:18:40] [DEBUG] [Inventory Scroll] DOWN x250 at (1318, 622)
[03:18:50] [DEBUG] [Inventory Scroll] DOWN x250 at (1318, 622)
[03:18:58] [DEBUG] [Inventory Scroll] DOWN x250 at (1318, 622)
[03:19:07] [DEBUG] [Inventory Scroll] DOWN x250 at (1318, 622)
[03:19:17] [DEBUG] [Inventory Scroll] DOWN x250 at (1318, 622)
[03:19:25] [DEBUG] [Inventory Scroll] UP x1250 at (1318, 622)
[03:19:33] [DEBUG] [Inventory Scroll] DOWN x250 at (1318, 622)
[03:19:42] [DEBUG] [Inventory Scroll] DOWN x250 at (1318, 622)
[03:19:51] [DEBUG] [Inventory Scroll] DOWN x250 at (1318, 622)
[03:19:59] [DEBUG] [Inventory Scroll] DOWN x250 at (1318, 622)
[03:20:00] [INFO] 
Template:   standard_chest.png [STANDARD REWARD CHEST]
Confidence: 0.9313
Position:   (1750, 910)
Action:     Left Click Open Chest
[03:20:01] [ACTION] Opened chest: standard_chest.png
[03:20:09] [DEBUG] [Inventory Scroll] DOWN x250 at (1318, 622)
[03:20:18] [DEBUG] [Inventory Scroll] UP x1250 at (1318, 622)
[03:20:26] [DEBUG] [Inventory Scroll] DOWN x250 at (1318, 622)
[03:20:36] [DEBUG] [Inventory Scroll] DOWN x250 at (1318, 622)
[03:20:44] [DEBUG] [Inventory Scroll] DOWN x250 at (1318, 622)
[03:20:53] [DEBUG] [Inventory Scroll] DOWN x250 at (1318, 622)
[03:21:02] [DEBUG] [Inventory Scroll] DOWN x250 at (1318, 622)
[03:21:10] [DEBUG] [Inventory Scroll] UP x1250 at (1318, 622)
[03:21:19] [DEBUG] [Inventory Scroll] DOWN x250 at (1318, 622)
[03:21:29] [DEBUG] [Inventory Scroll] DOWN x250 at (1318, 622)
[03:21:37] [DEBUG] [Inventory Scroll] DOWN x250 at (1318, 622)
[03:21:45] [DEBUG] [Inventory Scroll] DOWN x250 at (1318, 622)
[03:21:55] [DEBUG] [Inventory Scroll] DOWN x250 at (1318, 622)
[03:22:03] [DEBUG] [Inventory Scroll] UP x1250 at (1318, 622)
[03:22:11] [DEBUG] [Inventory Scroll] DOWN x250 at (1318, 622)
[03:22:20] [DEBUG] [Inventory Scroll] DOWN x250 at (1318, 622)
[03:22:29] [DEBUG] [Inventory Scroll] DOWN x250 at (1318, 622)
[03:22:37] [DEBUG] [Inventory Scroll] DOWN x250 at (1318, 622)
[03:22:47] [DEBUG] [Inventory Scroll] DOWN x250 at (1318, 622)
[03:22:55] [DEBUG] [Inventory Scroll] UP x1250 at (1318, 622)
[03:23:03] [DEBUG] [Inventory Scroll] DOWN x250 at (1318, 622)
[03:23:13] [DEBUG] [Inventory Scroll] DOWN x250 at (1318, 622)
[03:23:21] [DEBUG] [Inventory Scroll] DOWN x250 at (1318, 622)
[03:23:29] [DEBUG] [Inventory Scroll] DOWN x250 at (1318, 622)
[03:23:39] [DEBUG] [Inventory Scroll] DOWN x250 at (1318, 622)
[03:23:40] [INFO] 
Template:   boss_chest.png [BOSS REWARD CHEST]
Confidence: 0.9383
Position:   (1750, 911)
Action:     Left Click Open Boss Chest
[03:23:41] [ACTION] Opened chest: boss_chest.png
[03:23:47] [DEBUG] [Inventory Scroll] UP x1250 at (1318, 622)
[03:23:55] [INFO] 
Template:   sacred_staff_common.png [Item to Sell]
Confidence: 1.0000
Position:   (1215, 572)
Action:     Alt + Right-Click
[03:23:56] [INFO] Sales Section Capacity: 1/3 slots filled.
[03:23:56] [ACTION] Placed for sale: sacred_staff_common.png [1/3]
[03:24:05] [DEBUG] [Inventory Scroll] DOWN x250 at (1318, 622)
[03:24:13] [DEBUG] [Inventory Scroll] DOWN x250 at (1318, 622)
[03:24:14] [INFO] 
Template:   standard_chest.png [STANDARD REWARD CHEST]
Confidence: 0.9397
Position:   (1750, 910)
Action:     Left Click Open Chest
[03:24:15] [ACTION] Opened chest: standard_chest.png
[03:24:22] [DEBUG] [Inventory Scroll] DOWN x250 at (1318, 622)
[03:24:31] [DEBUG] [Inventory Scroll] DOWN x250 at (1318, 622)
[03:24:40] [DEBUG] [Inventory Scroll] DOWN x250 at (1318, 622)
[03:24:48] [DEBUG] [Inventory Scroll] UP x1250 at (1318, 622)
[03:24:57] [INFO] 
Template:   fighter_helmet_common.png [Item to Sell]
Confidence: 1.0000
Position:   (1265, 572)
Action:     Alt + Right-Click
[03:24:57] [INFO] Sales Section Capacity: 2/3 slots filled.
[03:24:58] [ACTION] Placed for sale: fighter_helmet_common.png [2/3]
[03:25:05] [DEBUG] [Inventory Scroll] DOWN x250 at (1318, 622)
[03:25:14] [DEBUG] [Inventory Scroll] DOWN x250 at (1318, 622)
[03:25:23] [DEBUG] [Inventory Scroll] DOWN x250 at (1318, 622)
[03:25:31] [DEBUG] [Inventory Scroll] DOWN x250 at (1318, 622)
[03:25:40] [DEBUG] [Inventory Scroll] DOWN x250 at (1318, 622)
[03:25:49] [DEBUG] [Inventory Scroll] UP x1250 at (1318, 622)
[03:25:58] [DEBUG] [Inventory Scroll] DOWN x250 at (1318, 622)
[03:26:06] [DEBUG] [Inventory Scroll] DOWN x250 at (1318, 622)
[03:26:16] [DEBUG] [Inventory Scroll] DOWN x250 at (1318, 622)
[03:26:24] [DEBUG] [Inventory Scroll] DOWN x250 at (1318, 622)
[03:26:32] [DEBUG] [Inventory Scroll] DOWN x250 at (1318, 622)
[03:26:42] [DEBUG] [Inventory Scroll] UP x1250 at (1318, 622)
[03:26:50] [DEBUG] [Inventory Scroll] DOWN x250 at (1318, 622)
[03:26:58] [DEBUG] [Inventory Scroll] DOWN x250 at (1318, 622)
[03:27:08] [DEBUG] [Inventory Scroll] DOWN x250 at (1318, 622)
[03:27:16] [DEBUG] [Inventory Scroll] DOWN x250 at (1318, 622)
[03:27:24] [DEBUG] [Inventory Scroll] DOWN x250 at (1318, 622)
[03:27:34] [DEBUG] [Inventory Scroll] UP x1250 at (1318, 622)
[03:27:42] [DEBUG] [Inventory Scroll] DOWN x250 at (1318, 622)
[03:27:50] [DEBUG] [Inventory Scroll] DOWN x250 at (1318, 622)
[03:28:00] [DEBUG] [Inventory Scroll] DOWN x250 at (1318, 622)
[03:28:09] [DEBUG] [Inventory Scroll] DOWN x250 at (1318, 622)
[03:28:17] [DEBUG] [Inventory Scroll] DOWN x250 at (1318, 622)
[03:28:26] [DEBUG] [Inventory Scroll] UP x1250 at (1318, 622)
[03:28:35] [DEBUG] [Inventory Scroll] DOWN x250 at (1318, 622)
[03:28:43] [DEBUG] [Inventory Scroll] DOWN x250 at (1318, 622)
[03:28:43] [INFO] 
Template:   standard_chest.png [STANDARD REWARD CHEST]
Confidence: 0.9325
Position:   (1750, 910)
Action:     Left Click Open Chest
[03:28:44] [ACTION] Opened chest: standard_chest.png
[03:28:53] [DEBUG] [Inventory Scroll] DOWN x250 at (1318, 622)
[03:29:01] [DEBUG] [Inventory Scroll] DOWN x250 at (1318, 622)
[03:29:09] [DEBUG] [Inventory Scroll] DOWN x250 at (1318, 622)
[03:29:19] [DEBUG] [Inventory Scroll] UP x1250 at (1318, 622)
[03:29:27] [DEBUG] [Inventory Scroll] DOWN x250 at (1318, 622)
[03:29:35] [DEBUG] [Inventory Scroll] DOWN x250 at (1318, 622)
[03:29:44] [DEBUG] [Inventory Scroll] DOWN x250 at (1318, 622)
[03:29:53] [DEBUG] [Inventory Scroll] DOWN x250 at (1318, 622)
[03:30:01] [DEBUG] [Inventory Scroll] DOWN x250 at (1318, 622)
[03:30:11] [DEBUG] [Inventory Scroll] UP x1250 at (1318, 622)
[03:30:19] [DEBUG] [Inventory Scroll] DOWN x250 at (1318, 622)
[03:30:28] [DEBUG] [Inventory Scroll] DOWN x250 at (1318, 622)
[03:30:37] [DEBUG] [Inventory Scroll] DOWN x250 at (1318, 622)
[03:30:45] [DEBUG] [Inventory Scroll] DOWN x250 at (1318, 622)
[03:30:54] [DEBUG] [Inventory Scroll] DOWN x250 at (1318, 622)
[03:31:03] [DEBUG] [Inventory Scroll] UP x1250 at (1318, 622)
[03:31:12] [DEBUG] [Inventory Scroll] DOWN x250 at (1318, 622)
[03:31:20] [DEBUG] [Inventory Scroll] DOWN x250 at (1318, 622)
[03:31:30] [DEBUG] [Inventory Scroll] DOWN x250 at (1318, 622)
[03:31:37] [DEBUG] [Inventory Scroll] DOWN x250 at (1318, 622)
[03:31:46] [DEBUG] [Inventory Scroll] DOWN x250 at (1318, 622)
[03:31:55] [DEBUG] [Inventory Scroll] UP x1250 at (1318, 622)
[03:32:03] [DEBUG] [Inventory Scroll] DOWN x250 at (1318, 622)
[03:32:11] [DEBUG] [Inventory Scroll] DOWN x250 at (1318, 622)
[03:32:21] [DEBUG] [Inventory Scroll] DOWN x250 at (1318, 622)
[03:32:29] [DEBUG] [Inventory Scroll] DOWN x250 at (1318, 622)
[03:32:38] [DEBUG] [Inventory Scroll] DOWN x250 at (1318, 622)
[03:32:47] [DEBUG] [Inventory Scroll] UP x1250 at (1318, 622)
[03:32:48] [INFO] 
Template:   standard_chest.png [STANDARD REWARD CHEST]
Confidence: 0.9182
Position:   (1750, 910)
Action:     Left Click Open Chest
[03:32:49] [ACTION] Opened chest: standard_chest.png
[03:32:55] [INFO] 
Template:   shine_armor_common.png [Item to Sell]
Confidence: 0.9343
Position:   (1364, 572)
Action:     Alt + Right-Click
[03:32:56] [INFO] Sales Section Capacity: 3/3 slots filled.
[03:32:57] [ACTION] Placed for sale: shine_armor_common.png [3/3]
[03:32:57] [INFO] 
Template:   sell_button.png [CONFIRM BATCH SELL]
Confidence: 0.9369
Position:   (1779, 644)
Status:     Sales slots FULL (3/3)
Action:     Left Click Sell Button
[03:32:57] [INFO] Batch sale completed! Reset sales slots to 0.
[03:32:58] [ACTION] Clicked Batch Confirm Sell!
[03:33:04] [DEBUG] [Inventory Scroll] DOWN x250 at (1318, 622)
[03:33:13] [DEBUG] [Inventory Scroll] DOWN x250 at (1318, 622)
[03:33:22] [DEBUG] [Inventory Scroll] DOWN x250 at (1318, 622)
[03:33:30] [DEBUG] [Inventory Scroll] DOWN x250 at (1318, 622)
[03:33:40] [DEBUG] [Inventory Scroll] DOWN x250 at (1318, 622)
[03:33:47] [DEBUG] [Inventory Scroll] UP x1250 at (1318, 622)
[03:33:56] [DEBUG] [Inventory Scroll] DOWN x250 at (1318, 622)
[03:34:05] [DEBUG] [Inventory Scroll] DOWN x250 at (1318, 622)
[03:34:13] [DEBUG] [Inventory Scroll] DOWN x250 at (1318, 622)
[03:34:21] [DEBUG] [Inventory Scroll] DOWN x250 at (1318, 622)
[03:34:31] [DEBUG] [Inventory Scroll] DOWN x250 at (1318, 622)
[03:34:39] [DEBUG] [Inventory Scroll] UP x1250 at (1318, 622)
[03:34:48] [DEBUG] [Inventory Scroll] DOWN x250 at (1318, 622)
[03:34:57] [DEBUG] [Inventory Scroll] DOWN x250 at (1318, 622)
[03:35:06] [DEBUG] [Inventory Scroll] DOWN x250 at (1318, 622)
[03:35:14] [DEBUG] [Inventory Scroll] DOWN x250 at (1318, 622)
[03:35:23] [DEBUG] [Inventory Scroll] DOWN x250 at (1318, 622)
[03:35:31] [DEBUG] [Inventory Scroll] UP x1250 at (1318, 622)
[03:35:32] [INFO] 
Template:   boss_chest.png [BOSS REWARD CHEST]
Confidence: 0.8694
Position:   (1750, 907)
Action:     Left Click Open Boss Chest
[03:35:33] [ACTION] Opened chest: boss_chest.png
[03:35:39] [INFO] 
Template:   fighter_helmet_common.png [Item to Sell]
Confidence: 1.0000
Position:   (1215, 572)
Action:     Alt + Right-Click
[03:35:40] [INFO] Sales Section Capacity: 1/3 slots filled.
[03:35:40] [ACTION] Placed for sale: fighter_helmet_common.png [1/3]
[03:35:50] [DEBUG] [Inventory Scroll] DOWN x250 at (1318, 622)
[03:35:58] [DEBUG] [Inventory Scroll] DOWN x250 at (1318, 622)
[03:36:06] [DEBUG] [Inventory Scroll] DOWN x250 at (1318, 622)
[03:36:15] [DEBUG] [Inventory Scroll] DOWN x250 at (1318, 622)
[03:36:24] [DEBUG] [Inventory Scroll] DOWN x250 at (1318, 622)
[03:36:32] [DEBUG] [Inventory Scroll] UP x1250 at (1318, 622)
[03:36:42] [DEBUG] [Inventory Scroll] DOWN x250 at (1318, 622)
[03:36:49] [DEBUG] [Inventory Scroll] DOWN x250 at (1318, 622)
[03:36:58] [DEBUG] [Inventory Scroll] DOWN x250 at (1318, 622)
[03:37:08] [DEBUG] [Inventory Scroll] DOWN x250 at (1318, 622)
[03:37:09] [INFO] 
Template:   standard_chest.png [STANDARD REWARD CHEST]
Confidence: 0.9216
Position:   (1750, 910)
Action:     Left Click Open Chest
[03:37:09] [ACTION] Opened chest: standard_chest.png
[03:37:16] [DEBUG] [Inventory Scroll] DOWN x250 at (1318, 622)
[03:37:24] [DEBUG] [Inventory Scroll] UP x1250 at (1318, 622)
[03:37:33] [INFO] 
Template:   limitless_bow_common.png [Item to Sell]
Confidence: 0.8805
Position:   (1264, 573)
Action:     Alt + Right-Click
[03:37:33] [INFO] Sales Section Capacity: 2/3 slots filled.
[03:37:34] [ACTION] Placed for sale: limitless_bow_common.png [2/3]
[03:37:42] [DEBUG] [Inventory Scroll] DOWN x250 at (1318, 622)
[03:37:50] [DEBUG] [Inventory Scroll] DOWN x250 at (1318, 622)
[03:38:00] [DEBUG] [Inventory Scroll] DOWN x250 at (1318, 622)
[03:38:08] [DEBUG] [Inventory Scroll] DOWN x250 at (1318, 622)
[03:38:16] [DEBUG] [Inventory Scroll] DOWN x250 at (1318, 622)
[03:38:26] [DEBUG] [Inventory Scroll] UP x1250 at (1318, 622)
[03:38:34] [DEBUG] [Inventory Scroll] DOWN x250 at (1318, 622)
[03:38:42] [DEBUG] [Inventory Scroll] DOWN x250 at (1318, 622)
[03:38:51] [DEBUG] [Inventory Scroll] DOWN x250 at (1318, 622)
[03:39:00] [DEBUG] [Inventory Scroll] DOWN x250 at (1318, 622)
[03:39:08] [DEBUG] [Inventory Scroll] DOWN x250 at (1318, 622)
[03:39:18] [DEBUG] [Inventory Scroll] UP x1250 at (1318, 622)
[03:39:26] [DEBUG] [Inventory Scroll] DOWN x250 at (1318, 622)
[03:39:35] [DEBUG] [Inventory Scroll] DOWN x250 at (1318, 622)
[03:39:44] [DEBUG] [Inventory Scroll] DOWN x250 at (1318, 622)
[03:39:52] [DEBUG] [Inventory Scroll] DOWN x250 at (1318, 622)
[03:40:01] [DEBUG] [Inventory Scroll] DOWN x250 at (1318, 622)
[03:40:10] [DEBUG] [Inventory Scroll] UP x1250 at (1318, 622)
[03:40:19] [DEBUG] [Inventory Scroll] DOWN x250 at (1318, 622)
[03:40:27] [DEBUG] [Inventory Scroll] DOWN x250 at (1318, 622)
[03:40:36] [DEBUG] [Inventory Scroll] DOWN x250 at (1318, 622)
[03:40:44] [DEBUG] [Inventory Scroll] DOWN x250 at (1318, 622)
[03:40:53] [DEBUG] [Inventory Scroll] DOWN x250 at (1318, 622)
[03:41:02] [DEBUG] [Inventory Scroll] UP x1250 at (1318, 622)
[03:41:10] [DEBUG] [Inventory Scroll] DOWN x250 at (1318, 622)
[03:41:18] [DEBUG] [Inventory Scroll] DOWN x250 at (1318, 622)
[03:41:29] [DEBUG] [Inventory Scroll] DOWN x250 at (1318, 622)
[03:41:37] [DEBUG] [Inventory Scroll] DOWN x250 at (1318, 622)
[03:41:37] [INFO] 
Template:   boss_chest.png [BOSS REWARD CHEST]
Confidence: 0.9344
Position:   (1750, 911)
Action:     Left Click Open Boss Chest
[03:41:38] [ACTION] Opened chest: boss_chest.png
[03:41:45] [DEBUG] [Inventory Scroll] DOWN x250 at (1318, 622)
[03:41:55] [DEBUG] [Inventory Scroll] UP x1250 at (1318, 622)
[03:41:55] [INFO] 
Template:   standard_chest.png [STANDARD REWARD CHEST]
Confidence: 0.9216
Position:   (1750, 910)
Action:     Left Click Open Chest
[03:41:56] [ACTION] Opened chest: standard_chest.png
[03:42:02] [INFO] 
Template:   item_20260818_014638.png [Item to Sell]
Confidence: 0.9999
Position:   (1415, 572)
Action:     Alt + Right-Click
[03:42:03] [INFO] Sales Section Capacity: 3/3 slots filled.
[03:42:03] [ACTION] Placed for sale: item_20260818_014638.png [3/3]
[03:42:03] [INFO] 
Template:   sell_button.png [CONFIRM BATCH SELL]
Confidence: 0.9369
Position:   (1779, 644)
Status:     Sales slots FULL (3/3)
Action:     Left Click Sell Button
[03:42:04] [INFO] Batch sale completed! Reset sales slots to 0.
[03:42:05] [ACTION] Clicked Batch Confirm Sell!
[03:42:11] [INFO] 
Template:   limitless_scepter_common.png [Item to Sell]
Confidence: 0.8662
Position:   (1364, 572)
Action:     Alt + Right-Click
[03:42:12] [INFO] Sales Section Capacity: 1/3 slots filled.
[03:42:12] [ACTION] Placed for sale: limitless_scepter_common.png [1/3]
[03:42:21] [DEBUG] [Inventory Scroll] DOWN x250 at (1318, 622)
[03:42:30] [DEBUG] [Inventory Scroll] DOWN x250 at (1318, 622)
[03:42:38] [DEBUG] [Inventory Scroll] DOWN x250 at (1318, 622)
[03:42:47] [DEBUG] [Inventory Scroll] DOWN x250 at (1318, 622)
[03:42:55] [DEBUG] [Inventory Scroll] DOWN x250 at (1318, 622)
[03:43:04] [DEBUG] [Inventory Scroll] UP x1250 at (1318, 622)
[03:43:13] [DEBUG] [Inventory Scroll] DOWN x250 at (1318, 622)
[03:43:21] [DEBUG] [Inventory Scroll] DOWN x250 at (1318, 622)
[03:43:29] [DEBUG] [Inventory Scroll] DOWN x250 at (1318, 622)
[03:43:40] [DEBUG] [Inventory Scroll] DOWN x250 at (1318, 622)
[03:43:48] [DEBUG] [Inventory Scroll] DOWN x250 at (1318, 622)
[03:43:56] [DEBUG] [Inventory Scroll] UP x1250 at (1318, 622)
[03:44:05] [DEBUG] [Inventory Scroll] DOWN x250 at (1318, 622)
[03:44:13] [DEBUG] [Inventory Scroll] DOWN x250 at (1318, 622)
[03:44:22] [DEBUG] [Inventory Scroll] DOWN x250 at (1318, 622)
[03:44:32] [DEBUG] [Inventory Scroll] DOWN x250 at (1318, 622)
[03:44:40] [DEBUG] [Inventory Scroll] DOWN x250 at (1318, 622)
[03:44:48] [DEBUG] [Inventory Scroll] UP x1250 at (1318, 622)
[03:44:58] [DEBUG] [Inventory Scroll] DOWN x250 at (1318, 622)
[03:45:06] [DEBUG] [Inventory Scroll] DOWN x250 at (1318, 622)
[03:45:15] [DEBUG] [Inventory Scroll] DOWN x250 at (1318, 622)
[03:45:24] [DEBUG] [Inventory Scroll] DOWN x250 at (1318, 622)
[03:45:32] [DEBUG] [Inventory Scroll] DOWN x250 at (1318, 622)
[03:45:40] [DEBUG] [Inventory Scroll] UP x1250 at (1318, 622)
[03:45:51] [DEBUG] [Inventory Scroll] DOWN x250 at (1318, 622)
[03:45:59] [DEBUG] [Inventory Scroll] DOWN x250 at (1318, 622)
[03:46:07] [DEBUG] [Inventory Scroll] DOWN x250 at (1318, 622)
[03:46:16] [DEBUG] [Inventory Scroll] DOWN x250 at (1318, 622)
[03:46:17] [INFO] 
Template:   standard_chest.png [STANDARD REWARD CHEST]
Confidence: 0.9197
Position:   (1750, 910)
Action:     Left Click Open Chest
[03:46:18] [ACTION] Opened chest: standard_chest.png
[03:46:24] [DEBUG] [Inventory Scroll] DOWN x250 at (1318, 622)
[03:46:33] [DEBUG] [Inventory Scroll] UP x1250 at (1318, 622)
[03:46:43] [INFO] 
Template:   shine_armor_common.png [Item to Sell]
Confidence: 0.9343
Position:   (1214, 572)
Action:     Alt + Right-Click
[03:46:43] [INFO] Sales Section Capacity: 2/3 slots filled.
[03:46:44] [ACTION] Placed for sale: shine_armor_common.png [2/3]
[03:46:52] [DEBUG] [Inventory Scroll] DOWN x250 at (1318, 622)
[03:46:59] [DEBUG] [Inventory Scroll] DOWN x250 at (1318, 622)
[03:47:09] [DEBUG] [Inventory Scroll] DOWN x250 at (1318, 622)
[03:47:17] [DEBUG] [Inventory Scroll] DOWN x250 at (1318, 622)
[03:47:25] [DEBUG] [Inventory Scroll] DOWN x250 at (1318, 622)
[03:47:35] [DEBUG] [Inventory Scroll] UP x1250 at (1318, 622)
[03:47:43] [DEBUG] [Inventory Scroll] DOWN x250 at (1318, 622)
[03:47:51] [DEBUG] [Inventory Scroll] DOWN x250 at (1318, 622)
[03:48:01] [DEBUG] [Inventory Scroll] DOWN x250 at (1318, 622)
[03:48:09] [DEBUG] [Inventory Scroll] DOWN x250 at (1318, 622)
[03:48:18] [DEBUG] [Inventory Scroll] DOWN x250 at (1318, 622)
[03:48:27] [DEBUG] [Inventory Scroll] UP x1250 at (1318, 622)
[03:48:35] [DEBUG] [Inventory Scroll] DOWN x250 at (1318, 622)
[03:48:44] [DEBUG] [Inventory Scroll] DOWN x250 at (1318, 622)
[03:48:54] [DEBUG] [Inventory Scroll] DOWN x250 at (1318, 622)
[03:49:02] [DEBUG] [Inventory Scroll] DOWN x250 at (1318, 622)
[03:49:11] [DEBUG] [Inventory Scroll] DOWN x250 at (1318, 622)
[03:49:21] [DEBUG] [Inventory Scroll] UP x1250 at (1318, 622)
[03:49:29] [DEBUG] [Inventory Scroll] DOWN x250 at (1318, 622)
[03:49:37] [DEBUG] [Inventory Scroll] DOWN x250 at (1318, 622)
[03:49:46] [DEBUG] [Inventory Scroll] DOWN x250 at (1318, 622)
[03:49:55] [DEBUG] [Inventory Scroll] DOWN x250 at (1318, 622)
[03:50:03] [DEBUG] [Inventory Scroll] DOWN x250 at (1318, 622)
[03:50:13] [DEBUG] [Inventory Scroll] UP x1250 at (1318, 622)
[03:50:21] [DEBUG] [Inventory Scroll] DOWN x250 at (1318, 622)
[03:50:22] [INFO] 
Template:   standard_chest.png [STANDARD REWARD CHEST]
Confidence: 0.9168
Position:   (1750, 910)
Action:     Left Click Open Chest
[03:50:23] [ACTION] Opened chest: standard_chest.png
[03:50:29] [DEBUG] [Inventory Scroll] DOWN x250 at (1318, 622)
[03:50:39] [DEBUG] [Inventory Scroll] DOWN x250 at (1318, 622)
[03:50:47] [DEBUG] [Inventory Scroll] DOWN x250 at (1318, 622)
[03:50:56] [DEBUG] [Inventory Scroll] DOWN x250 at (1318, 622)
[03:51:05] [DEBUG] [Inventory Scroll] UP x1250 at (1318, 622)
[03:51:14] [INFO] 
Template:   sacred_staff_common.png [Item to Sell]
Confidence: 0.9457
Position:   (1265, 572)
Action:     Alt + Right-Click
[03:51:14] [INFO] Sales Section Capacity: 3/3 slots filled.
[03:51:15] [ACTION] Placed for sale: sacred_staff_common.png [3/3]
[03:51:15] [INFO] 
Template:   sell_button.png [CONFIRM BATCH SELL]
Confidence: 0.9369
Position:   (1779, 644)
Status:     Sales slots FULL (3/3)
Action:     Left Click Sell Button
[03:51:15] [INFO] Batch sale completed! Reset sales slots to 0.
[03:51:16] [ACTION] Clicked Batch Confirm Sell!
[03:51:22] [DEBUG] [Inventory Scroll] DOWN x250 at (1318, 622)
[03:51:31] [DEBUG] [Inventory Scroll] DOWN x250 at (1318, 622)
[03:51:40] [DEBUG] [Inventory Scroll] DOWN x250 at (1318, 622)
[03:51:48] [DEBUG] [Inventory Scroll] DOWN x250 at (1318, 622)
[03:51:57] [DEBUG] [Inventory Scroll] DOWN x250 at (1318, 622)
[03:52:06] [DEBUG] [Inventory Scroll] UP x1250 at (1318, 622)
[03:52:14] [DEBUG] [Inventory Scroll] DOWN x250 at (1318, 622)
[03:52:27] [DEBUG] [Inventory Scroll] DOWN x250 at (1318, 622)
[03:52:34] [DEBUG] [Inventory Scroll] DOWN x250 at (1318, 622)
[03:52:43] [DEBUG] [Inventory Scroll] DOWN x250 at (1318, 622)
[03:52:55] [DEBUG] [Inventory Scroll] DOWN x250 at (1318, 622)
[03:53:03] [DEBUG] [Inventory Scroll] UP x1250 at (1318, 622)
[03:53:12] [DEBUG] [Inventory Scroll] DOWN x250 at (1318, 622)
[03:53:21] [DEBUG] [Inventory Scroll] DOWN x250 at (1318, 622)
[03:53:30] [DEBUG] [Inventory Scroll] DOWN x250 at (1318, 622)
[03:53:38] [DEBUG] [Inventory Scroll] DOWN x250 at (1318, 622)
[03:53:47] [DEBUG] [Inventory Scroll] DOWN x250 at (1318, 622)
[03:53:55] [DEBUG] [Inventory Scroll] UP x1250 at (1318, 622)
[03:54:04] [DEBUG] [Inventory Scroll] DOWN x250 at (1318, 622)
[03:54:13] [DEBUG] [Inventory Scroll] DOWN x250 at (1318, 622)
[03:54:21] [DEBUG] [Inventory Scroll] DOWN x250 at (1318, 622)
[03:54:30] [DEBUG] [Inventory Scroll] DOWN x250 at (1318, 622)
[03:54:30] [INFO] 
Template:   standard_chest.png [STANDARD REWARD CHEST]
Confidence: 0.9317
Position:   (1750, 910)
Action:     Left Click Open Chest
[03:54:32] [ACTION] Opened chest: standard_chest.png
[03:54:40] [DEBUG] [Inventory Scroll] DOWN x250 at (1318, 622)
[03:54:48] [DEBUG] [Inventory Scroll] UP x1250 at (1318, 622)
[03:54:55] [INFO] 
Template:   gold_ingot.png [Chest Stash]
Confidence: 0.9378
Position:   (1214, 572)
Action:     Ctrl + Right-Click
[03:54:56] [INFO] Stashed: gold_ingot.png (conf=0.94)
[03:55:05] [DEBUG] [Inventory Scroll] DOWN x250 at (1318, 622)
[03:55:13] [DEBUG] [Inventory Scroll] DOWN x250 at (1318, 622)
[03:55:22] [DEBUG] [Inventory Scroll] DOWN x250 at (1318, 622)
[03:55:32] [DEBUG] [Inventory Scroll] DOWN x250 at (1318, 622)
[03:55:40] [DEBUG] [Inventory Scroll] DOWN x250 at (1318, 622)
[03:55:48] [DEBUG] [Inventory Scroll] UP x1250 at (1318, 622)
[03:55:58] [DEBUG] [Inventory Scroll] DOWN x250 at (1318, 622)
[03:56:06] [DEBUG] [Inventory Scroll] DOWN x250 at (1318, 622)
[03:56:14] [DEBUG] [Inventory Scroll] DOWN x250 at (1318, 622)
[03:56:24] [DEBUG] [Inventory Scroll] DOWN x250 at (1318, 622)
[03:56:32] [DEBUG] [Inventory Scroll] DOWN x250 at (1318, 622)
[03:56:41] [DEBUG] [Inventory Scroll] UP x1250 at (1318, 622)
[03:56:51] [DEBUG] [Inventory Scroll] DOWN x250 at (1318, 622)
[03:56:59] [DEBUG] [Inventory Scroll] DOWN x250 at (1318, 622)
[03:57:07] [DEBUG] [Inventory Scroll] DOWN x250 at (1318, 622)
[03:57:17] [DEBUG] [Inventory Scroll] DOWN x250 at (1318, 622)
[03:57:25] [DEBUG] [Inventory Scroll] DOWN x250 at (1318, 622)
[03:57:34] [DEBUG] [Inventory Scroll] UP x1250 at (1318, 622)
[03:57:43] [DEBUG] [Inventory Scroll] DOWN x250 at (1318, 622)
[03:57:52] [DEBUG] [Inventory Scroll] DOWN x250 at (1318, 622)
[03:58:00] [DEBUG] [Inventory Scroll] DOWN x250 at (1318, 622)
[03:58:09] [DEBUG] [Inventory Scroll] DOWN x250 at (1318, 622)
[03:58:18] [DEBUG] [Inventory Scroll] DOWN x250 at (1318, 622)
[03:58:26] [DEBUG] [Inventory Scroll] UP x1250 at (1318, 622)
[03:58:36] [DEBUG] [Inventory Scroll] DOWN x250 at (1318, 622)
[03:58:44] [DEBUG] [Inventory Scroll] DOWN x250 at (1318, 622)
[03:58:52] [DEBUG] [Inventory Scroll] DOWN x250 at (1318, 622)
[03:59:02] [DEBUG] [Inventory Scroll] DOWN x250 at (1318, 622)
[03:59:11] [DEBUG] [Inventory Scroll] DOWN x250 at (1318, 622)
[03:59:19] [DEBUG] [Inventory Scroll] UP x1250 at (1318, 622)
[03:59:28] [DEBUG] [Inventory Scroll] DOWN x250 at (1318, 622)
[03:59:36] [DEBUG] [Inventory Scroll] DOWN x250 at (1318, 622)
[03:59:45] [DEBUG] [Inventory Scroll] DOWN x250 at (1318, 622)
[03:59:55] [DEBUG] [Inventory Scroll] DOWN x250 at (1318, 622)
[03:59:55] [INFO] 
Template:   standard_chest.png [STANDARD REWARD CHEST]
Confidence: 0.9180
Position:   (1750, 910)
Action:     Left Click Open Chest
[03:59:56] [ACTION] Opened chest: standard_chest.png
[04:00:03] [DEBUG] [Inventory Scroll] DOWN x250 at (1318, 622)
[04:00:11] [DEBUG] [Inventory Scroll] UP x1250 at (1318, 622)
[04:00:19] [INFO] 
Template:   bronze_ingot.png [Chest Stash]
Confidence: 0.9015
Position:   (1214, 572)
Action:     Ctrl + Right-Click
[04:00:20] [INFO] Stashed: bronze_ingot.png (conf=0.90)
[04:00:29] [DEBUG] [Inventory Scroll] DOWN x250 at (1318, 622)
[04:00:37] [DEBUG] [Inventory Scroll] DOWN x250 at (1318, 622)
[04:00:47] [DEBUG] [Inventory Scroll] DOWN x250 at (1318, 622)
[04:00:55] [DEBUG] [Inventory Scroll] DOWN x250 at (1318, 622)
[04:01:03] [DEBUG] [Inventory Scroll] DOWN x250 at (1318, 622)
[04:01:13] [DEBUG] [Inventory Scroll] UP x1250 at (1318, 622)
[04:01:22] [DEBUG] [Inventory Scroll] DOWN x250 at (1318, 622)
[04:01:30] [DEBUG] [Inventory Scroll] DOWN x250 at (1318, 622)
[04:01:39] [DEBUG] [Inventory Scroll] DOWN x250 at (1318, 622)
[04:01:47] [DEBUG] [Inventory Scroll] DOWN x250 at (1318, 622)
[04:01:56] [DEBUG] [Inventory Scroll] DOWN x250 at (1318, 622)
[04:02:06] [DEBUG] [Inventory Scroll] UP x1250 at (1318, 622)
[04:02:14] [DEBUG] [Inventory Scroll] DOWN x250 at (1318, 622)
[04:02:22] [DEBUG] [Inventory Scroll] DOWN x250 at (1318, 622)
[04:02:32] [DEBUG] [Inventory Scroll] DOWN x250 at (1318, 622)
[04:02:40] [DEBUG] [Inventory Scroll] DOWN x250 at (1318, 622)
[04:02:48] [DEBUG] [Inventory Scroll] DOWN x250 at (1318, 622)
[04:02:58] [DEBUG] [Inventory Scroll] UP x1250 at (1318, 622)
[04:03:06] [DEBUG] [Inventory Scroll] DOWN x250 at (1318, 622)
[04:03:14] [DEBUG] [Inventory Scroll] DOWN x250 at (1318, 622)
[04:03:25] [DEBUG] [Inventory Scroll] DOWN x250 at (1318, 622)
[04:03:33] [DEBUG] [Inventory Scroll] DOWN x250 at (1318, 622)
[04:03:41] [DEBUG] [Inventory Scroll] DOWN x250 at (1318, 622)
[04:03:50] [DEBUG] [Inventory Scroll] UP x1250 at (1318, 622)
[04:03:59] [DEBUG] [Inventory Scroll] DOWN x250 at (1318, 622)
[04:04:07] [DEBUG] [Inventory Scroll] DOWN x250 at (1318, 622)
[04:04:08] [INFO] 
Template:   standard_chest.png [STANDARD REWARD CHEST]
Confidence: 0.9384
Position:   (1750, 910)
Action:     Left Click Open Chest
[04:04:09] [ACTION] Opened chest: standard_chest.png
[04:04:18] [DEBUG] [Inventory Scroll] DOWN x250 at (1318, 622)
[04:04:26] [DEBUG] [Inventory Scroll] DOWN x250 at (1318, 622)
[04:04:34] [DEBUG] [Inventory Scroll] DOWN x250 at (1318, 622)
[04:04:44] [DEBUG] [Inventory Scroll] UP x1250 at (1318, 622)
[04:04:51] [INFO] 
Template:   limitless_bow_common.png [Item to Sell]
Confidence: 1.0000
Position:   (1214, 573)
Action:     Alt + Right-Click
[04:04:52] [INFO] Sales Section Capacity: 1/3 slots filled.
[04:04:52] [ACTION] Placed for sale: limitless_bow_common.png [1/3]
[04:05:00] [DEBUG] [Inventory Scroll] DOWN x250 at (1318, 622)
[04:05:10] [DEBUG] [Inventory Scroll] DOWN x250 at (1318, 622)
[04:05:18] [DEBUG] [Inventory Scroll] DOWN x250 at (1318, 622)
[04:05:27] [DEBUG] [Inventory Scroll] DOWN x250 at (1318, 622)
[04:05:36] [DEBUG] [Inventory Scroll] DOWN x250 at (1318, 622)
[04:05:45] [DEBUG] [Inventory Scroll] UP x1250 at (1318, 622)
[04:05:53] [DEBUG] [Inventory Scroll] DOWN x250 at (1318, 622)
[04:06:02] [DEBUG] [Inventory Scroll] DOWN x250 at (1318, 622)
[04:06:10] [DEBUG] [Inventory Scroll] DOWN x250 at (1318, 622)
[04:06:19] [DEBUG] [Inventory Scroll] DOWN x250 at (1318, 622)
[04:06:29] [DEBUG] [Inventory Scroll] DOWN x250 at (1318, 622)
[04:06:37] [DEBUG] [Inventory Scroll] UP x1250 at (1318, 622)
[04:06:45] [DEBUG] [Inventory Scroll] DOWN x250 at (1318, 622)
[04:06:55] [DEBUG] [Inventory Scroll] DOWN x250 at (1318, 622)
[04:07:03] [DEBUG] [Inventory Scroll] DOWN x250 at (1318, 622)
[04:07:11] [DEBUG] [Inventory Scroll] DOWN x250 at (1318, 622)
[04:07:21] [DEBUG] [Inventory Scroll] DOWN x250 at (1318, 622)
[04:07:29] [DEBUG] [Inventory Scroll] UP x1250 at (1318, 622)
[04:07:37] [DEBUG] [Inventory Scroll] DOWN x250 at (1318, 622)
[04:07:47] [DEBUG] [Inventory Scroll] DOWN x250 at (1318, 622)
[04:07:55] [DEBUG] [Inventory Scroll] DOWN x250 at (1318, 622)
[04:08:04] [DEBUG] [Inventory Scroll] DOWN x250 at (1318, 622)
[04:08:13] [DEBUG] [Inventory Scroll] DOWN x250 at (1318, 622)
[04:08:14] [INFO] 
Template:   standard_chest.png [STANDARD REWARD CHEST]
Confidence: 0.9421
Position:   (1750, 910)
Action:     Left Click Open Chest
[04:08:15] [ACTION] Opened chest: standard_chest.png
[04:08:21] [DEBUG] [Inventory Scroll] UP x1250 at (1318, 622)
[04:08:30] [INFO] 
Template:   limitless_bow_common.png [Item to Sell]
Confidence: 1.0000
Position:   (1264, 573)
Action:     Alt + Right-Click
[04:08:30] [INFO] Sales Section Capacity: 2/3 slots filled.
[04:08:31] [ACTION] Placed for sale: limitless_bow_common.png [2/3]
[04:08:40] [DEBUG] [Inventory Scroll] DOWN x250 at (1318, 622)
[04:08:49] [DEBUG] [Inventory Scroll] DOWN x250 at (1318, 622)
[04:08:57] [DEBUG] [Inventory Scroll] DOWN x250 at (1318, 622)
[04:09:07] [DEBUG] [Inventory Scroll] DOWN x250 at (1318, 622)
[04:09:15] [DEBUG] [Inventory Scroll] DOWN x250 at (1318, 622)
[04:09:23] [DEBUG] [Inventory Scroll] UP x1250 at (1318, 622)
[04:09:33] [DEBUG] [Inventory Scroll] DOWN x250 at (1318, 622)
[04:09:41] [DEBUG] [Inventory Scroll] DOWN x250 at (1318, 622)
[04:09:49] [DEBUG] [Inventory Scroll] DOWN x250 at (1318, 622)
[04:09:59] [DEBUG] [Inventory Scroll] DOWN x250 at (1318, 622)
[04:10:08] [DEBUG] [Inventory Scroll] DOWN x250 at (1318, 622)
[04:10:16] [DEBUG] [Inventory Scroll] UP x1250 at (1318, 622)
[04:10:26] [DEBUG] [Inventory Scroll] DOWN x250 at (1318, 622)
[04:10:34] [DEBUG] [Inventory Scroll] DOWN x250 at (1318, 622)
[04:10:42] [DEBUG] [Inventory Scroll] DOWN x250 at (1318, 622)
[04:10:52] [DEBUG] [Inventory Scroll] DOWN x250 at (1318, 622)
[04:11:01] [DEBUG] [Inventory Scroll] DOWN x250 at (1318, 622)
[04:11:08] [DEBUG] [Inventory Scroll] UP x1250 at (1318, 622)
[04:11:19] [DEBUG] [Inventory Scroll] DOWN x250 at (1318, 622)
[04:11:19] [INFO] 
Template:   boss_chest.png [BOSS REWARD CHEST]
Confidence: 0.9347
Position:   (1750, 911)
Action:     Left Click Open Boss Chest
[04:11:20] [ACTION] Opened chest: boss_chest.png
[04:11:27] [DEBUG] [Inventory Scroll] DOWN x250 at (1318, 622)
[04:11:35] [DEBUG] [Inventory Scroll] DOWN x250 at (1318, 622)
[04:11:45] [DEBUG] [Inventory Scroll] DOWN x250 at (1318, 622)
[04:11:53] [DEBUG] [Inventory Scroll] DOWN x250 at (1318, 622)
[04:12:01] [DEBUG] [Inventory Scroll] UP x1250 at (1318, 622)
[04:12:11] [INFO] 
Template:   sacred_staff_common.png [Item to Sell]
Confidence: 0.9457
Position:   (1365, 572)
Action:     Alt + Right-Click
[04:12:11] [INFO] Sales Section Capacity: 3/3 slots filled.
[04:12:12] [ACTION] Placed for sale: sacred_staff_common.png [3/3]
[04:12:12] [INFO] 
Template:   sell_button.png [CONFIRM BATCH SELL]
Confidence: 0.9369
Position:   (1779, 644)
Status:     Sales slots FULL (3/3)
Action:     Left Click Sell Button
[04:12:13] [INFO] Batch sale completed! Reset sales slots to 0.
[04:12:14] [ACTION] Clicked Batch Confirm Sell!
[04:12:19] [DEBUG] [Inventory Scroll] DOWN x250 at (1318, 622)
[04:12:20] [INFO] 
Template:   standard_chest.png [STANDARD REWARD CHEST]
Confidence: 0.9182
Position:   (1750, 910)
Action:     Left Click Open Chest
[04:12:21] [ACTION] Opened chest: standard_chest.png
[04:12:28] [DEBUG] [Inventory Scroll] DOWN x250 at (1318, 622)
[04:12:37] [DEBUG] [Inventory Scroll] DOWN x250 at (1318, 622)
[04:12:45] [DEBUG] [Inventory Scroll] DOWN x250 at (1318, 622)
[04:12:54] [DEBUG] [Inventory Scroll] DOWN x250 at (1318, 622)
[04:13:04] [DEBUG] [Inventory Scroll] UP x1250 at (1318, 622)
[04:13:12] [INFO] 
Template:   limitless_bow_common.png [Item to Sell]
Confidence: 0.8805
Position:   (1214, 573)
Action:     Alt + Right-Click
[04:13:12] [INFO] Sales Section Capacity: 1/3 slots filled.
[04:13:12] [ACTION] Placed for sale: limitless_bow_common.png [1/3]
[04:13:20] [DEBUG] [Inventory Scroll] DOWN x250 at (1318, 622)
[04:13:30] [DEBUG] [Inventory Scroll] DOWN x250 at (1318, 622)
[04:13:38] [DEBUG] [Inventory Scroll] DOWN x250 at (1318, 622)
[04:13:46] [DEBUG] [Inventory Scroll] DOWN x250 at (1318, 622)
[04:13:56] [DEBUG] [Inventory Scroll] DOWN x250 at (1318, 622)
[04:14:04] [DEBUG] [Inventory Scroll] UP x1250 at (1318, 622)
[04:14:12] [DEBUG] [Inventory Scroll] DOWN x250 at (1318, 622)
[04:14:22] [DEBUG] [Inventory Scroll] DOWN x250 at (1318, 622)
[04:14:30] [DEBUG] [Inventory Scroll] DOWN x250 at (1318, 622)
[04:14:39] [DEBUG] [Inventory Scroll] DOWN x250 at (1318, 622)
[04:14:48] [DEBUG] [Inventory Scroll] DOWN x250 at (1318, 622)
[04:14:56] [DEBUG] [Inventory Scroll] UP x1250 at (1318, 622)
[04:15:05] [DEBUG] [Inventory Scroll] DOWN x250 at (1318, 622)
[04:15:15] [DEBUG] [Inventory Scroll] DOWN x250 at (1318, 622)
[04:15:23] [DEBUG] [Inventory Scroll] DOWN x250 at (1318, 622)
[04:15:31] [DEBUG] [Inventory Scroll] DOWN x250 at (1318, 622)
[04:15:40] [DEBUG] [Inventory Scroll] DOWN x250 at (1318, 622)
[04:15:49] [DEBUG] [Inventory Scroll] UP x1250 at (1318, 622)
[04:15:57] [DEBUG] [Inventory Scroll] DOWN x250 at (1318, 622)
[04:16:06] [DEBUG] [Inventory Scroll] DOWN x250 at (1318, 622)
[04:16:15] [DEBUG] [Inventory Scroll] DOWN x250 at (1318, 622)
[04:16:23] [DEBUG] [Inventory Scroll] DOWN x250 at (1318, 622)
[04:16:33] [DEBUG] [Inventory Scroll] DOWN x250 at (1318, 622)
[04:16:34] [INFO] 
Template:   standard_chest.png [STANDARD REWARD CHEST]
Confidence: 0.9180
Position:   (1750, 910)
Action:     Left Click Open Chest
[04:16:35] [ACTION] Opened chest: standard_chest.png
[04:16:41] [DEBUG] [Inventory Scroll] UP x1250 at (1318, 622)
[04:16:48] [INFO] 
Template:   silver_ingot.png [Chest Stash]
Confidence: 0.9158
Position:   (1265, 572)
Action:     Ctrl + Right-Click
[04:16:49] [INFO] Stashed: silver_ingot.png (conf=0.92)
[04:16:58] [DEBUG] [Inventory Scroll] DOWN x250 at (1318, 622)
[04:17:06] [DEBUG] [Inventory Scroll] DOWN x250 at (1318, 622)
[04:17:15] [DEBUG] [Inventory Scroll] DOWN x250 at (1318, 622)
[04:17:25] [DEBUG] [Inventory Scroll] DOWN x250 at (1318, 622)
[04:17:34] [DEBUG] [Inventory Scroll] DOWN x250 at (1318, 622)
[04:17:41] [DEBUG] [Inventory Scroll] UP x1250 at (1318, 622)
[04:17:51] [DEBUG] [Inventory Scroll] DOWN x250 at (1318, 622)
[04:17:59] [DEBUG] [Inventory Scroll] DOWN x250 at (1318, 622)
[04:18:07] [DEBUG] [Inventory Scroll] DOWN x250 at (1318, 622)
[04:18:17] [DEBUG] [Inventory Scroll] DOWN x250 at (1318, 622)
[04:18:25] [DEBUG] [Inventory Scroll] DOWN x250 at (1318, 622)
[04:18:33] [DEBUG] [Inventory Scroll] UP x1250 at (1318, 622)
[04:18:43] [DEBUG] [Inventory Scroll] DOWN x250 at (1318, 622)
[04:18:51] [DEBUG] [Inventory Scroll] DOWN x250 at (1318, 622)
[04:19:00] [DEBUG] [Inventory Scroll] DOWN x250 at (1318, 622)
[04:19:09] [DEBUG] [Inventory Scroll] DOWN x250 at (1318, 622)
[04:19:18] [DEBUG] [Inventory Scroll] DOWN x250 at (1318, 622)
[04:19:27] [DEBUG] [Inventory Scroll] UP x1250 at (1318, 622)
[04:19:37] [DEBUG] [Inventory Scroll] DOWN x250 at (1318, 622)
[04:19:45] [DEBUG] [Inventory Scroll] DOWN x250 at (1318, 622)
[04:19:53] [DEBUG] [Inventory Scroll] DOWN x250 at (1318, 622)
[04:20:02] [DEBUG] [Inventory Scroll] DOWN x250 at (1318, 622)
[04:20:11] [DEBUG] [Inventory Scroll] DOWN x250 at (1318, 622)
[04:20:19] [DEBUG] [Inventory Scroll] UP x1250 at (1318, 622)
[04:20:28] [DEBUG] [Inventory Scroll] DOWN x250 at (1318, 622)
[04:20:37] [DEBUG] [Inventory Scroll] DOWN x250 at (1318, 622)
[04:20:45] [DEBUG] [Inventory Scroll] DOWN x250 at (1318, 622)
[04:20:55] [DEBUG] [Inventory Scroll] DOWN x250 at (1318, 622)
[04:21:03] [DEBUG] [Inventory Scroll] DOWN x250 at (1318, 622)
[04:21:11] [DEBUG] [Inventory Scroll] UP x1250 at (1318, 622)
[04:21:21] [DEBUG] [Inventory Scroll] DOWN x250 at (1318, 622)
[04:21:21] [INFO] 
Template:   standard_chest.png [STANDARD REWARD CHEST]
Confidence: 0.9180
Position:   (1750, 910)
Action:     Left Click Open Chest
[04:21:22] [ACTION] Opened chest: standard_chest.png
[04:21:29] [DEBUG] [Inventory Scroll] DOWN x250 at (1318, 622)
[04:21:37] [DEBUG] [Inventory Scroll] DOWN x250 at (1318, 622)
[04:21:47] [DEBUG] [Inventory Scroll] DOWN x250 at (1318, 622)
[04:21:56] [DEBUG] [Inventory Scroll] DOWN x250 at (1318, 622)
[04:22:04] [DEBUG] [Inventory Scroll] UP x1250 at (1318, 622)
[04:22:13] [INFO] 
Template:   limitless_bow_common.png [Item to Sell]
Confidence: 1.0000
Position:   (1264, 573)
Action:     Alt + Right-Click
[04:22:13] [INFO] Sales Section Capacity: 2/3 slots filled.
[04:22:14] [ACTION] Placed for sale: limitless_bow_common.png [2/3]
[04:22:21] [DEBUG] [Inventory Scroll] DOWN x250 at (1318, 622)
[04:22:30] [DEBUG] [Inventory Scroll] DOWN x250 at (1318, 622)
[04:22:39] [DEBUG] [Inventory Scroll] DOWN x250 at (1318, 622)
[04:22:48] [DEBUG] [Inventory Scroll] DOWN x250 at (1318, 622)
[04:22:56] [DEBUG] [Inventory Scroll] DOWN x250 at (1318, 622)
[04:23:06] [DEBUG] [Inventory Scroll] UP x1250 at (1318, 622)
[04:23:14] [DEBUG] [Inventory Scroll] DOWN x250 at (1318, 622)
[04:23:22] [DEBUG] [Inventory Scroll] DOWN x250 at (1318, 622)
[04:23:32] [DEBUG] [Inventory Scroll] DOWN x250 at (1318, 622)
[04:23:40] [DEBUG] [Inventory Scroll] DOWN x250 at (1318, 622)
[04:23:48] [DEBUG] [Inventory Scroll] DOWN x250 at (1318, 622)
[04:23:58] [DEBUG] [Inventory Scroll] UP x1250 at (1318, 622)
[04:24:07] [DEBUG] [Inventory Scroll] DOWN x250 at (1318, 622)
[04:24:15] [DEBUG] [Inventory Scroll] DOWN x250 at (1318, 622)
[04:24:24] [DEBUG] [Inventory Scroll] DOWN x250 at (1318, 622)
[04:24:33] [DEBUG] [Inventory Scroll] DOWN x250 at (1318, 622)
[04:24:41] [DEBUG] [Inventory Scroll] DOWN x250 at (1318, 622)
[04:24:50] [DEBUG] [Inventory Scroll] UP x1250 at (1318, 622)
[04:24:59] [DEBUG] [Inventory Scroll] DOWN x250 at (1318, 622)
[04:25:07] [DEBUG] [Inventory Scroll] DOWN x250 at (1318, 622)
[04:25:17] [DEBUG] [Inventory Scroll] DOWN x250 at (1318, 622)
[04:25:25] [DEBUG] [Inventory Scroll] DOWN x250 at (1318, 622)
[04:25:33] [DEBUG] [Inventory Scroll] DOWN x250 at (1318, 622)
[04:25:43] [DEBUG] [Inventory Scroll] UP x1250 at (1318, 622)
[04:25:51] [DEBUG] [Inventory Scroll] DOWN x250 at (1318, 622)
[04:25:59] [DEBUG] [Inventory Scroll] DOWN x250 at (1318, 622)
[04:26:09] [DEBUG] [Inventory Scroll] DOWN x250 at (1318, 622)
[04:26:10] [INFO] 
Template:   standard_chest.png [STANDARD REWARD CHEST]
Confidence: 0.9170
Position:   (1750, 910)
Action:     Left Click Open Chest
[04:26:11] [ACTION] Opened chest: standard_chest.png
[04:26:18] [DEBUG] [Inventory Scroll] DOWN x250 at (1318, 622)
[04:26:26] [DEBUG] [Inventory Scroll] DOWN x250 at (1318, 622)
[04:26:35] [DEBUG] [Inventory Scroll] UP x1250 at (1318, 622)
[04:26:42] [INFO] 
Template:   item_20260818_014638.png [Item to Sell]
Confidence: 1.0000
Position:   (1365, 572)
Action:     Alt + Right-Click
[04:26:43] [INFO] Sales Section Capacity: 3/3 slots filled.
[04:26:43] [ACTION] Placed for sale: item_20260818_014638.png [3/3]
[04:26:44] [INFO] 
Template:   sell_button.png [CONFIRM BATCH SELL]
Confidence: 0.9369
Position:   (1779, 644)
Status:     Sales slots FULL (3/3)
Action:     Left Click Sell Button
[04:26:44] [INFO] Batch sale completed! Reset sales slots to 0.
[04:26:45] [ACTION] Clicked Batch Confirm Sell!
[04:26:52] [DEBUG] [Inventory Scroll] DOWN x250 at (1318, 622)
[04:27:01] [DEBUG] [Inventory Scroll] DOWN x250 at (1318, 622)
[04:27:10] [DEBUG] [Inventory Scroll] DOWN x250 at (1318, 622)
[04:27:18] [DEBUG] [Inventory Scroll] DOWN x250 at (1318, 622)
[04:27:28] [DEBUG] [Inventory Scroll] DOWN x250 at (1318, 622)
[04:27:35] [DEBUG] [Inventory Scroll] UP x1250 at (1318, 622)
[04:27:44] [DEBUG] [Inventory Scroll] DOWN x250 at (1318, 622)
[04:27:53] [DEBUG] [Inventory Scroll] DOWN x250 at (1318, 622)
[04:28:01] [DEBUG] [Inventory Scroll] DOWN x250 at (1318, 622)
[04:28:11] [DEBUG] [Inventory Scroll] DOWN x250 at (1318, 622)
[04:28:22] [DEBUG] [Inventory Scroll] DOWN x250 at (1318, 622)
[04:28:31] [DEBUG] [Inventory Scroll] UP x1250 at (1318, 622)
[04:28:39] [DEBUG] [Inventory Scroll] DOWN x250 at (1318, 622)
[04:28:48] [DEBUG] [Inventory Scroll] DOWN x250 at (1318, 622)
[04:28:56] [DEBUG] [Inventory Scroll] DOWN x250 at (1318, 622)
[04:29:05] [DEBUG] [Inventory Scroll] DOWN x250 at (1318, 622)
[04:29:15] [DEBUG] [Inventory Scroll] DOWN x250 at (1318, 622)
[04:29:23] [DEBUG] [Inventory Scroll] UP x1250 at (1318, 622)
[04:29:31] [DEBUG] [Inventory Scroll] DOWN x250 at (1318, 622)
[04:29:31] [INFO] 
Template:   boss_chest.png [BOSS REWARD CHEST]
Confidence: 0.9384
Position:   (1750, 911)
Action:     Left Click Open Boss Chest
[04:29:32] [ACTION] Opened chest: boss_chest.png
[04:29:41] [DEBUG] [Inventory Scroll] DOWN x250 at (1318, 622)
[04:29:49] [DEBUG] [Inventory Scroll] DOWN x250 at (1318, 622)
[04:29:58] [DEBUG] [Inventory Scroll] DOWN x250 at (1318, 622)
[04:30:07] [DEBUG] [Inventory Scroll] DOWN x250 at (1318, 622)
[04:30:15] [DEBUG] [Inventory Scroll] UP x1250 at (1318, 622)
[04:30:23] [INFO] 
Template:   limitless_bow_common.png [Item to Sell]
Confidence: 0.9580
Position:   (1214, 573)
Action:     Alt + Right-Click
[04:30:23] [INFO] Sales Section Capacity: 1/3 slots filled.
[04:30:24] [ACTION] Placed for sale: limitless_bow_common.png [1/3]
[04:30:33] [DEBUG] [Inventory Scroll] DOWN x250 at (1318, 622)
[04:30:34] [INFO] 
Template:   standard_chest.png [STANDARD REWARD CHEST]
Confidence: 0.9172
Position:   (1750, 910)
Action:     Left Click Open Chest
[04:30:35] [ACTION] Opened chest: standard_chest.png
[04:30:42] [DEBUG] [Inventory Scroll] DOWN x250 at (1318, 622)
[04:30:50] [DEBUG] [Inventory Scroll] DOWN x250 at (1318, 622)
[04:30:59] [DEBUG] [Inventory Scroll] DOWN x250 at (1318, 622)
[04:31:08] [DEBUG] [Inventory Scroll] DOWN x250 at (1318, 622)
[04:31:16] [DEBUG] [Inventory Scroll] UP x1250 at (1318, 622)
[04:31:24] [INFO] 
Template:   silver_ingot.png [Chest Stash]
Confidence: 0.9158
Position:   (1265, 572)
Action:     Ctrl + Right-Click
[04:31:25] [INFO] Stashed: silver_ingot.png (conf=0.92)
[04:31:34] [DEBUG] [Inventory Scroll] DOWN x250 at (1318, 622)
[04:31:42] [DEBUG] [Inventory Scroll] DOWN x250 at (1318, 622)
[04:31:52] [DEBUG] [Inventory Scroll] DOWN x250 at (1318, 622)
[04:32:00] [DEBUG] [Inventory Scroll] DOWN x250 at (1318, 622)
[04:32:08] [DEBUG] [Inventory Scroll] DOWN x250 at (1318, 622)
[04:32:18] [DEBUG] [Inventory Scroll] UP x1250 at (1318, 622)
[04:32:26] [DEBUG] [Inventory Scroll] DOWN x250 at (1318, 622)
[04:32:34] [DEBUG] [Inventory Scroll] DOWN x250 at (1318, 622)
[04:32:44] [DEBUG] [Inventory Scroll] DOWN x250 at (1318, 622)
[04:32:52] [DEBUG] [Inventory Scroll] DOWN x250 at (1318, 622)
[04:33:01] [DEBUG] [Inventory Scroll] DOWN x250 at (1318, 622)
[04:33:10] [DEBUG] [Inventory Scroll] UP x1250 at (1318, 622)
[04:33:18] [DEBUG] [Inventory Scroll] DOWN x250 at (1318, 622)
[04:33:27] [DEBUG] [Inventory Scroll] DOWN x250 at (1318, 622)
[04:33:36] [DEBUG] [Inventory Scroll] DOWN x250 at (1318, 622)
[04:33:45] [DEBUG] [Inventory Scroll] DOWN x250 at (1318, 622)
[04:33:53] [DEBUG] [Inventory Scroll] DOWN x250 at (1318, 622)
[04:34:03] [DEBUG] [Inventory Scroll] UP x1250 at (1318, 622)
[04:34:10] [DEBUG] [Inventory Scroll] DOWN x250 at (1318, 622)
[04:34:19] [DEBUG] [Inventory Scroll] DOWN x250 at (1318, 622)
[04:34:28] [DEBUG] [Inventory Scroll] DOWN x250 at (1318, 622)
[04:34:36] [DEBUG] [Inventory Scroll] DOWN x250 at (1318, 622)
[04:34:45] [DEBUG] [Inventory Scroll] DOWN x250 at (1318, 622)
[04:34:54] [DEBUG] [Inventory Scroll] UP x1250 at (1318, 622)
[04:34:55] [INFO] 
Template:   standard_chest.png [STANDARD REWARD CHEST]
Confidence: 0.9180
Position:   (1750, 910)
Action:     Left Click Open Chest
[04:34:56] [ACTION] Opened chest: standard_chest.png
[04:35:01] [INFO] 
Template:   pearl.png [Chest Stash]
Confidence: 1.0000
Position:   (1264, 572)
Action:     Ctrl + Right-Click
[04:35:02] [INFO] Stashed: pearl.png (conf=1.00)
[04:35:11] [DEBUG] [Inventory Scroll] DOWN x250 at (1318, 622)
[04:35:20] [DEBUG] [Inventory Scroll] DOWN x250 at (1318, 622)
[04:35:29] [DEBUG] [Inventory Scroll] DOWN x250 at (1318, 622)
[04:35:37] [DEBUG] [Inventory Scroll] DOWN x250 at (1318, 622)
[04:35:47] [DEBUG] [Inventory Scroll] DOWN x250 at (1318, 622)
[04:35:55] [DEBUG] [Inventory Scroll] UP x1250 at (1318, 622)
[04:36:03] [DEBUG] [Inventory Scroll] DOWN x250 at (1318, 622)
[04:36:13] [DEBUG] [Inventory Scroll] DOWN x250 at (1318, 622)
[04:36:21] [DEBUG] [Inventory Scroll] DOWN x250 at (1318, 622)
[04:36:29] [DEBUG] [Inventory Scroll] DOWN x250 at (1318, 622)
[04:36:38] [DEBUG] [Inventory Scroll] DOWN x250 at (1318, 622)
[04:36:47] [DEBUG] [Inventory Scroll] UP x1250 at (1318, 622)
[04:36:55] [DEBUG] [Inventory Scroll] DOWN x250 at (1318, 622)
[04:37:05] [DEBUG] [Inventory Scroll] DOWN x250 at (1318, 622)
[04:37:13] [DEBUG] [Inventory Scroll] DOWN x250 at (1318, 622)
[04:37:22] [DEBUG] [Inventory Scroll] DOWN x250 at (1318, 622)
[04:37:31] [DEBUG] [Inventory Scroll] DOWN x250 at (1318, 622)
[04:37:39] [DEBUG] [Inventory Scroll] UP x1250 at (1318, 622)
[04:37:47] [DEBUG] [Inventory Scroll] DOWN x250 at (1318, 622)
[04:37:57] [DEBUG] [Inventory Scroll] DOWN x250 at (1318, 622)
[04:38:05] [DEBUG] [Inventory Scroll] DOWN x250 at (1318, 622)
[04:38:14] [DEBUG] [Inventory Scroll] DOWN x250 at (1318, 622)
[04:38:23] [DEBUG] [Inventory Scroll] DOWN x250 at (1318, 622)
[04:38:31] [DEBUG] [Inventory Scroll] UP x1250 at (1318, 622)
[04:38:39] [DEBUG] [Inventory Scroll] DOWN x250 at (1318, 622)
[04:38:49] [DEBUG] [Inventory Scroll] DOWN x250 at (1318, 622)
[04:38:57] [DEBUG] [Inventory Scroll] DOWN x250 at (1318, 622)
[04:39:05] [DEBUG] [Inventory Scroll] DOWN x250 at (1318, 622)
[04:39:15] [DEBUG] [Inventory Scroll] DOWN x250 at (1318, 622)
[04:39:16] [INFO] 
Template:   standard_chest.png [STANDARD REWARD CHEST]
Confidence: 0.9353
Position:   (1750, 910)
Action:     Left Click Open Chest
[04:39:17] [ACTION] Opened chest: standard_chest.png
[04:39:23] [DEBUG] [Inventory Scroll] UP x1250 at (1318, 622)
[04:39:31] [INFO] 
Template:   item_20260818_014638.png [Item to Sell]
Confidence: 1.0000
Position:   (1265, 572)
Action:     Alt + Right-Click
[04:39:31] [INFO] Sales Section Capacity: 2/3 slots filled.
[04:39:32] [ACTION] Placed for sale: item_20260818_014638.png [2/3]
[04:39:41] [DEBUG] [Inventory Scroll] DOWN x250 at (1318, 622)
[04:39:49] [DEBUG] [Inventory Scroll] DOWN x250 at (1318, 622)
[04:39:58] [DEBUG] [Inventory Scroll] DOWN x250 at (1318, 622)
[04:40:07] [DEBUG] [Inventory Scroll] DOWN x250 at (1318, 622)
[04:40:15] [DEBUG] [Inventory Scroll] DOWN x250 at (1318, 622)
[04:40:24] [DEBUG] [Inventory Scroll] UP x1250 at (1318, 622)
[04:40:33] [DEBUG] [Inventory Scroll] DOWN x250 at (1318, 622)
[04:40:41] [DEBUG] [Inventory Scroll] DOWN x250 at (1318, 622)
[04:40:50] [DEBUG] [Inventory Scroll] DOWN x250 at (1318, 622)
[04:40:59] [DEBUG] [Inventory Scroll] DOWN x250 at (1318, 622)
[04:41:07] [DEBUG] [Inventory Scroll] DOWN x250 at (1318, 622)
[04:41:16] [DEBUG] [Inventory Scroll] UP x1250 at (1318, 622)
[04:41:26] [DEBUG] [Inventory Scroll] DOWN x250 at (1318, 622)
[04:41:34] [DEBUG] [Inventory Scroll] DOWN x250 at (1318, 622)
[04:41:43] [DEBUG] [Inventory Scroll] DOWN x250 at (1318, 622)
[04:41:52] [DEBUG] [Inventory Scroll] DOWN x250 at (1318, 622)
[04:42:00] [DEBUG] [Inventory Scroll] DOWN x250 at (1318, 622)
[04:42:09] [DEBUG] [Inventory Scroll] UP x1250 at (1318, 622)
[04:42:18] [DEBUG] [Inventory Scroll] DOWN x250 at (1318, 622)
[04:42:26] [DEBUG] [Inventory Scroll] DOWN x250 at (1318, 622)
[04:42:35] [DEBUG] [Inventory Scroll] DOWN x250 at (1318, 622)
[04:42:45] [DEBUG] [Inventory Scroll] DOWN x250 at (1318, 622)
[04:42:53] [DEBUG] [Inventory Scroll] DOWN x250 at (1318, 622)
[04:43:01] [DEBUG] [Inventory Scroll] UP x1250 at (1318, 622)
[04:43:10] [DEBUG] [Inventory Scroll] DOWN x250 at (1318, 622)
[04:43:19] [DEBUG] [Inventory Scroll] DOWN x250 at (1318, 622)
[04:43:19] [INFO] 
Template:   standard_chest.png [STANDARD REWARD CHEST]
Confidence: 0.9180
Position:   (1750, 910)
Action:     Left Click Open Chest
[04:43:21] [ACTION] Opened chest: standard_chest.png
[04:43:27] [DEBUG] [Inventory Scroll] DOWN x250 at (1318, 622)
[04:43:37] [DEBUG] [Inventory Scroll] DOWN x250 at (1318, 622)
[04:43:45] [DEBUG] [Inventory Scroll] DOWN x250 at (1318, 622)
[04:43:54] [DEBUG] [Inventory Scroll] UP x1250 at (1318, 622)
[04:44:02] [INFO] 
Template:   fighter_helmet_common.png [Item to Sell]
Confidence: 1.0000
Position:   (1365, 572)
Action:     Alt + Right-Click
[04:44:02] [INFO] Sales Section Capacity: 3/3 slots filled.
[04:44:03] [ACTION] Placed for sale: fighter_helmet_common.png [3/3]
[04:44:03] [INFO] 
Template:   sell_button.png [CONFIRM BATCH SELL]
Confidence: 0.9369
Position:   (1779, 644)
Status:     Sales slots FULL (3/3)
Action:     Left Click Sell Button
[04:44:04] [INFO] Batch sale completed! Reset sales slots to 0.
[04:44:05] [ACTION] Clicked Batch Confirm Sell!
[04:44:11] [DEBUG] [Inventory Scroll] DOWN x250 at (1318, 622)
[04:44:19] [DEBUG] [Inventory Scroll] DOWN x250 at (1318, 622)
[04:44:29] [DEBUG] [Inventory Scroll] DOWN x250 at (1318, 622)
[04:44:37] [DEBUG] [Inventory Scroll] DOWN x250 at (1318, 622)
[04:44:46] [DEBUG] [Inventory Scroll] DOWN x250 at (1318, 622)
[04:44:55] [DEBUG] [Inventory Scroll] UP x1250 at (1318, 622)
[04:45:04] [DEBUG] [Inventory Scroll] DOWN x250 at (1318, 622)
[04:45:12] [DEBUG] [Inventory Scroll] DOWN x250 at (1318, 622)
[04:45:21] [DEBUG] [Inventory Scroll] DOWN x250 at (1318, 622)
[04:45:29] [DEBUG] [Inventory Scroll] DOWN x250 at (1318, 622)
[04:45:38] [DEBUG] [Inventory Scroll] DOWN x250 at (1318, 622)
[04:45:47] [DEBUG] [Inventory Scroll] UP x1250 at (1318, 622)
[04:45:55] [DEBUG] [Inventory Scroll] DOWN x250 at (1318, 622)
[04:46:04] [DEBUG] [Inventory Scroll] DOWN x250 at (1318, 622)
[04:46:14] [DEBUG] [Inventory Scroll] DOWN x250 at (1318, 622)
[04:46:22] [DEBUG] [Inventory Scroll] DOWN x250 at (1318, 622)
[04:46:30] [DEBUG] [Inventory Scroll] DOWN x250 at (1318, 622)
[04:46:39] [DEBUG] [Inventory Scroll] UP x1250 at (1318, 622)
[04:46:48] [DEBUG] [Inventory Scroll] DOWN x250 at (1318, 622)
[04:46:57] [DEBUG] [Inventory Scroll] DOWN x250 at (1318, 622)
[04:47:06] [DEBUG] [Inventory Scroll] DOWN x250 at (1318, 622)
[04:47:14] [DEBUG] [Inventory Scroll] DOWN x250 at (1318, 622)
[04:47:22] [DEBUG] [Inventory Scroll] DOWN x250 at (1318, 622)
[04:47:23] [INFO] 
Template:   boss_chest.png [BOSS REWARD CHEST]
Confidence: 0.9372
Position:   (1750, 911)
Action:     Left Click Open Boss Chest
[04:47:24] [ACTION] Opened chest: boss_chest.png
[04:47:32] [DEBUG] [Inventory Scroll] UP x1250 at (1318, 622)
[04:47:33] [INFO] 
Template:   standard_chest.png [STANDARD REWARD CHEST]
Confidence: 0.9386
Position:   (1750, 910)
Action:     Left Click Open Chest
[04:47:34] [ACTION] Opened chest: standard_chest.png
[04:47:38] [INFO] 
Template:   gold_ingot.png [Chest Stash]
Confidence: 0.9378
Position:   (1214, 572)
Action:     Ctrl + Right-Click
[04:47:40] [INFO] Stashed: gold_ingot.png (conf=0.94)
[04:47:48] [INFO] 
Template:   sacred_staff_common.png [Item to Sell]
Confidence: 0.9457
Position:   (1265, 572)
Action:     Alt + Right-Click
[04:47:49] [INFO] Sales Section Capacity: 1/3 slots filled.
[04:47:50] [ACTION] Placed for sale: sacred_staff_common.png [1/3]
[04:48:00] [DEBUG] [Inventory Scroll] DOWN x250 at (1318, 622)
[04:48:07] [DEBUG] [Inventory Scroll] DOWN x250 at (1318, 622)
[04:48:16] [DEBUG] [Inventory Scroll] DOWN x250 at (1318, 622)
[04:48:26] [DEBUG] [Inventory Scroll] DOWN x250 at (1318, 622)
[04:48:34] [DEBUG] [Inventory Scroll] DOWN x250 at (1318, 622)
[04:48:42] [DEBUG] [Inventory Scroll] UP x1250 at (1318, 622)
[04:48:51] [DEBUG] [Inventory Scroll] DOWN x250 at (1318, 622)
[04:49:00] [DEBUG] [Inventory Scroll] DOWN x250 at (1318, 622)
[04:49:09] [DEBUG] [Inventory Scroll] DOWN x250 at (1318, 622)
[04:49:18] [DEBUG] [Inventory Scroll] DOWN x250 at (1318, 622)
[04:49:26] [DEBUG] [Inventory Scroll] DOWN x250 at (1318, 622)
[04:49:34] [DEBUG] [Inventory Scroll] UP x1250 at (1318, 622)
[04:49:44] [DEBUG] [Inventory Scroll] DOWN x250 at (1318, 622)
[04:49:52] [DEBUG] [Inventory Scroll] DOWN x250 at (1318, 622)
[04:50:00] [DEBUG] [Inventory Scroll] DOWN x250 at (1318, 622)
[04:50:10] [DEBUG] [Inventory Scroll] DOWN x250 at (1318, 622)
[04:50:18] [DEBUG] [Inventory Scroll] DOWN x250 at (1318, 622)
[04:50:27] [DEBUG] [Inventory Scroll] UP x1250 at (1318, 622)
[04:50:36] [DEBUG] [Inventory Scroll] DOWN x250 at (1318, 622)
[04:50:45] [DEBUG] [Inventory Scroll] DOWN x250 at (1318, 622)
[04:50:53] [DEBUG] [Inventory Scroll] DOWN x250 at (1318, 622)
[04:51:02] [DEBUG] [Inventory Scroll] DOWN x250 at (1318, 622)
[04:51:11] [DEBUG] [Inventory Scroll] DOWN x250 at (1318, 622)
[04:51:20] [DEBUG] [Inventory Scroll] UP x1250 at (1318, 622)
[04:51:29] [DEBUG] [Inventory Scroll] DOWN x250 at (1318, 622)
[04:51:37] [DEBUG] [Inventory Scroll] DOWN x250 at (1318, 622)
[04:51:46] [DEBUG] [Inventory Scroll] DOWN x250 at (1318, 622)
[04:51:46] [INFO] 
Template:   standard_chest.png [STANDARD REWARD CHEST]
Confidence: 0.9243
Position:   (1750, 910)
Action:     Left Click Open Chest
[04:51:47] [ACTION] Opened chest: standard_chest.png
[04:51:55] [DEBUG] [Inventory Scroll] DOWN x250 at (1318, 622)
[04:52:04] [DEBUG] [Inventory Scroll] DOWN x250 at (1318, 622)
[04:52:12] [DEBUG] [Inventory Scroll] UP x1250 at (1318, 622)
[04:52:22] [DEBUG] [Inventory Scroll] DOWN x250 at (1318, 622)
[04:52:30] [DEBUG] [Inventory Scroll] DOWN x250 at (1318, 622)
[04:52:38] [DEBUG] [Inventory Scroll] DOWN x250 at (1318, 622)
[04:52:48] [DEBUG] [Inventory Scroll] DOWN x250 at (1318, 622)
[04:52:56] [DEBUG] [Inventory Scroll] DOWN x250 at (1318, 622)
[04:53:05] [DEBUG] [Inventory Scroll] UP x1250 at (1318, 622)
[04:53:14] [DEBUG] [Inventory Scroll] DOWN x250 at (1318, 622)
[04:53:22] [DEBUG] [Inventory Scroll] DOWN x250 at (1318, 622)
[04:53:31] [DEBUG] [Inventory Scroll] DOWN x250 at (1318, 622)
[04:53:40] [DEBUG] [Inventory Scroll] DOWN x250 at (1318, 622)
[04:53:41] [INFO] 
Template:   boss_chest.png [BOSS REWARD CHEST]
Confidence: 0.9323
Position:   (1750, 911)
Action:     Left Click Open Boss Chest
[04:53:42] [ACTION] Opened chest: boss_chest.png
[04:53:49] [DEBUG] [Inventory Scroll] DOWN x250 at (1318, 622)
[04:53:57] [DEBUG] [Inventory Scroll] UP x1250 at (1318, 622)
[04:54:05] [INFO] 
Template:   skull.png [Chest Stash]
Confidence: 1.0000
Position:   (1364, 571)
Action:     Ctrl + Right-Click
[04:54:06] [INFO] Stashed: skull.png (conf=1.00)
[04:54:15] [DEBUG] [Inventory Scroll] DOWN x250 at (1318, 622)
[04:54:23] [DEBUG] [Inventory Scroll] DOWN x250 at (1318, 622)
[04:54:33] [DEBUG] [Inventory Scroll] DOWN x250 at (1318, 622)
[04:54:41] [DEBUG] [Inventory Scroll] DOWN x250 at (1318, 622)
[04:54:50] [DEBUG] [Inventory Scroll] DOWN x250 at (1318, 622)
[04:55:00] [DEBUG] [Inventory Scroll] UP x1250 at (1318, 622)
[04:55:08] [DEBUG] [Inventory Scroll] DOWN x250 at (1318, 622)
[04:55:16] [DEBUG] [Inventory Scroll] DOWN x250 at (1318, 622)
[04:55:26] [DEBUG] [Inventory Scroll] DOWN x250 at (1318, 622)
[04:55:34] [DEBUG] [Inventory Scroll] DOWN x250 at (1318, 622)
[04:55:43] [DEBUG] [Inventory Scroll] DOWN x250 at (1318, 622)
[04:55:43] [INFO] 
Template:   standard_chest.png [STANDARD REWARD CHEST]
Confidence: 0.9172
Position:   (1750, 910)
Action:     Left Click Open Chest
[04:55:44] [ACTION] Opened chest: standard_chest.png
[04:55:53] [DEBUG] [Inventory Scroll] UP x1250 at (1318, 622)
[04:56:01] [INFO] 
Template:   shine_armor_common.png [Item to Sell]
Confidence: 0.9343
Position:   (1364, 572)
Action:     Alt + Right-Click
[04:56:01] [INFO] Sales Section Capacity: 2/3 slots filled.
[04:56:02] [ACTION] Placed for sale: shine_armor_common.png [2/3]
[04:56:09] [DEBUG] [Inventory Scroll] DOWN x250 at (1318, 622)
[04:56:19] [DEBUG] [Inventory Scroll] DOWN x250 at (1318, 622)
[04:56:27] [DEBUG] [Inventory Scroll] DOWN x250 at (1318, 622)
[04:56:35] [DEBUG] [Inventory Scroll] DOWN x250 at (1318, 622)
[04:56:45] [DEBUG] [Inventory Scroll] DOWN x250 at (1318, 622)
[04:56:53] [DEBUG] [Inventory Scroll] UP x1250 at (1318, 622)
[04:57:02] [DEBUG] [Inventory Scroll] DOWN x250 at (1318, 622)
[04:57:12] [DEBUG] [Inventory Scroll] DOWN x250 at (1318, 622)
[04:57:20] [DEBUG] [Inventory Scroll] DOWN x250 at (1318, 622)
[04:57:28] [DEBUG] [Inventory Scroll] DOWN x250 at (1318, 622)
[04:57:38] [DEBUG] [Inventory Scroll] DOWN x250 at (1318, 622)
[04:57:46] [DEBUG] [Inventory Scroll] UP x1250 at (1318, 622)
[04:57:55] [DEBUG] [Inventory Scroll] DOWN x250 at (1318, 622)
[04:58:04] [DEBUG] [Inventory Scroll] DOWN x250 at (1318, 622)
[04:58:13] [DEBUG] [Inventory Scroll] DOWN x250 at (1318, 622)
[04:58:21] [DEBUG] [Inventory Scroll] DOWN x250 at (1318, 622)
[04:58:30] [DEBUG] [Inventory Scroll] DOWN x250 at (1318, 622)
[04:58:38] [DEBUG] [Inventory Scroll] UP x1250 at (1318, 622)
[04:58:47] [DEBUG] [Inventory Scroll] DOWN x250 at (1318, 622)
[04:58:56] [DEBUG] [Inventory Scroll] DOWN x250 at (1318, 622)
[04:59:04] [DEBUG] [Inventory Scroll] DOWN x250 at (1318, 622)
[04:59:13] [DEBUG] [Inventory Scroll] DOWN x250 at (1318, 622)
[04:59:22] [DEBUG] [Inventory Scroll] DOWN x250 at (1318, 622)
[04:59:31] [DEBUG] [Inventory Scroll] UP x1250 at (1318, 622)
[04:59:39] [DEBUG] [Inventory Scroll] DOWN x250 at (1318, 622)
[04:59:48] [DEBUG] [Inventory Scroll] DOWN x250 at (1318, 622)
[04:59:49] [INFO] 
Template:   standard_chest.png [STANDARD REWARD CHEST]
Confidence: 0.9281
Position:   (1750, 910)
Action:     Left Click Open Chest
[04:59:50] [ACTION] Opened chest: standard_chest.png
[04:59:56] [DEBUG] [Inventory Scroll] DOWN x250 at (1318, 622)
[05:00:06] [DEBUG] [Inventory Scroll] DOWN x250 at (1318, 622)
[05:00:15] [DEBUG] [Inventory Scroll] DOWN x250 at (1318, 622)
[05:00:23] [DEBUG] [Inventory Scroll] UP x1250 at (1318, 622)
[05:00:30] [INFO] 
Template:   spider_silk.png [Chest Stash]
Confidence: 0.9503
Position:   (1414, 573)
Action:     Ctrl + Right-Click
[05:00:30] [INFO] Stashed: spider_silk.png (conf=0.95)
[05:00:40] [DEBUG] [Inventory Scroll] DOWN x250 at (1318, 622)
[05:00:48] [DEBUG] [Inventory Scroll] DOWN x250 at (1318, 622)
[05:00:56] [DEBUG] [Inventory Scroll] DOWN x250 at (1318, 622)
[05:01:06] [DEBUG] [Inventory Scroll] DOWN x250 at (1318, 622)
[05:01:14] [DEBUG] [Inventory Scroll] DOWN x250 at (1318, 622)
[05:01:22] [DEBUG] [Inventory Scroll] UP x1250 at (1318, 622)
[05:01:32] [DEBUG] [Inventory Scroll] DOWN x250 at (1318, 622)
[05:01:41] [DEBUG] [Inventory Scroll] DOWN x250 at (1318, 622)
[05:01:49] [DEBUG] [Inventory Scroll] DOWN x250 at (1318, 622)
[05:01:58] [DEBUG] [Inventory Scroll] DOWN x250 at (1318, 622)
[05:02:06] [DEBUG] [Inventory Scroll] DOWN x250 at (1318, 622)
[05:02:15] [DEBUG] [Inventory Scroll] UP x1250 at (1318, 622)
[05:02:25] [DEBUG] [Inventory Scroll] DOWN x250 at (1318, 622)
[05:02:34] [DEBUG] [Inventory Scroll] DOWN x250 at (1318, 622)
[05:02:41] [DEBUG] [Inventory Scroll] DOWN x250 at (1318, 622)
[05:02:51] [DEBUG] [Inventory Scroll] DOWN x250 at (1318, 622)
[05:02:59] [DEBUG] [Inventory Scroll] DOWN x250 at (1318, 622)
[05:03:07] [DEBUG] [Inventory Scroll] UP x1250 at (1318, 622)
[05:03:17] [DEBUG] [Inventory Scroll] DOWN x250 at (1318, 622)
[05:03:25] [DEBUG] [Inventory Scroll] DOWN x250 at (1318, 622)
[05:03:33] [DEBUG] [Inventory Scroll] DOWN x250 at (1318, 622)
[05:03:43] [DEBUG] [Inventory Scroll] DOWN x250 at (1318, 622)
[05:03:51] [DEBUG] [Inventory Scroll] DOWN x250 at (1318, 622)
[05:04:00] [DEBUG] [Inventory Scroll] UP x1250 at (1318, 622)
[05:04:09] [DEBUG] [Inventory Scroll] DOWN x250 at (1318, 622)
[05:04:17] [DEBUG] [Inventory Scroll] DOWN x250 at (1318, 622)
[05:04:26] [DEBUG] [Inventory Scroll] DOWN x250 at (1318, 622)
[05:04:36] [DEBUG] [Inventory Scroll] DOWN x250 at (1318, 622)
[05:04:37] [INFO] 
Template:   standard_chest.png [STANDARD REWARD CHEST]
Confidence: 0.9294
Position:   (1750, 910)
Action:     Left Click Open Chest
[05:04:38] [ACTION] Opened chest: standard_chest.png
[05:04:45] [DEBUG] [Inventory Scroll] DOWN x250 at (1318, 622)
[05:04:52] [DEBUG] [Inventory Scroll] UP x1250 at (1318, 622)
[05:05:02] [INFO] 
Template:   vengeance_sword_common.png [Item to Sell]
Confidence: 1.0000
Position:   (1416, 573)
Action:     Alt + Right-Click
[05:05:02] [INFO] Sales Section Capacity: 3/3 slots filled.
[05:05:03] [ACTION] Placed for sale: vengeance_sword_common.png [3/3]
[05:05:03] [INFO] 
Template:   sell_button.png [CONFIRM BATCH SELL]
Confidence: 0.9369
Position:   (1779, 644)
Status:     Sales slots FULL (3/3)
Action:     Left Click Sell Button
[05:05:04] [INFO] Batch sale completed! Reset sales slots to 0.
[05:05:04] [ACTION] Clicked Batch Confirm Sell!
[05:05:10] [DEBUG] [Inventory Scroll] DOWN x250 at (1318, 622)
[05:05:18] [DEBUG] [Inventory Scroll] DOWN x250 at (1318, 622)
[05:05:28] [DEBUG] [Inventory Scroll] DOWN x250 at (1318, 622)
[05:05:36] [DEBUG] [Inventory Scroll] DOWN x250 at (1318, 622)
[05:05:44] [DEBUG] [Inventory Scroll] DOWN x250 at (1318, 622)
[05:05:45] [INFO] 
Template:   boss_chest.png [BOSS REWARD CHEST]
Confidence: 0.9345
Position:   (1750, 911)
Action:     Left Click Open Boss Chest
[05:05:46] [ACTION] Opened chest: boss_chest.png
[05:05:55] [DEBUG] [Inventory Scroll] UP x1250 at (1318, 622)
[05:06:03] [INFO] 
Template:   shine_gloves_common.png [Item to Sell]
Confidence: 1.0000
Position:   (1265, 571)
Action:     Alt + Right-Click
[05:06:03] [INFO] Sales Section Capacity: 1/3 slots filled.
[05:06:04] [ACTION] Placed for sale: shine_gloves_common.png [1/3]
[05:06:11] [DEBUG] [Inventory Scroll] DOWN x250 at (1318, 622)
[05:06:21] [DEBUG] [Inventory Scroll] DOWN x250 at (1318, 622)
[05:06:29] [DEBUG] [Inventory Scroll] DOWN x250 at (1318, 622)
[05:06:38] [DEBUG] [Inventory Scroll] DOWN x250 at (1318, 622)
[05:06:47] [DEBUG] [Inventory Scroll] DOWN x250 at (1318, 622)
[05:06:56] [DEBUG] [Inventory Scroll] UP x1250 at (1318, 622)
[05:07:04] [DEBUG] [Inventory Scroll] DOWN x250 at (1318, 622)
[05:07:13] [DEBUG] [Inventory Scroll] DOWN x250 at (1318, 622)
[05:07:22] [DEBUG] [Inventory Scroll] DOWN x250 at (1318, 622)
[05:07:30] [DEBUG] [Inventory Scroll] DOWN x250 at (1318, 622)
[05:07:39] [DEBUG] [Inventory Scroll] DOWN x250 at (1318, 622)
[05:07:48] [DEBUG] [Inventory Scroll] UP x1250 at (1318, 622)
[05:07:56] [DEBUG] [Inventory Scroll] DOWN x250 at (1318, 622)
[05:08:06] [DEBUG] [Inventory Scroll] DOWN x250 at (1318, 622)
[05:08:14] [DEBUG] [Inventory Scroll] DOWN x250 at (1318, 622)
[05:08:22] [DEBUG] [Inventory Scroll] DOWN x250 at (1318, 622)
[05:08:32] [DEBUG] [Inventory Scroll] DOWN x250 at (1318, 622)
[05:08:32] [INFO] 
Template:   standard_chest.png [STANDARD REWARD CHEST]
Confidence: 0.9182
Position:   (1750, 910)
Action:     Left Click Open Chest
[05:08:33] [ACTION] Opened chest: standard_chest.png
[05:08:40] [DEBUG] [Inventory Scroll] UP x1250 at (1318, 622)
[05:08:48] [INFO] 
Template:   shine_boots_common.png [Item to Sell]
Confidence: 1.0000
Position:   (1364, 572)
Action:     Alt + Right-Click
[05:08:49] [INFO] Sales Section Capacity: 2/3 slots filled.
[05:08:50] [ACTION] Placed for sale: shine_boots_common.png [2/3]
[05:08:59] [DEBUG] [Inventory Scroll] DOWN x250 at (1318, 622)
[05:09:08] [DEBUG] [Inventory Scroll] DOWN x250 at (1318, 622)
[05:09:16] [DEBUG] [Inventory Scroll] DOWN x250 at (1318, 622)
[05:09:25] [DEBUG] [Inventory Scroll] DOWN x250 at (1318, 622)
[05:09:33] [DEBUG] [Inventory Scroll] DOWN x250 at (1318, 622)
[05:09:42] [DEBUG] [Inventory Scroll] UP x1250 at (1318, 622)
[05:09:51] [DEBUG] [Inventory Scroll] DOWN x250 at (1318, 622)
[05:10:00] [DEBUG] [Inventory Scroll] DOWN x250 at (1318, 622)
[05:10:08] [DEBUG] [Inventory Scroll] DOWN x250 at (1318, 622)
[05:10:18] [DEBUG] [Inventory Scroll] DOWN x250 at (1318, 622)
[05:10:26] [DEBUG] [Inventory Scroll] DOWN x250 at (1318, 622)
[05:10:34] [DEBUG] [Inventory Scroll] UP x1250 at (1318, 622)
[05:10:44] [DEBUG] [Inventory Scroll] DOWN x250 at (1318, 622)
[05:10:52] [DEBUG] [Inventory Scroll] DOWN x250 at (1318, 622)
[05:11:01] [DEBUG] [Inventory Scroll] DOWN x250 at (1318, 622)
[05:11:11] [DEBUG] [Inventory Scroll] DOWN x250 at (1318, 622)
[05:11:19] [DEBUG] [Inventory Scroll] DOWN x250 at (1318, 622)
[05:11:27] [DEBUG] [Inventory Scroll] UP x1250 at (1318, 622)
[05:11:37] [DEBUG] [Inventory Scroll] DOWN x250 at (1318, 622)
[05:11:45] [DEBUG] [Inventory Scroll] DOWN x250 at (1318, 622)
[05:11:53] [DEBUG] [Inventory Scroll] DOWN x250 at (1318, 622)
[05:12:03] [DEBUG] [Inventory Scroll] DOWN x250 at (1318, 622)
[05:12:11] [DEBUG] [Inventory Scroll] DOWN x250 at (1318, 622)
[05:12:19] [DEBUG] [Inventory Scroll] UP x1250 at (1318, 622)
[05:12:29] [DEBUG] [Inventory Scroll] DOWN x250 at (1318, 622)
[05:12:37] [DEBUG] [Inventory Scroll] DOWN x250 at (1318, 622)
[05:12:46] [DEBUG] [Inventory Scroll] DOWN x250 at (1318, 622)
[05:12:55] [DEBUG] [Inventory Scroll] DOWN x250 at (1318, 622)
[05:12:56] [INFO] 
Template:   standard_chest.png [STANDARD REWARD CHEST]
Confidence: 0.9180
Position:   (1750, 910)
Action:     Left Click Open Chest
[05:12:58] [ACTION] Opened chest: standard_chest.png
[05:13:03] [DEBUG] [Inventory Scroll] DOWN x250 at (1318, 622)
[05:13:12] [DEBUG] [Inventory Scroll] UP x1250 at (1318, 622)
[05:13:22] [INFO] 
Template:   shine_gloves_common.png [Item to Sell]
Confidence: 1.0000
Position:   (1415, 571)
Action:     Alt + Right-Click
[05:13:22] [INFO] Sales Section Capacity: 3/3 slots filled.
[05:13:23] [ACTION] Placed for sale: shine_gloves_common.png [3/3]
[05:13:23] [INFO] 
Template:   sell_button.png [CONFIRM BATCH SELL]
Confidence: 0.9369
Position:   (1779, 644)
Status:     Sales slots FULL (3/3)
Action:     Left Click Sell Button
[05:13:24] [INFO] Batch sale completed! Reset sales slots to 0.
[05:13:24] [ACTION] Clicked Batch Confirm Sell!
[05:13:31] [DEBUG] [Inventory Scroll] DOWN x250 at (1318, 622)
[05:13:39] [DEBUG] [Inventory Scroll] DOWN x250 at (1318, 622)
[05:13:48] [DEBUG] [Inventory Scroll] DOWN x250 at (1318, 622)
[05:13:56] [DEBUG] [Inventory Scroll] DOWN x250 at (1318, 622)
[05:14:04] [DEBUG] [Inventory Scroll] DOWN x250 at (1318, 622)
[05:14:14] [DEBUG] [Inventory Scroll] UP x1250 at (1318, 622)
[05:14:22] [DEBUG] [Inventory Scroll] DOWN x250 at (1318, 622)
[05:14:30] [DEBUG] [Inventory Scroll] DOWN x250 at (1318, 622)
[05:14:40] [DEBUG] [Inventory Scroll] DOWN x250 at (1318, 622)
[05:14:48] [DEBUG] [Inventory Scroll] DOWN x250 at (1318, 622)
[05:14:57] [DEBUG] [Inventory Scroll] DOWN x250 at (1318, 622)
[05:15:06] [DEBUG] [Inventory Scroll] UP x1250 at (1318, 622)
[05:15:14] [DEBUG] [Inventory Scroll] DOWN x250 at (1318, 622)
[05:15:23] [DEBUG] [Inventory Scroll] DOWN x250 at (1318, 622)
[05:15:33] [DEBUG] [Inventory Scroll] DOWN x250 at (1318, 622)
[05:15:41] [DEBUG] [Inventory Scroll] DOWN x250 at (1318, 622)
[05:15:49] [DEBUG] [Inventory Scroll] DOWN x250 at (1318, 622)
[05:15:59] [DEBUG] [Inventory Scroll] UP x1250 at (1318, 622)
[05:16:07] [DEBUG] [Inventory Scroll] DOWN x250 at (1318, 622)
[05:16:15] [DEBUG] [Inventory Scroll] DOWN x250 at (1318, 622)
[05:16:24] [DEBUG] [Inventory Scroll] DOWN x250 at (1318, 622)
[05:16:33] [DEBUG] [Inventory Scroll] DOWN x250 at (1318, 622)
[05:16:42] [DEBUG] [Inventory Scroll] DOWN x250 at (1318, 622)
[05:16:52] [DEBUG] [Inventory Scroll] UP x1250 at (1318, 622)
[05:17:00] [DEBUG] [Inventory Scroll] DOWN x250 at (1318, 622)
[05:17:08] [DEBUG] [Inventory Scroll] DOWN x250 at (1318, 622)
[05:17:18] [DEBUG] [Inventory Scroll] DOWN x250 at (1318, 622)
[05:17:18] [INFO] 
Template:   standard_chest.png [STANDARD REWARD CHEST]
Confidence: 0.9180
Position:   (1750, 910)
Action:     Left Click Open Chest
[05:17:19] [ACTION] Opened chest: standard_chest.png
[05:17:26] [DEBUG] [Inventory Scroll] DOWN x250 at (1318, 622)
[05:17:34] [DEBUG] [Inventory Scroll] DOWN x250 at (1318, 622)
[05:17:44] [DEBUG] [Inventory Scroll] UP x1250 at (1318, 622)
[05:17:44] [INFO] 
Template:   boss_chest.png [BOSS REWARD CHEST]
Confidence: 0.9367
Position:   (1750, 911)
Action:     Left Click Open Boss Chest
[05:17:46] [ACTION] Opened chest: boss_chest.png
[05:17:50] [INFO] 
Template:   gold_ingot.png [Chest Stash]
Confidence: 0.9378
Position:   (1264, 572)
Action:     Ctrl + Right-Click
[05:17:51] [INFO] Stashed: gold_ingot.png (conf=0.94)
[05:18:00] [INFO] 
Template:   sacred_staff_common.png [Item to Sell]
Confidence: 0.9457
Position:   (1365, 572)
Action:     Alt + Right-Click
[05:18:01] [INFO] Sales Section Capacity: 1/3 slots filled.
[05:18:01] [ACTION] Placed for sale: sacred_staff_common.png [1/3]
[05:18:11] [DEBUG] [Inventory Scroll] DOWN x250 at (1318, 622)
[05:18:19] [DEBUG] [Inventory Scroll] DOWN x250 at (1318, 622)
[05:18:27] [DEBUG] [Inventory Scroll] DOWN x250 at (1318, 622)
[05:18:36] [DEBUG] [Inventory Scroll] DOWN x250 at (1318, 622)
[05:18:45] [DEBUG] [Inventory Scroll] DOWN x250 at (1318, 622)
[05:18:53] [DEBUG] [Inventory Scroll] UP x1250 at (1318, 622)
[05:19:03] [DEBUG] [Inventory Scroll] DOWN x250 at (1318, 622)
[05:19:11] [DEBUG] [Inventory Scroll] DOWN x250 at (1318, 622)
[05:19:19] [DEBUG] [Inventory Scroll] DOWN x250 at (1318, 622)
[05:19:29] [DEBUG] [Inventory Scroll] DOWN x250 at (1318, 622)
[05:19:37] [DEBUG] [Inventory Scroll] DOWN x250 at (1318, 622)
[05:19:45] [DEBUG] [Inventory Scroll] UP x1250 at (1318, 622)
[05:19:55] [DEBUG] [Inventory Scroll] DOWN x250 at (1318, 622)
[05:20:04] [DEBUG] [Inventory Scroll] DOWN x250 at (1318, 622)
[05:20:12] [DEBUG] [Inventory Scroll] DOWN x250 at (1318, 622)
[05:20:21] [DEBUG] [Inventory Scroll] DOWN x250 at (1318, 622)
[05:20:29] [DEBUG] [Inventory Scroll] DOWN x250 at (1318, 622)
[05:20:38] [DEBUG] [Inventory Scroll] UP x1250 at (1318, 622)
[05:20:47] [DEBUG] [Inventory Scroll] DOWN x250 at (1318, 622)
[05:20:56] [DEBUG] [Inventory Scroll] DOWN x250 at (1318, 622)
[05:21:04] [DEBUG] [Inventory Scroll] DOWN x250 at (1318, 622)
[05:21:14] [DEBUG] [Inventory Scroll] DOWN x250 at (1318, 622)
[05:21:22] [DEBUG] [Inventory Scroll] DOWN x250 at (1318, 622)
[05:21:30] [DEBUG] [Inventory Scroll] UP x1250 at (1318, 622)
[05:21:30] [INFO] 
Template:   standard_chest.png [STANDARD REWARD CHEST]
Confidence: 0.9282
Position:   (1750, 910)
Action:     Left Click Open Chest
[05:21:31] [ACTION] Opened chest: standard_chest.png
[05:21:38] [INFO] 
Template:   bronze_ingot.png [Chest Stash]
Confidence: 0.8842
Position:   (1264, 572)
Action:     Ctrl + Right-Click
[05:21:39] [INFO] Stashed: bronze_ingot.png (conf=0.88)
[05:21:48] [DEBUG] [Inventory Scroll] DOWN x250 at (1318, 622)
[05:21:56] [DEBUG] [Inventory Scroll] DOWN x250 at (1318, 622)
[05:22:06] [DEBUG] [Inventory Scroll] DOWN x250 at (1318, 622)
[05:22:15] [DEBUG] [Inventory Scroll] DOWN x250 at (1318, 622)
[05:22:23] [DEBUG] [Inventory Scroll] DOWN x250 at (1318, 622)
[05:22:32] [DEBUG] [Inventory Scroll] UP x1250 at (1318, 622)
[05:22:41] [DEBUG] [Inventory Scroll] DOWN x250 at (1318, 622)
[05:22:49] [DEBUG] [Inventory Scroll] DOWN x250 at (1318, 622)
[05:22:58] [DEBUG] [Inventory Scroll] DOWN x250 at (1318, 622)
[05:23:07] [DEBUG] [Inventory Scroll] DOWN x250 at (1318, 622)
[05:23:15] [DEBUG] [Inventory Scroll] DOWN x250 at (1318, 622)
[05:23:25] [DEBUG] [Inventory Scroll] UP x1250 at (1318, 622)
[05:23:33] [DEBUG] [Inventory Scroll] DOWN x250 at (1318, 622)
[05:23:41] [DEBUG] [Inventory Scroll] DOWN x250 at (1318, 622)
[05:23:51] [DEBUG] [Inventory Scroll] DOWN x250 at (1318, 622)
[05:23:59] [DEBUG] [Inventory Scroll] DOWN x250 at (1318, 622)
[05:24:07] [DEBUG] [Inventory Scroll] DOWN x250 at (1318, 622)
[05:24:17] [DEBUG] [Inventory Scroll] UP x1250 at (1318, 622)
[05:24:26] [DEBUG] [Inventory Scroll] DOWN x250 at (1318, 622)
[05:24:34] [DEBUG] [Inventory Scroll] DOWN x250 at (1318, 622)
[05:24:43] [DEBUG] [Inventory Scroll] DOWN x250 at (1318, 622)
[05:24:52] [DEBUG] [Inventory Scroll] DOWN x250 at (1318, 622)
[05:25:00] [DEBUG] [Inventory Scroll] DOWN x250 at (1318, 622)
[05:25:09] [DEBUG] [Inventory Scroll] UP x1250 at (1318, 622)
[05:25:18] [DEBUG] [Inventory Scroll] DOWN x250 at (1318, 622)
[05:25:26] [DEBUG] [Inventory Scroll] DOWN x250 at (1318, 622)
[05:25:36] [DEBUG] [Inventory Scroll] DOWN x250 at (1318, 622)
[05:25:44] [DEBUG] [Inventory Scroll] DOWN x250 at (1318, 622)
[05:25:45] [INFO] 
Template:   standard_chest.png [STANDARD REWARD CHEST]
Confidence: 0.9432
Position:   (1750, 910)
Action:     Left Click Open Chest
[05:25:46] [ACTION] Opened chest: standard_chest.png
[05:25:53] [DEBUG] [Inventory Scroll] DOWN x250 at (1318, 622)
[05:26:02] [DEBUG] [Inventory Scroll] UP x1250 at (1318, 622)
[05:26:10] [INFO] 
Template:   shine_boots_common.png [Item to Sell]
Confidence: 1.0000
Position:   (1264, 572)
Action:     Alt + Right-Click
[05:26:11] [INFO] Sales Section Capacity: 2/3 slots filled.
[05:26:11] [ACTION] Placed for sale: shine_boots_common.png [2/3]
[05:26:19] [DEBUG] [Inventory Scroll] DOWN x250 at (1318, 622)
[05:26:29] [DEBUG] [Inventory Scroll] DOWN x250 at (1318, 622)
[05:26:37] [DEBUG] [Inventory Scroll] DOWN x250 at (1318, 622)
[05:26:45] [DEBUG] [Inventory Scroll] DOWN x250 at (1318, 622)
[05:26:55] [DEBUG] [Inventory Scroll] DOWN x250 at (1318, 622)
[05:27:03] [DEBUG] [Inventory Scroll] UP x1250 at (1318, 622)
[05:27:11] [DEBUG] [Inventory Scroll] DOWN x250 at (1318, 622)
[05:27:21] [DEBUG] [Inventory Scroll] DOWN x250 at (1318, 622)
[05:27:29] [DEBUG] [Inventory Scroll] DOWN x250 at (1318, 622)
[05:27:37] [DEBUG] [Inventory Scroll] DOWN x250 at (1318, 622)
[05:27:48] [DEBUG] [Inventory Scroll] DOWN x250 at (1318, 622)
[05:27:55] [DEBUG] [Inventory Scroll] UP x1250 at (1318, 622)
[05:28:04] [DEBUG] [Inventory Scroll] DOWN x250 at (1318, 622)
[05:28:13] [DEBUG] [Inventory Scroll] DOWN x250 at (1318, 622)
[05:28:21] [DEBUG] [Inventory Scroll] DOWN x250 at (1318, 622)
[05:28:30] [DEBUG] [Inventory Scroll] DOWN x250 at (1318, 622)
[05:28:40] [DEBUG] [Inventory Scroll] DOWN x250 at (1318, 622)
[05:28:48] [DEBUG] [Inventory Scroll] UP x1250 at (1318, 622)
[05:28:56] [DEBUG] [Inventory Scroll] DOWN x250 at (1318, 622)
[05:29:05] [DEBUG] [Inventory Scroll] DOWN x250 at (1318, 622)
[05:29:13] [DEBUG] [Inventory Scroll] DOWN x250 at (1318, 622)
[05:29:22] [DEBUG] [Inventory Scroll] DOWN x250 at (1318, 622)
[05:29:31] [DEBUG] [Inventory Scroll] DOWN x250 at (1318, 622)
[05:29:39] [DEBUG] [Inventory Scroll] UP x1250 at (1318, 622)
[05:29:48] [DEBUG] [Inventory Scroll] DOWN x250 at (1318, 622)
[05:29:58] [DEBUG] [Inventory Scroll] DOWN x250 at (1318, 622)
[05:29:59] [INFO] 
Template:   standard_chest.png [STANDARD REWARD CHEST]
Confidence: 0.9421
Position:   (1750, 910)
Action:     Left Click Open Chest
[05:30:00] [ACTION] Opened chest: standard_chest.png
[05:30:05] [DEBUG] [Inventory Scroll] DOWN x250 at (1318, 622)
[05:30:14] [DEBUG] [Inventory Scroll] DOWN x250 at (1318, 622)
[05:30:23] [DEBUG] [Inventory Scroll] DOWN x250 at (1318, 622)
[05:30:31] [DEBUG] [Inventory Scroll] UP x1250 at (1318, 622)
[05:30:38] [INFO] 
Template:   leather.png [Chest Stash]
Confidence: 0.8745
Position:   (1415, 573)
Action:     Ctrl + Right-Click
[05:30:39] [INFO] Stashed: leather.png (conf=0.87)
[05:30:49] [DEBUG] [Inventory Scroll] DOWN x250 at (1318, 622)
[05:30:56] [DEBUG] [Inventory Scroll] DOWN x250 at (1318, 622)
[05:31:05] [DEBUG] [Inventory Scroll] DOWN x250 at (1318, 622)
[05:31:15] [DEBUG] [Inventory Scroll] DOWN x250 at (1318, 622)
[05:31:23] [DEBUG] [Inventory Scroll] DOWN x250 at (1318, 622)
[05:31:31] [DEBUG] [Inventory Scroll] UP x1250 at (1318, 622)
[05:31:40] [DEBUG] [Inventory Scroll] DOWN x250 at (1318, 622)
[05:31:49] [DEBUG] [Inventory Scroll] DOWN x250 at (1318, 622)
[05:31:57] [DEBUG] [Inventory Scroll] DOWN x250 at (1318, 622)
[05:32:07] [DEBUG] [Inventory Scroll] DOWN x250 at (1318, 622)
[05:32:15] [DEBUG] [Inventory Scroll] DOWN x250 at (1318, 622)
[05:32:23] [DEBUG] [Inventory Scroll] UP x1250 at (1318, 622)
[05:32:32] [DEBUG] [Inventory Scroll] DOWN x250 at (1318, 622)
[05:32:41] [DEBUG] [Inventory Scroll] DOWN x250 at (1318, 622)
[05:32:49] [DEBUG] [Inventory Scroll] DOWN x250 at (1318, 622)
[05:32:59] [DEBUG] [Inventory Scroll] DOWN x250 at (1318, 622)
[05:33:06] [DEBUG] [Inventory Scroll] DOWN x250 at (1318, 622)
[05:33:15] [DEBUG] [Inventory Scroll] UP x1250 at (1318, 622)
[05:33:25] [DEBUG] [Inventory Scroll] DOWN x250 at (1318, 622)
[05:33:33] [DEBUG] [Inventory Scroll] DOWN x250 at (1318, 622)
[05:33:41] [DEBUG] [Inventory Scroll] DOWN x250 at (1318, 622)
[05:33:51] [DEBUG] [Inventory Scroll] DOWN x250 at (1318, 622)
[05:33:59] [DEBUG] [Inventory Scroll] DOWN x250 at (1318, 622)
[05:34:08] [DEBUG] [Inventory Scroll] UP x1250 at (1318, 622)
[05:34:17] [DEBUG] [Inventory Scroll] DOWN x250 at (1318, 622)
[05:34:25] [DEBUG] [Inventory Scroll] DOWN x250 at (1318, 622)
[05:34:33] [DEBUG] [Inventory Scroll] DOWN x250 at (1318, 622)
[05:34:43] [DEBUG] [Inventory Scroll] DOWN x250 at (1318, 622)
[05:34:51] [DEBUG] [Inventory Scroll] DOWN x250 at (1318, 622)
[05:34:59] [DEBUG] [Inventory Scroll] UP x1250 at (1318, 622)
[05:35:09] [DEBUG] [Inventory Scroll] DOWN x250 at (1318, 622)
[05:35:17] [DEBUG] [Inventory Scroll] DOWN x250 at (1318, 622)
[05:35:17] [INFO] 
Template:   standard_chest.png [STANDARD REWARD CHEST]
Confidence: 0.9168
Position:   (1750, 910)
Action:     Left Click Open Chest
[05:35:18] [ACTION] Opened chest: standard_chest.png
[05:35:26] [DEBUG] [Inventory Scroll] DOWN x250 at (1318, 622)
[05:35:35] [DEBUG] [Inventory Scroll] DOWN x250 at (1318, 622)
[05:35:35] [INFO] 
Template:   boss_chest.png [BOSS REWARD CHEST]
Confidence: 0.9339
Position:   (1750, 911)
Action:     Left Click Open Boss Chest
[05:35:36] [ACTION] Opened chest: boss_chest.png
[05:35:43] [DEBUG] [Inventory Scroll] DOWN x250 at (1318, 622)
[05:35:52] [DEBUG] [Inventory Scroll] UP x1250 at (1318, 622)
[05:36:01] [INFO] 
Template:   shine_gloves_common.png [Item to Sell]
Confidence: 0.9301
Position:   (1465, 571)
Action:     Alt + Right-Click
[05:36:01] [INFO] Sales Section Capacity: 3/3 slots filled.
[05:36:01] [ACTION] Placed for sale: shine_gloves_common.png [3/3]
[05:36:02] [INFO] 
Template:   sell_button.png [CONFIRM BATCH SELL]
Confidence: 0.9369
Position:   (1779, 644)
Status:     Sales slots FULL (3/3)
Action:     Left Click Sell Button
[05:36:02] [INFO] Batch sale completed! Reset sales slots to 0.
[05:36:03] [ACTION] Clicked Batch Confirm Sell!
[05:36:09] [INFO] 
Template:   vengeance_sword_common.png [Item to Sell]
Confidence: 0.9206
Position:   (1416, 573)
Action:     Alt + Right-Click
[05:36:09] [INFO] Sales Section Capacity: 1/3 slots filled.
[05:36:10] [ACTION] Placed for sale: vengeance_sword_common.png [1/3]
[05:36:18] [DEBUG] [Inventory Scroll] DOWN x250 at (1318, 622)
[05:36:27] [DEBUG] [Inventory Scroll] DOWN x250 at (1318, 622)
[05:36:36] [DEBUG] [Inventory Scroll] DOWN x250 at (1318, 622)
[05:36:44] [DEBUG] [Inventory Scroll] DOWN x250 at (1318, 622)
[05:36:53] [DEBUG] [Inventory Scroll] DOWN x250 at (1318, 622)
[05:37:01] [DEBUG] [Inventory Scroll] UP x1250 at (1318, 622)
[05:37:10] [DEBUG] [Inventory Scroll] DOWN x250 at (1318, 622)
[05:37:19] [DEBUG] [Inventory Scroll] DOWN x250 at (1318, 622)
[05:37:27] [DEBUG] [Inventory Scroll] DOWN x250 at (1318, 622)
[05:37:36] [DEBUG] [Inventory Scroll] DOWN x250 at (1318, 622)
[05:37:46] [DEBUG] [Inventory Scroll] DOWN x250 at (1318, 622)
[05:37:54] [DEBUG] [Inventory Scroll] UP x1250 at (1318, 622)
[05:38:02] [DEBUG] [Inventory Scroll] DOWN x250 at (1318, 622)
[05:38:11] [DEBUG] [Inventory Scroll] DOWN x250 at (1318, 622)
[05:38:20] [DEBUG] [Inventory Scroll] DOWN x250 at (1318, 622)
[05:38:29] [DEBUG] [Inventory Scroll] DOWN x250 at (1318, 622)
[05:38:38] [DEBUG] [Inventory Scroll] DOWN x250 at (1318, 622)
[05:38:46] [DEBUG] [Inventory Scroll] UP x1250 at (1318, 622)
[05:38:55] [DEBUG] [Inventory Scroll] DOWN x250 at (1318, 622)
[05:39:04] [DEBUG] [Inventory Scroll] DOWN x250 at (1318, 622)
[05:39:12] [DEBUG] [Inventory Scroll] DOWN x250 at (1318, 622)
[05:39:21] [DEBUG] [Inventory Scroll] DOWN x250 at (1318, 622)
[05:39:30] [DEBUG] [Inventory Scroll] DOWN x250 at (1318, 622)
[05:39:31] [INFO] 
Template:   standard_chest.png [STANDARD REWARD CHEST]
Confidence: 0.9379
Position:   (1750, 910)
Action:     Left Click Open Chest
[05:39:32] [ACTION] Opened chest: standard_chest.png
[05:39:38] [DEBUG] [Inventory Scroll] UP x1250 at (1318, 622)
[05:39:44] [INFO] 
Template:   amethyst.png [Chest Stash]
Confidence: 0.9352
Position:   (1264, 573)
Action:     Ctrl + Right-Click
[05:39:46] [INFO] Stashed: amethyst.png (conf=0.94)
[05:39:56] [DEBUG] [Inventory Scroll] DOWN x250 at (1318, 622)
[05:40:04] [DEBUG] [Inventory Scroll] DOWN x250 at (1318, 622)
[05:40:12] [DEBUG] [Inventory Scroll] DOWN x250 at (1318, 622)
[05:40:21] [DEBUG] [Inventory Scroll] DOWN x250 at (1318, 622)
[05:40:29] [DEBUG] [Inventory Scroll] DOWN x250 at (1318, 622)
[05:40:38] [DEBUG] [Inventory Scroll] UP x1250 at (1318, 622)
[05:40:48] [DEBUG] [Inventory Scroll] DOWN x250 at (1318, 622)
[05:40:56] [DEBUG] [Inventory Scroll] DOWN x250 at (1318, 622)
[05:41:04] [DEBUG] [Inventory Scroll] DOWN x250 at (1318, 622)
[05:41:14] [DEBUG] [Inventory Scroll] DOWN x250 at (1318, 622)
[05:41:22] [DEBUG] [Inventory Scroll] DOWN x250 at (1318, 622)
[05:41:30] [DEBUG] [Inventory Scroll] UP x1250 at (1318, 622)
[05:41:40] [DEBUG] [Inventory Scroll] DOWN x250 at (1318, 622)
[05:41:48] [DEBUG] [Inventory Scroll] DOWN x250 at (1318, 622)
[05:41:56] [DEBUG] [Inventory Scroll] DOWN x250 at (1318, 622)
[05:42:06] [DEBUG] [Inventory Scroll] DOWN x250 at (1318, 622)
[05:42:14] [DEBUG] [Inventory Scroll] DOWN x250 at (1318, 622)
[05:42:23] [DEBUG] [Inventory Scroll] UP x1250 at (1318, 622)
[05:42:32] [DEBUG] [Inventory Scroll] DOWN x250 at (1318, 622)
[05:42:40] [DEBUG] [Inventory Scroll] DOWN x250 at (1318, 622)
[05:42:48] [DEBUG] [Inventory Scroll] DOWN x250 at (1318, 622)
[05:42:59] [DEBUG] [Inventory Scroll] DOWN x250 at (1318, 622)
[05:43:07] [DEBUG] [Inventory Scroll] DOWN x250 at (1318, 622)
[05:43:15] [DEBUG] [Inventory Scroll] UP x1250 at (1318, 622)
[05:43:25] [DEBUG] [Inventory Scroll] DOWN x250 at (1318, 622)
[05:43:33] [DEBUG] [Inventory Scroll] DOWN x250 at (1318, 622)
[05:43:33] [INFO] 
Template:   standard_chest.png [STANDARD REWARD CHEST]
Confidence: 0.9355
Position:   (1750, 910)
Action:     Left Click Open Chest
[05:43:34] [ACTION] Opened chest: standard_chest.png
[05:43:41] [DEBUG] [Inventory Scroll] DOWN x250 at (1318, 622)
[05:43:51] [DEBUG] [Inventory Scroll] DOWN x250 at (1318, 622)
[05:43:59] [DEBUG] [Inventory Scroll] DOWN x250 at (1318, 622)
[05:44:07] [DEBUG] [Inventory Scroll] UP x1250 at (1318, 622)
[05:44:16] [INFO] 
Template:   fighter_helmet_common.png [Item to Sell]
Confidence: 1.0000
Position:   (1265, 572)
Action:     Alt + Right-Click
[05:44:16] [INFO] Sales Section Capacity: 2/3 slots filled.
[05:44:17] [ACTION] Placed for sale: fighter_helmet_common.png [2/3]
[05:44:25] [DEBUG] [Inventory Scroll] DOWN x250 at (1318, 622)
[05:44:33] [DEBUG] [Inventory Scroll] DOWN x250 at (1318, 622)
[05:44:43] [DEBUG] [Inventory Scroll] DOWN x250 at (1318, 622)
[05:44:51] [DEBUG] [Inventory Scroll] DOWN x250 at (1318, 622)
[05:44:59] [DEBUG] [Inventory Scroll] DOWN x250 at (1318, 622)
[05:45:09] [DEBUG] [Inventory Scroll] UP x1250 at (1318, 622)
[05:45:18] [DEBUG] [Inventory Scroll] DOWN x250 at (1318, 622)
[05:45:26] [DEBUG] [Inventory Scroll] DOWN x250 at (1318, 622)
[05:45:35] [DEBUG] [Inventory Scroll] DOWN x250 at (1318, 622)
[05:45:43] [DEBUG] [Inventory Scroll] DOWN x250 at (1318, 622)
[05:45:52] [DEBUG] [Inventory Scroll] DOWN x250 at (1318, 622)
[05:46:01] [DEBUG] [Inventory Scroll] UP x1250 at (1318, 622)
[05:46:10] [DEBUG] [Inventory Scroll] DOWN x250 at (1318, 622)
[05:46:18] [DEBUG] [Inventory Scroll] DOWN x250 at (1318, 622)
[05:46:28] [DEBUG] [Inventory Scroll] DOWN x250 at (1318, 622)
[05:46:36] [DEBUG] [Inventory Scroll] DOWN x250 at (1318, 622)
[05:46:44] [DEBUG] [Inventory Scroll] DOWN x250 at (1318, 622)
[05:46:53] [DEBUG] [Inventory Scroll] UP x1250 at (1318, 622)
[05:47:01] [DEBUG] [Inventory Scroll] DOWN x250 at (1318, 622)
[05:47:10] [DEBUG] [Inventory Scroll] DOWN x250 at (1318, 622)
[05:47:20] [DEBUG] [Inventory Scroll] DOWN x250 at (1318, 622)
[05:47:28] [DEBUG] [Inventory Scroll] DOWN x250 at (1318, 622)
[05:47:29] [INFO] 
Template:   boss_chest.png [BOSS REWARD CHEST]
Confidence: 0.9339
Position:   (1750, 911)
Action:     Left Click Open Boss Chest
[05:47:30] [ACTION] Opened chest: boss_chest.png
[05:47:36] [DEBUG] [Inventory Scroll] DOWN x250 at (1318, 622)
[05:47:46] [DEBUG] [Inventory Scroll] UP x1250 at (1318, 622)
[05:47:54] [INFO] 
Template:   shine_armor_common.png [Item to Sell]
Confidence: 0.9132
Position:   (1364, 572)
Action:     Alt + Right-Click
[05:47:54] [INFO] Sales Section Capacity: 3/3 slots filled.
[05:47:55] [ACTION] Placed for sale: shine_armor_common.png [3/3]
[05:47:55] [INFO] 
Template:   sell_button.png [CONFIRM BATCH SELL]
Confidence: 0.9369
Position:   (1779, 644)
Status:     Sales slots FULL (3/3)
Action:     Left Click Sell Button
[05:47:56] [INFO] Batch sale completed! Reset sales slots to 0.
[05:47:57] [ACTION] Clicked Batch Confirm Sell!
[05:48:02] [DEBUG] [Inventory Scroll] DOWN x250 at (1318, 622)
[05:48:03] [INFO] 
Template:   standard_chest.png [STANDARD REWARD CHEST]
Confidence: 0.9193
Position:   (1750, 910)
Action:     Left Click Open Chest
[05:48:04] [ACTION] Opened chest: standard_chest.png
[05:48:13] [DEBUG] [Inventory Scroll] DOWN x250 at (1318, 622)
[05:48:22] [DEBUG] [Inventory Scroll] DOWN x250 at (1318, 622)
[05:48:30] [DEBUG] [Inventory Scroll] DOWN x250 at (1318, 622)
[05:48:41] [DEBUG] [Inventory Scroll] DOWN x250 at (1318, 622)
[05:48:49] [DEBUG] [Inventory Scroll] UP x1250 at (1318, 622)
[05:48:55] [INFO] 
Template:   skeleton_bone.png [Chest Stash]
Confidence: 0.9209
Position:   (1263, 572)
Action:     Ctrl + Right-Click
[05:48:56] [INFO] Stashed: skeleton_bone.png (conf=0.92)
[05:49:06] [DEBUG] [Inventory Scroll] DOWN x250 at (1318, 622)
[05:49:14] [DEBUG] [Inventory Scroll] DOWN x250 at (1318, 622)
[05:49:22] [DEBUG] [Inventory Scroll] DOWN x250 at (1318, 622)
[05:49:32] [DEBUG] [Inventory Scroll] DOWN x250 at (1318, 622)
[05:49:40] [DEBUG] [Inventory Scroll] DOWN x250 at (1318, 622)
[05:49:48] [DEBUG] [Inventory Scroll] UP x1250 at (1318, 622)
[05:49:58] [DEBUG] [Inventory Scroll] DOWN x250 at (1318, 622)
[05:50:06] [DEBUG] [Inventory Scroll] DOWN x250 at (1318, 622)
[05:50:14] [DEBUG] [Inventory Scroll] DOWN x250 at (1318, 622)
[05:50:24] [DEBUG] [Inventory Scroll] DOWN x250 at (1318, 622)
[05:50:32] [DEBUG] [Inventory Scroll] DOWN x250 at (1318, 622)
[05:50:40] [DEBUG] [Inventory Scroll] UP x1250 at (1318, 622)
[05:50:49] [DEBUG] [Inventory Scroll] DOWN x250 at (1318, 622)
[05:50:58] [DEBUG] [Inventory Scroll] DOWN x250 at (1318, 622)
[05:51:06] [DEBUG] [Inventory Scroll] DOWN x250 at (1318, 622)
[05:51:15] [DEBUG] [Inventory Scroll] DOWN x250 at (1318, 622)
[05:51:23] [DEBUG] [Inventory Scroll] DOWN x250 at (1318, 622)
[05:51:32] [DEBUG] [Inventory Scroll] UP x1250 at (1318, 622)
[05:51:42] [DEBUG] [Inventory Scroll] DOWN x250 at (1318, 622)
[05:51:49] [DEBUG] [Inventory Scroll] DOWN x250 at (1318, 622)
[05:51:58] [DEBUG] [Inventory Scroll] DOWN x250 at (1318, 622)
[05:52:07] [DEBUG] [Inventory Scroll] DOWN x250 at (1318, 622)
[05:52:15] [DEBUG] [Inventory Scroll] DOWN x250 at (1318, 622)
[05:52:24] [DEBUG] [Inventory Scroll] UP x1250 at (1318, 622)
[05:52:24] [INFO] 
Template:   standard_chest.png [STANDARD REWARD CHEST]
Confidence: 0.9384
Position:   (1750, 910)
Action:     Left Click Open Chest
[05:52:25] [ACTION] Opened chest: standard_chest.png
[05:52:33] [INFO] 
Template:   skeleton_bone.png [Chest Stash]
Confidence: 0.9209
Position:   (1263, 572)
Action:     Ctrl + Right-Click
[05:52:33] [INFO] Stashed: skeleton_bone.png (conf=0.92)
[05:52:42] [DEBUG] [Inventory Scroll] DOWN x250 at (1318, 622)
[05:52:51] [DEBUG] [Inventory Scroll] DOWN x250 at (1318, 622)
[05:53:00] [DEBUG] [Inventory Scroll] DOWN x250 at (1318, 622)
[05:53:08] [DEBUG] [Inventory Scroll] DOWN x250 at (1318, 622)
[05:53:16] [DEBUG] [Inventory Scroll] DOWN x250 at (1318, 622)
[05:53:26] [DEBUG] [Inventory Scroll] UP x1250 at (1318, 622)
[05:53:34] [DEBUG] [Inventory Scroll] DOWN x250 at (1318, 622)
[05:53:42] [DEBUG] [Inventory Scroll] DOWN x250 at (1318, 622)
[05:53:52] [DEBUG] [Inventory Scroll] DOWN x250 at (1318, 622)
[05:54:00] [DEBUG] [Inventory Scroll] DOWN x250 at (1318, 622)
[05:54:08] [DEBUG] [Inventory Scroll] DOWN x250 at (1318, 622)
[05:54:18] [DEBUG] [Inventory Scroll] UP x1250 at (1318, 622)
[05:54:26] [DEBUG] [Inventory Scroll] DOWN x250 at (1318, 622)
[05:54:34] [DEBUG] [Inventory Scroll] DOWN x250 at (1318, 622)
[05:54:44] [DEBUG] [Inventory Scroll] DOWN x250 at (1318, 622)
[05:54:52] [DEBUG] [Inventory Scroll] DOWN x250 at (1318, 622)
[05:55:00] [DEBUG] [Inventory Scroll] DOWN x250 at (1318, 622)
[05:55:10] [DEBUG] [Inventory Scroll] UP x1250 at (1318, 622)
[05:55:18] [DEBUG] [Inventory Scroll] DOWN x250 at (1318, 622)
[05:55:26] [DEBUG] [Inventory Scroll] DOWN x250 at (1318, 622)
[05:55:35] [DEBUG] [Inventory Scroll] DOWN x250 at (1318, 622)
[05:55:44] [DEBUG] [Inventory Scroll] DOWN x250 at (1318, 622)
[05:55:52] [DEBUG] [Inventory Scroll] DOWN x250 at (1318, 622)
[05:56:02] [DEBUG] [Inventory Scroll] UP x1250 at (1318, 622)
[05:56:09] [DEBUG] [Inventory Scroll] DOWN x250 at (1318, 622)
[05:56:18] [DEBUG] [Inventory Scroll] DOWN x250 at (1318, 622)
[05:56:27] [DEBUG] [Inventory Scroll] DOWN x250 at (1318, 622)
[05:56:35] [DEBUG] [Inventory Scroll] DOWN x250 at (1318, 622)
[05:56:36] [INFO] 
Template:   standard_chest.png [STANDARD REWARD CHEST]
Confidence: 0.9190
Position:   (1750, 910)
Action:     Left Click Open Chest
[05:56:37] [ACTION] Opened chest: standard_chest.png
[05:56:43] [DEBUG] [Inventory Scroll] DOWN x250 at (1318, 622)
[05:56:53] [DEBUG] [Inventory Scroll] UP x1250 at (1318, 622)
[05:56:59] [INFO] 
Template:   amber_gem.png [Chest Stash]
Confidence: 0.9646
Position:   (1264, 572)
Action:     Ctrl + Right-Click
[05:56:59] [INFO] Stashed: amber_gem.png (conf=0.96)
[05:57:10] [DEBUG] [Inventory Scroll] DOWN x250 at (1318, 622)
[05:57:19] [DEBUG] [Inventory Scroll] DOWN x250 at (1318, 622)
[05:57:27] [DEBUG] [Inventory Scroll] DOWN x250 at (1318, 622)
[05:57:36] [DEBUG] [Inventory Scroll] DOWN x250 at (1318, 622)
[05:57:45] [DEBUG] [Inventory Scroll] DOWN x250 at (1318, 622)
[05:57:53] [DEBUG] [Inventory Scroll] UP x1250 at (1318, 622)
[05:58:01] [DEBUG] [Inventory Scroll] DOWN x250 at (1318, 622)
[05:58:11] [DEBUG] [Inventory Scroll] DOWN x250 at (1318, 622)
[05:58:19] [DEBUG] [Inventory Scroll] DOWN x250 at (1318, 622)
[05:58:27] [DEBUG] [Inventory Scroll] DOWN x250 at (1318, 622)
[05:58:37] [DEBUG] [Inventory Scroll] DOWN x250 at (1318, 622)
[05:58:45] [DEBUG] [Inventory Scroll] UP x1250 at (1318, 622)
[05:58:54] [DEBUG] [Inventory Scroll] DOWN x250 at (1318, 622)
[05:59:05] [DEBUG] [Inventory Scroll] DOWN x250 at (1318, 622)
[05:59:13] [DEBUG] [Inventory Scroll] DOWN x250 at (1318, 622)
[05:59:13] [INFO] 
Template:   boss_chest.png [BOSS REWARD CHEST]
Confidence: 0.9343
Position:   (1750, 911)
Action:     Left Click Open Boss Chest
[05:59:14] [ACTION] Opened chest: boss_chest.png
[05:59:22] [DEBUG] [Inventory Scroll] DOWN x250 at (1318, 622)
[05:59:31] [DEBUG] [Inventory Scroll] DOWN x250 at (1318, 622)
[05:59:40] [DEBUG] [Inventory Scroll] UP x1250 at (1318, 622)
[05:59:48] [INFO] 
Template:   vengeance_sword_common.png [Item to Sell]
Confidence: 0.9206
Position:   (1266, 573)
Action:     Alt + Right-Click
[05:59:49] [INFO] Sales Section Capacity: 1/3 slots filled.
[05:59:50] [ACTION] Placed for sale: vengeance_sword_common.png [1/3]
[06:00:03] [DEBUG] [Inventory Scroll] DOWN x250 at (1318, 622)
[06:00:10] [DEBUG] [Inventory Scroll] DOWN x250 at (1318, 622)
[06:00:19] [DEBUG] [Inventory Scroll] DOWN x250 at (1318, 622)
[06:00:31] [DEBUG] [Inventory Scroll] DOWN x250 at (1318, 622)
[06:00:38] [DEBUG] [Inventory Scroll] DOWN x250 at (1318, 622)
[06:00:47] [DEBUG] [Inventory Scroll] UP x1250 at (1318, 622)
[06:00:47] [INFO] 
Template:   standard_chest.png [STANDARD REWARD CHEST]
Confidence: 0.9313
Position:   (1750, 910)
Action:     Left Click Open Chest
[06:00:48] [ACTION] Opened chest: standard_chest.png
[06:00:57] [INFO] 
Template:   sacred_staff_common.png [Item to Sell]
Confidence: 1.0000
Position:   (1365, 572)
Action:     Alt + Right-Click
[06:00:57] [INFO] Sales Section Capacity: 2/3 slots filled.
[06:00:57] [ACTION] Placed for sale: sacred_staff_common.png [2/3]
[06:01:05] [DEBUG] [Inventory Scroll] DOWN x250 at (1318, 622)
[06:01:13] [DEBUG] [Inventory Scroll] DOWN x250 at (1318, 622)
[06:01:23] [DEBUG] [Inventory Scroll] DOWN x250 at (1318, 622)
[06:01:31] [DEBUG] [Inventory Scroll] DOWN x250 at (1318, 622)
[06:01:39] [DEBUG] [Inventory Scroll] DOWN x250 at (1318, 622)
[06:01:48] [DEBUG] [Inventory Scroll] UP x1250 at (1318, 622)
[06:01:57] [DEBUG] [Inventory Scroll] DOWN x250 at (1318, 622)
[06:02:05] [DEBUG] [Inventory Scroll] DOWN x250 at (1318, 622)
[06:02:15] [DEBUG] [Inventory Scroll] DOWN x250 at (1318, 622)
[06:02:23] [DEBUG] [Inventory Scroll] DOWN x250 at (1318, 622)
[06:02:31] [DEBUG] [Inventory Scroll] DOWN x250 at (1318, 622)
[06:02:40] [DEBUG] [Inventory Scroll] UP x1250 at (1318, 622)
[06:02:48] [DEBUG] [Inventory Scroll] DOWN x250 at (1318, 622)
[06:02:57] [DEBUG] [Inventory Scroll] DOWN x250 at (1318, 622)
[06:03:06] [DEBUG] [Inventory Scroll] DOWN x250 at (1318, 622)
[06:03:14] [DEBUG] [Inventory Scroll] DOWN x250 at (1318, 622)
[06:03:23] [DEBUG] [Inventory Scroll] DOWN x250 at (1318, 622)
[06:03:32] [DEBUG] [Inventory Scroll] UP x1250 at (1318, 622)
[06:03:41] [DEBUG] [Inventory Scroll] DOWN x250 at (1318, 622)
[06:03:49] [DEBUG] [Inventory Scroll] DOWN x250 at (1318, 622)
[06:03:58] [DEBUG] [Inventory Scroll] DOWN x250 at (1318, 622)
[06:04:06] [DEBUG] [Inventory Scroll] DOWN x250 at (1318, 622)
[06:04:15] [DEBUG] [Inventory Scroll] DOWN x250 at (1318, 622)
[06:04:24] [DEBUG] [Inventory Scroll] UP x1250 at (1318, 622)
[06:04:33] [DEBUG] [Inventory Scroll] DOWN x250 at (1318, 622)
[06:04:41] [DEBUG] [Inventory Scroll] DOWN x250 at (1318, 622)
[06:04:50] [DEBUG] [Inventory Scroll] DOWN x250 at (1318, 622)
[06:04:58] [DEBUG] [Inventory Scroll] DOWN x250 at (1318, 622)
[06:05:06] [DEBUG] [Inventory Scroll] DOWN x250 at (1318, 622)
[06:05:16] [DEBUG] [Inventory Scroll] UP x1250 at (1318, 622)
[06:05:24] [DEBUG] [Inventory Scroll] DOWN x250 at (1318, 622)
[06:05:25] [INFO] 
Template:   standard_chest.png [STANDARD REWARD CHEST]
Confidence: 0.9202
Position:   (1750, 910)
Action:     Left Click Open Chest
[06:05:26] [ACTION] Opened chest: standard_chest.png
[06:05:32] [DEBUG] [Inventory Scroll] DOWN x250 at (1318, 622)
[06:05:42] [DEBUG] [Inventory Scroll] DOWN x250 at (1318, 622)
[06:05:51] [DEBUG] [Inventory Scroll] DOWN x250 at (1318, 622)
[06:05:59] [DEBUG] [Inventory Scroll] DOWN x250 at (1318, 622)
[06:06:08] [DEBUG] [Inventory Scroll] UP x1250 at (1318, 622)
[06:06:16] [INFO] 
Template:   shine_boots_common.png [Item to Sell]
Confidence: 0.9434
Position:   (1414, 572)
Action:     Alt + Right-Click
[06:06:17] [INFO] Sales Section Capacity: 3/3 slots filled.
[06:06:18] [ACTION] Placed for sale: shine_boots_common.png [3/3]
[06:06:18] [INFO] 
Template:   sell_button.png [CONFIRM BATCH SELL]
Confidence: 0.9369
Position:   (1779, 644)
Status:     Sales slots FULL (3/3)
Action:     Left Click Sell Button
[06:06:19] [INFO] Batch sale completed! Reset sales slots to 0.
[06:06:19] [ACTION] Clicked Batch Confirm Sell!
[06:06:25] [DEBUG] [Inventory Scroll] DOWN x250 at (1318, 622)
[06:06:34] [DEBUG] [Inventory Scroll] DOWN x250 at (1318, 622)
[06:06:43] [DEBUG] [Inventory Scroll] DOWN x250 at (1318, 622)
[06:06:51] [DEBUG] [Inventory Scroll] DOWN x250 at (1318, 622)
[06:07:00] [DEBUG] [Inventory Scroll] DOWN x250 at (1318, 622)
[06:07:08] [DEBUG] [Inventory Scroll] UP x1250 at (1318, 622)
[06:07:16] [DEBUG] [Inventory Scroll] DOWN x250 at (1318, 622)
[06:07:26] [DEBUG] [Inventory Scroll] DOWN x250 at (1318, 622)
[06:07:34] [DEBUG] [Inventory Scroll] DOWN x250 at (1318, 622)
[06:07:42] [DEBUG] [Inventory Scroll] DOWN x250 at (1318, 622)
[06:07:53] [DEBUG] [Inventory Scroll] DOWN x250 at (1318, 622)
[06:08:01] [DEBUG] [Inventory Scroll] UP x1250 at (1318, 622)
[06:08:09] [DEBUG] [Inventory Scroll] DOWN x250 at (1318, 622)
[06:08:18] [DEBUG] [Inventory Scroll] DOWN x250 at (1318, 622)
[06:08:27] [DEBUG] [Inventory Scroll] DOWN x250 at (1318, 622)
[06:08:35] [DEBUG] [Inventory Scroll] DOWN x250 at (1318, 622)
[06:08:44] [DEBUG] [Inventory Scroll] DOWN x250 at (1318, 622)
[06:08:53] [DEBUG] [Inventory Scroll] UP x1250 at (1318, 622)
[06:09:01] [DEBUG] [Inventory Scroll] DOWN x250 at (1318, 622)
[06:09:10] [DEBUG] [Inventory Scroll] DOWN x250 at (1318, 622)
[06:09:18] [DEBUG] [Inventory Scroll] DOWN x250 at (1318, 622)
[06:09:26] [DEBUG] [Inventory Scroll] DOWN x250 at (1318, 622)
[06:09:36] [DEBUG] [Inventory Scroll] DOWN x250 at (1318, 622)
[06:09:44] [DEBUG] [Inventory Scroll] UP x1250 at (1318, 622)
[06:09:52] [DEBUG] [Inventory Scroll] DOWN x250 at (1318, 622)
[06:10:03] [DEBUG] [Inventory Scroll] DOWN x250 at (1318, 622)
[06:10:03] [INFO] 
Template:   standard_chest.png [STANDARD REWARD CHEST]
Confidence: 0.9214
Position:   (1750, 910)
Action:     Left Click Open Chest
[06:10:05] [ACTION] Opened chest: standard_chest.png
[06:10:10] [DEBUG] [Inventory Scroll] DOWN x250 at (1318, 622)
[06:10:19] [DEBUG] [Inventory Scroll] DOWN x250 at (1318, 622)
[06:10:28] [DEBUG] [Inventory Scroll] DOWN x250 at (1318, 622)
[06:10:36] [DEBUG] [Inventory Scroll] UP x1250 at (1318, 622)
[06:10:42] [INFO] 
Template:   ancient_tree_sap.png [Chest Stash]
Confidence: 0.9999
Position:   (1265, 572)
Action:     Ctrl + Right-Click
[06:10:44] [INFO] Stashed: ancient_tree_sap.png (conf=1.00)
[06:10:53] [DEBUG] [Inventory Scroll] DOWN x250 at (1318, 622)
[06:11:01] [DEBUG] [Inventory Scroll] DOWN x250 at (1318, 622)
[06:11:10] [DEBUG] [Inventory Scroll] DOWN x250 at (1318, 622)
[06:11:20] [DEBUG] [Inventory Scroll] DOWN x250 at (1318, 622)
[06:11:29] [DEBUG] [Inventory Scroll] DOWN x250 at (1318, 622)
[06:11:37] [DEBUG] [Inventory Scroll] UP x1250 at (1318, 622)
[06:11:46] [DEBUG] [Inventory Scroll] DOWN x250 at (1318, 622)
[06:11:55] [DEBUG] [Inventory Scroll] DOWN x250 at (1318, 622)
[06:12:03] [DEBUG] [Inventory Scroll] DOWN x250 at (1318, 622)
[06:12:13] [DEBUG] [Inventory Scroll] DOWN x250 at (1318, 622)
[06:12:20] [DEBUG] [Inventory Scroll] DOWN x250 at (1318, 622)
[06:12:28] [DEBUG] [Inventory Scroll] UP x1250 at (1318, 622)
[06:12:38] [DEBUG] [Inventory Scroll] DOWN x250 at (1318, 622)
[06:12:46] [DEBUG] [Inventory Scroll] DOWN x250 at (1318, 622)
[06:12:54] [DEBUG] [Inventory Scroll] DOWN x250 at (1318, 622)
[06:13:04] [DEBUG] [Inventory Scroll] DOWN x250 at (1318, 622)
[06:13:12] [DEBUG] [Inventory Scroll] DOWN x250 at (1318, 622)
[06:13:21] [DEBUG] [Inventory Scroll] UP x1250 at (1318, 622)
[06:13:30] [DEBUG] [Inventory Scroll] DOWN x250 at (1318, 622)
[06:13:39] [DEBUG] [Inventory Scroll] DOWN x250 at (1318, 622)
[06:13:47] [DEBUG] [Inventory Scroll] DOWN x250 at (1318, 622)
[06:13:56] [DEBUG] [Inventory Scroll] DOWN x250 at (1318, 622)
[06:14:04] [DEBUG] [Inventory Scroll] DOWN x250 at (1318, 622)
[06:14:05] [INFO] 
Template:   standard_chest.png [STANDARD REWARD CHEST]
Confidence: 0.9349
Position:   (1750, 910)
Action:     Left Click Open Chest
[06:14:06] [ACTION] Opened chest: standard_chest.png
[06:14:12] [DEBUG] [Inventory Scroll] UP x1250 at (1318, 622)
[06:14:22] [INFO] 
Template:   shine_gloves_common.png [Item to Sell]
Confidence: 1.0000
Position:   (1265, 571)
Action:     Alt + Right-Click
[06:14:22] [INFO] Sales Section Capacity: 1/3 slots filled.
[06:14:24] [ACTION] Placed for sale: shine_gloves_common.png [1/3]
[06:14:30] [DEBUG] [Inventory Scroll] DOWN x250 at (1318, 622)
[06:14:38] [DEBUG] [Inventory Scroll] DOWN x250 at (1318, 622)
[06:14:48] [DEBUG] [Inventory Scroll] DOWN x250 at (1318, 622)
[06:14:56] [DEBUG] [Inventory Scroll] DOWN x250 at (1318, 622)
[06:15:04] [DEBUG] [Inventory Scroll] DOWN x250 at (1318, 622)
[06:15:13] [DEBUG] [Inventory Scroll] UP x1250 at (1318, 622)
[06:15:22] [DEBUG] [Inventory Scroll] DOWN x250 at (1318, 622)
[06:15:31] [DEBUG] [Inventory Scroll] DOWN x250 at (1318, 622)
[06:15:40] [DEBUG] [Inventory Scroll] DOWN x250 at (1318, 622)
[06:15:48] [DEBUG] [Inventory Scroll] DOWN x250 at (1318, 622)
[06:15:57] [DEBUG] [Inventory Scroll] DOWN x250 at (1318, 622)
[06:16:06] [DEBUG] [Inventory Scroll] UP x1250 at (1318, 622)
[06:16:14] [DEBUG] [Inventory Scroll] DOWN x250 at (1318, 622)
[06:16:22] [DEBUG] [Inventory Scroll] DOWN x250 at (1318, 622)
[06:16:32] [DEBUG] [Inventory Scroll] DOWN x250 at (1318, 622)
[06:16:40] [DEBUG] [Inventory Scroll] DOWN x250 at (1318, 622)
[06:16:40] [INFO] 
Template:   boss_chest.png [BOSS REWARD CHEST]
Confidence: 0.9369
Position:   (1750, 911)
Action:     Left Click Open Boss Chest
[06:16:42] [ACTION] Opened chest: boss_chest.png
[06:16:48] [DEBUG] [Inventory Scroll] DOWN x250 at (1318, 622)
[06:16:58] [DEBUG] [Inventory Scroll] UP x1250 at (1318, 622)
[06:17:04] [INFO] 
Template:   soulstone_hell.png [Chest Stash]
Confidence: 0.8940
Position:   (1364, 571)
Action:     Ctrl + Right-Click
[06:17:06] [INFO] Stashed: soulstone_hell.png (conf=0.89)
[06:17:14] [DEBUG] [Inventory Scroll] DOWN x250 at (1318, 622)
[06:17:23] [DEBUG] [Inventory Scroll] DOWN x250 at (1318, 622)
[06:17:31] [DEBUG] [Inventory Scroll] DOWN x250 at (1318, 622)
[06:17:41] [DEBUG] [Inventory Scroll] DOWN x250 at (1318, 622)
[06:17:50] [DEBUG] [Inventory Scroll] DOWN x250 at (1318, 622)
[06:17:58] [DEBUG] [Inventory Scroll] UP x1250 at (1318, 622)
[06:18:07] [DEBUG] [Inventory Scroll] DOWN x250 at (1318, 622)
[06:18:16] [DEBUG] [Inventory Scroll] DOWN x250 at (1318, 622)
[06:18:24] [DEBUG] [Inventory Scroll] DOWN x250 at (1318, 622)
[06:18:32] [DEBUG] [Inventory Scroll] DOWN x250 at (1318, 622)
[06:18:42] [DEBUG] [Inventory Scroll] DOWN x250 at (1318, 622)
[06:18:42] [INFO] 
Template:   standard_chest.png [STANDARD REWARD CHEST]
Confidence: 0.9386
Position:   (1750, 910)
Action:     Left Click Open Chest
[06:18:43] [ACTION] Opened chest: standard_chest.png
[06:18:50] [DEBUG] [Inventory Scroll] UP x1250 at (1318, 622)
[06:18:57] [INFO] 
Template:   fighter_helmet_common.png [Item to Sell]
Confidence: 1.0000
Position:   (1365, 572)
Action:     Alt + Right-Click
[06:18:57] [INFO] Sales Section Capacity: 2/3 slots filled.
[06:18:58] [ACTION] Placed for sale: fighter_helmet_common.png [2/3]
[06:19:08] [DEBUG] [Inventory Scroll] DOWN x250 at (1318, 622)
[06:19:16] [DEBUG] [Inventory Scroll] DOWN x250 at (1318, 622)
[06:19:24] [DEBUG] [Inventory Scroll] DOWN x250 at (1318, 622)
[06:19:33] [DEBUG] [Inventory Scroll] DOWN x250 at (1318, 622)
[06:19:41] [DEBUG] [Inventory Scroll] DOWN x250 at (1318, 622)
[06:19:50] [DEBUG] [Inventory Scroll] UP x1250 at (1318, 622)
[06:20:01] [DEBUG] [Inventory Scroll] DOWN x250 at (1318, 622)
[06:20:09] [DEBUG] [Inventory Scroll] DOWN x250 at (1318, 622)
[06:20:18] [DEBUG] [Inventory Scroll] DOWN x250 at (1318, 622)
[06:20:27] [DEBUG] [Inventory Scroll] DOWN x250 at (1318, 622)
[06:20:35] [DEBUG] [Inventory Scroll] DOWN x250 at (1318, 622)
[06:20:43] [DEBUG] [Inventory Scroll] UP x1250 at (1318, 622)
[06:20:53] [DEBUG] [Inventory Scroll] DOWN x250 at (1318, 622)
[06:21:02] [DEBUG] [Inventory Scroll] DOWN x250 at (1318, 622)
[06:21:09] [DEBUG] [Inventory Scroll] DOWN x250 at (1318, 622)
[06:21:18] [DEBUG] [Inventory Scroll] DOWN x250 at (1318, 622)
[06:21:26] [DEBUG] [Inventory Scroll] DOWN x250 at (1318, 622)
[06:21:35] [DEBUG] [Inventory Scroll] UP x1250 at (1318, 622)
[06:21:44] [DEBUG] [Inventory Scroll] DOWN x250 at (1318, 622)
[06:21:52] [DEBUG] [Inventory Scroll] DOWN x250 at (1318, 622)
[06:22:01] [DEBUG] [Inventory Scroll] DOWN x250 at (1318, 622)
[06:22:11] [DEBUG] [Inventory Scroll] DOWN x250 at (1318, 622)
[06:22:19] [DEBUG] [Inventory Scroll] DOWN x250 at (1318, 622)
[06:22:28] [DEBUG] [Inventory Scroll] UP x1250 at (1318, 622)
[06:22:37] [DEBUG] [Inventory Scroll] DOWN x250 at (1318, 622)
[06:22:45] [DEBUG] [Inventory Scroll] DOWN x250 at (1318, 622)
[06:22:53] [DEBUG] [Inventory Scroll] DOWN x250 at (1318, 622)
[06:22:54] [INFO] 
Template:   standard_chest.png [STANDARD REWARD CHEST]
Confidence: 0.9243
Position:   (1750, 910)
Action:     Left Click Open Chest
[06:22:55] [ACTION] Opened chest: standard_chest.png
[06:23:04] [DEBUG] [Inventory Scroll] DOWN x250 at (1318, 622)
[06:23:13] [DEBUG] [Inventory Scroll] DOWN x250 at (1318, 622)
[06:23:20] [DEBUG] [Inventory Scroll] UP x1250 at (1318, 622)
[06:23:29] [INFO] 
Template:   shine_boots_common.png [Item to Sell]
Confidence: 0.9434
Position:   (1414, 572)
Action:     Alt + Right-Click
[06:23:30] [INFO] Sales Section Capacity: 3/3 slots filled.
[06:23:30] [ACTION] Placed for sale: shine_boots_common.png [3/3]
[06:23:30] [INFO] 
Template:   sell_button.png [CONFIRM BATCH SELL]
Confidence: 0.9369
Position:   (1779, 644)
Status:     Sales slots FULL (3/3)
Action:     Left Click Sell Button
[06:23:31] [INFO] Batch sale completed! Reset sales slots to 0.
[06:23:31] [ACTION] Clicked Batch Confirm Sell!
[06:23:38] [DEBUG] [Inventory Scroll] DOWN x250 at (1318, 622)
[06:23:46] [DEBUG] [Inventory Scroll] DOWN x250 at (1318, 622)
[06:23:55] [DEBUG] [Inventory Scroll] DOWN x250 at (1318, 622)
[06:24:04] [DEBUG] [Inventory Scroll] DOWN x250 at (1318, 622)
[06:24:12] [DEBUG] [Inventory Scroll] DOWN x250 at (1318, 622)
[06:24:23] [DEBUG] [Inventory Scroll] UP x1250 at (1318, 622)
[06:24:30] [DEBUG] [Inventory Scroll] DOWN x250 at (1318, 622)
[06:24:39] [DEBUG] [Inventory Scroll] DOWN x250 at (1318, 622)
[06:24:49] [DEBUG] [Inventory Scroll] DOWN x250 at (1318, 622)
[06:24:57] [DEBUG] [Inventory Scroll] DOWN x250 at (1318, 622)
[06:25:05] [DEBUG] [Inventory Scroll] DOWN x250 at (1318, 622)
[06:25:15] [DEBUG] [Inventory Scroll] UP x1250 at (1318, 622)
[06:25:23] [DEBUG] [Inventory Scroll] DOWN x250 at (1318, 622)
[06:25:31] [DEBUG] [Inventory Scroll] DOWN x250 at (1318, 622)
[06:25:40] [DEBUG] [Inventory Scroll] DOWN x250 at (1318, 622)
[06:25:49] [DEBUG] [Inventory Scroll] DOWN x250 at (1318, 622)
[06:25:57] [DEBUG] [Inventory Scroll] DOWN x250 at (1318, 622)
[06:26:06] [DEBUG] [Inventory Scroll] UP x1250 at (1318, 622)
[06:26:15] [DEBUG] [Inventory Scroll] DOWN x250 at (1318, 622)
[06:26:23] [DEBUG] [Inventory Scroll] DOWN x250 at (1318, 622)
[06:26:34] [DEBUG] [Inventory Scroll] DOWN x250 at (1318, 622)
[06:26:42] [DEBUG] [Inventory Scroll] DOWN x250 at (1318, 622)
[06:26:50] [DEBUG] [Inventory Scroll] DOWN x250 at (1318, 622)
[06:27:00] [DEBUG] [Inventory Scroll] UP x1250 at (1318, 622)
[06:27:00] [INFO] 
Template:   standard_chest.png [STANDARD REWARD CHEST]
Confidence: 0.9294
Position:   (1750, 910)
Action:     Left Click Open Chest
[06:27:02] [ACTION] Opened chest: standard_chest.png
[06:27:08] [INFO] 
Template:   shine_armor_common.png [Item to Sell]
Confidence: 0.8840
Position:   (1264, 572)
Action:     Alt + Right-Click
[06:27:08] [INFO] Sales Section Capacity: 1/3 slots filled.
[06:27:09] [ACTION] Placed for sale: shine_armor_common.png [1/3]
[06:27:16] [DEBUG] [Inventory Scroll] DOWN x250 at (1318, 622)
[06:27:26] [DEBUG] [Inventory Scroll] DOWN x250 at (1318, 622)
[06:27:34] [DEBUG] [Inventory Scroll] DOWN x250 at (1318, 622)
[06:27:42] [DEBUG] [Inventory Scroll] DOWN x250 at (1318, 622)
[06:27:52] [DEBUG] [Inventory Scroll] DOWN x250 at (1318, 622)
[06:28:00] [DEBUG] [Inventory Scroll] UP x1250 at (1318, 622)
[06:28:08] [DEBUG] [Inventory Scroll] DOWN x250 at (1318, 622)
[06:28:17] [DEBUG] [Inventory Scroll] DOWN x250 at (1318, 622)
[06:28:26] [DEBUG] [Inventory Scroll] DOWN x250 at (1318, 622)
[06:28:34] [DEBUG] [Inventory Scroll] DOWN x250 at (1318, 622)
[06:28:45] [DEBUG] [Inventory Scroll] DOWN x250 at (1318, 622)
[06:28:52] [DEBUG] [Inventory Scroll] UP x1250 at (1318, 622)
[06:29:01] [DEBUG] [Inventory Scroll] DOWN x250 at (1318, 622)
[06:29:11] [DEBUG] [Inventory Scroll] DOWN x250 at (1318, 622)
[06:29:19] [DEBUG] [Inventory Scroll] DOWN x250 at (1318, 622)
[06:29:27] [DEBUG] [Inventory Scroll] DOWN x250 at (1318, 622)
[06:29:36] [DEBUG] [Inventory Scroll] DOWN x250 at (1318, 622)
[06:29:45] [DEBUG] [Inventory Scroll] UP x1250 at (1318, 622)
[06:29:53] [DEBUG] [Inventory Scroll] DOWN x250 at (1318, 622)
[06:30:03] [DEBUG] [Inventory Scroll] DOWN x250 at (1318, 622)
[06:30:11] [DEBUG] [Inventory Scroll] DOWN x250 at (1318, 622)
[06:30:19] [DEBUG] [Inventory Scroll] DOWN x250 at (1318, 622)
[06:30:29] [DEBUG] [Inventory Scroll] DOWN x250 at (1318, 622)
[06:30:37] [DEBUG] [Inventory Scroll] UP x1250 at (1318, 622)
[06:30:45] [DEBUG] [Inventory Scroll] DOWN x250 at (1318, 622)
[06:30:56] [DEBUG] [Inventory Scroll] DOWN x250 at (1318, 622)
[06:31:04] [DEBUG] [Inventory Scroll] DOWN x250 at (1318, 622)
[06:31:04] [INFO] 
Template:   standard_chest.png [STANDARD REWARD CHEST]
Confidence: 0.9168
Position:   (1750, 910)
Action:     Left Click Open Chest
[06:31:05] [ACTION] Opened chest: standard_chest.png
[06:31:12] [DEBUG] [Inventory Scroll] DOWN x250 at (1318, 622)
[06:31:22] [DEBUG] [Inventory Scroll] DOWN x250 at (1318, 622)
[06:31:30] [DEBUG] [Inventory Scroll] UP x1250 at (1318, 622)
[06:31:38] [INFO] 
Template:   shine_gloves_common.png [Item to Sell]
Confidence: 0.8937
Position:   (1365, 571)
Action:     Alt + Right-Click
[06:31:39] [INFO] Sales Section Capacity: 2/3 slots filled.
[06:31:39] [ACTION] Placed for sale: shine_gloves_common.png [2/3]
[06:31:49] [DEBUG] [Inventory Scroll] DOWN x250 at (1318, 622)
[06:31:57] [DEBUG] [Inventory Scroll] DOWN x250 at (1318, 622)
[06:32:05] [DEBUG] [Inventory Scroll] DOWN x250 at (1318, 622)
[06:32:15] [DEBUG] [Inventory Scroll] DOWN x250 at (1318, 622)
[06:32:23] [DEBUG] [Inventory Scroll] DOWN x250 at (1318, 622)
[06:32:31] [DEBUG] [Inventory Scroll] UP x1250 at (1318, 622)
[06:32:41] [DEBUG] [Inventory Scroll] DOWN x250 at (1318, 622)
[06:32:49] [DEBUG] [Inventory Scroll] DOWN x250 at (1318, 622)
[06:32:57] [DEBUG] [Inventory Scroll] DOWN x250 at (1318, 622)
[06:33:08] [DEBUG] [Inventory Scroll] DOWN x250 at (1318, 622)
[06:33:16] [DEBUG] [Inventory Scroll] DOWN x250 at (1318, 622)
[06:33:24] [DEBUG] [Inventory Scroll] UP x1250 at (1318, 622)
[06:33:34] [DEBUG] [Inventory Scroll] DOWN x250 at (1318, 622)
[06:33:42] [DEBUG] [Inventory Scroll] DOWN x250 at (1318, 622)
[06:33:50] [DEBUG] [Inventory Scroll] DOWN x250 at (1318, 622)
[06:34:00] [DEBUG] [Inventory Scroll] DOWN x250 at (1318, 622)
[06:34:09] [DEBUG] [Inventory Scroll] DOWN x250 at (1318, 622)
[06:34:17] [DEBUG] [Inventory Scroll] UP x1250 at (1318, 622)
[06:34:26] [DEBUG] [Inventory Scroll] DOWN x250 at (1318, 622)
[06:34:34] [DEBUG] [Inventory Scroll] DOWN x250 at (1318, 622)
[06:34:35] [INFO] 
Template:   boss_chest.png [BOSS REWARD CHEST]
Confidence: 0.9372
Position:   (1750, 911)
Action:     Left Click Open Boss Chest
[06:34:36] [ACTION] Opened chest: boss_chest.png
[06:34:43] [DEBUG] [Inventory Scroll] DOWN x250 at (1318, 622)
[06:34:52] [DEBUG] [Inventory Scroll] DOWN x250 at (1318, 622)
[06:35:00] [DEBUG] [Inventory Scroll] DOWN x250 at (1318, 622)
[06:35:09] [DEBUG] [Inventory Scroll] UP x1250 at (1318, 622)
[06:35:18] [INFO] 
Template:   item_20260818_014638.png [Item to Sell]
Confidence: 0.8559
Position:   (1415, 572)
Action:     Alt + Right-Click
[06:35:19] [INFO] Sales Section Capacity: 3/3 slots filled.
[06:35:19] [ACTION] Placed for sale: item_20260818_014638.png [3/3]
[06:35:19] [INFO] 
Template:   sell_button.png [CONFIRM BATCH SELL]
Confidence: 0.9369
Position:   (1779, 644)
Status:     Sales slots FULL (3/3)
Action:     Left Click Sell Button
[06:35:20] [INFO] Batch sale completed! Reset sales slots to 0.
[06:35:20] [ACTION] Clicked Batch Confirm Sell!
[06:35:21] [INFO] 
Template:   standard_chest.png [STANDARD REWARD CHEST]
Confidence: 0.9168
Position:   (1750, 910)
Action:     Left Click Open Chest
[06:35:22] [ACTION] Opened chest: standard_chest.png
[06:35:27] [INFO] 
Template:   shine_boots_common.png [Item to Sell]
Confidence: 1.0000
Position:   (1264, 572)
Action:     Alt + Right-Click
[06:35:27] [INFO] Sales Section Capacity: 1/3 slots filled.
[06:35:27] [ACTION] Placed for sale: shine_boots_common.png [1/3]
[06:35:35] [DEBUG] [Inventory Scroll] DOWN x250 at (1318, 622)
[06:35:45] [DEBUG] [Inventory Scroll] DOWN x250 at (1318, 622)
[06:35:53] [DEBUG] [Inventory Scroll] DOWN x250 at (1318, 622)
[06:36:01] [DEBUG] [Inventory Scroll] DOWN x250 at (1318, 622)
[06:36:10] [DEBUG] [Inventory Scroll] DOWN x250 at (1318, 622)
[06:36:19] [DEBUG] [Inventory Scroll] UP x1250 at (1318, 622)
[06:36:28] [DEBUG] [Inventory Scroll] DOWN x250 at (1318, 622)
[06:36:37] [DEBUG] [Inventory Scroll] DOWN x250 at (1318, 622)
[06:36:46] [DEBUG] [Inventory Scroll] DOWN x250 at (1318, 622)
[06:36:54] [DEBUG] [Inventory Scroll] DOWN x250 at (1318, 622)
[06:37:03] [DEBUG] [Inventory Scroll] DOWN x250 at (1318, 622)
[06:37:11] [DEBUG] [Inventory Scroll] UP x1250 at (1318, 622)
[06:37:20] [DEBUG] [Inventory Scroll] DOWN x250 at (1318, 622)
[06:37:30] [DEBUG] [Inventory Scroll] DOWN x250 at (1318, 622)
[06:37:38] [DEBUG] [Inventory Scroll] DOWN x250 at (1318, 622)
[06:37:46] [DEBUG] [Inventory Scroll] DOWN x250 at (1318, 622)
[06:37:56] [DEBUG] [Inventory Scroll] DOWN x250 at (1318, 622)
[06:38:04] [DEBUG] [Inventory Scroll] UP x1250 at (1318, 622)
[06:38:12] [DEBUG] [Inventory Scroll] DOWN x250 at (1318, 622)
[06:38:22] [DEBUG] [Inventory Scroll] DOWN x250 at (1318, 622)
[06:38:31] [DEBUG] [Inventory Scroll] DOWN x250 at (1318, 622)
[06:38:39] [DEBUG] [Inventory Scroll] DOWN x250 at (1318, 622)
[06:38:48] [DEBUG] [Inventory Scroll] DOWN x250 at (1318, 622)
[06:38:57] [DEBUG] [Inventory Scroll] UP x1250 at (1318, 622)
[06:39:05] [DEBUG] [Inventory Scroll] DOWN x250 at (1318, 622)
[06:39:14] [DEBUG] [Inventory Scroll] DOWN x250 at (1318, 622)
[06:39:22] [DEBUG] [Inventory Scroll] DOWN x250 at (1318, 622)
[06:39:31] [DEBUG] [Inventory Scroll] DOWN x250 at (1318, 622)
[06:39:41] [DEBUG] [Inventory Scroll] DOWN x250 at (1318, 622)
[06:39:49] [DEBUG] [Inventory Scroll] UP x1250 at (1318, 622)
[06:39:58] [DEBUG] [Inventory Scroll] DOWN x250 at (1318, 622)
[06:39:58] [INFO] 
Template:   standard_chest.png [STANDARD REWARD CHEST]
Confidence: 0.9326
Position:   (1750, 910)
Action:     Left Click Open Chest
[06:39:59] [ACTION] Opened chest: standard_chest.png
[06:40:08] [DEBUG] [Inventory Scroll] DOWN x250 at (1318, 622)
[06:40:16] [DEBUG] [Inventory Scroll] DOWN x250 at (1318, 622)
[06:40:24] [DEBUG] [Inventory Scroll] DOWN x250 at (1318, 622)
[06:40:34] [DEBUG] [Inventory Scroll] DOWN x250 at (1318, 622)
[06:40:42] [DEBUG] [Inventory Scroll] UP x1250 at (1318, 622)
[06:40:50] [INFO] 
Template:   shine_boots_common.png [Item to Sell]
Confidence: 1.0000
Position:   (1364, 572)
Action:     Alt + Right-Click
[06:40:51] [INFO] Sales Section Capacity: 2/3 slots filled.
[06:40:52] [ACTION] Placed for sale: shine_boots_common.png [2/3]
[06:41:01] [DEBUG] [Inventory Scroll] DOWN x250 at (1318, 622)
[06:41:10] [DEBUG] [Inventory Scroll] DOWN x250 at (1318, 622)
[06:41:18] [DEBUG] [Inventory Scroll] DOWN x250 at (1318, 622)
[06:41:27] [DEBUG] [Inventory Scroll] DOWN x250 at (1318, 622)
[06:41:35] [DEBUG] [Inventory Scroll] DOWN x250 at (1318, 622)
[06:41:44] [DEBUG] [Inventory Scroll] UP x1250 at (1318, 622)
[06:41:54] [DEBUG] [Inventory Scroll] DOWN x250 at (1318, 622)
[06:42:02] [DEBUG] [Inventory Scroll] DOWN x250 at (1318, 622)
[06:42:10] [DEBUG] [Inventory Scroll] DOWN x250 at (1318, 622)
[06:42:20] [DEBUG] [Inventory Scroll] DOWN x250 at (1318, 622)
[06:42:28] [DEBUG] [Inventory Scroll] DOWN x250 at (1318, 622)
[06:42:36] [DEBUG] [Inventory Scroll] UP x1250 at (1318, 622)
[06:42:45] [DEBUG] [Inventory Scroll] DOWN x250 at (1318, 622)
[06:42:54] [DEBUG] [Inventory Scroll] DOWN x250 at (1318, 622)
[06:43:03] [DEBUG] [Inventory Scroll] DOWN x250 at (1318, 622)
[06:43:12] [DEBUG] [Inventory Scroll] DOWN x250 at (1318, 622)
[06:43:20] [DEBUG] [Inventory Scroll] DOWN x250 at (1318, 622)
[06:43:29] [DEBUG] [Inventory Scroll] UP x1250 at (1318, 622)
[06:43:38] [DEBUG] [Inventory Scroll] DOWN x250 at (1318, 622)
[06:43:46] [DEBUG] [Inventory Scroll] DOWN x250 at (1318, 622)
[06:43:55] [DEBUG] [Inventory Scroll] DOWN x250 at (1318, 622)
[06:44:05] [DEBUG] [Inventory Scroll] DOWN x250 at (1318, 622)
[06:44:13] [DEBUG] [Inventory Scroll] DOWN x250 at (1318, 622)
[06:44:21] [DEBUG] [Inventory Scroll] UP x1250 at (1318, 622)
[06:44:31] [DEBUG] [Inventory Scroll] DOWN x250 at (1318, 622)
[06:44:39] [DEBUG] [Inventory Scroll] DOWN x250 at (1318, 622)
[06:44:39] [INFO] 
Template:   standard_chest.png [STANDARD REWARD CHEST]
Confidence: 0.9339
Position:   (1750, 910)
Action:     Left Click Open Chest
[06:44:41] [ACTION] Opened chest: standard_chest.png
[06:44:47] [DEBUG] [Inventory Scroll] DOWN x250 at (1318, 622)
[06:44:56] [DEBUG] [Inventory Scroll] DOWN x250 at (1318, 622)
[06:45:05] [DEBUG] [Inventory Scroll] DOWN x250 at (1318, 622)
[06:45:14] [DEBUG] [Inventory Scroll] UP x1250 at (1318, 622)
[06:45:21] [INFO] 
Template:   bat_wing_membrane.png [Chest Stash]
Confidence: 0.9999
Position:   (1414, 572)
Action:     Ctrl + Right-Click
[06:45:23] [INFO] Stashed: bat_wing_membrane.png (conf=1.00)
[06:45:31] [DEBUG] [Inventory Scroll] DOWN x250 at (1318, 622)
[06:45:40] [DEBUG] [Inventory Scroll] DOWN x250 at (1318, 622)
[06:45:49] [DEBUG] [Inventory Scroll] DOWN x250 at (1318, 622)
[06:45:58] [DEBUG] [Inventory Scroll] DOWN x250 at (1318, 622)
[06:46:06] [DEBUG] [Inventory Scroll] DOWN x250 at (1318, 622)
[06:46:16] [DEBUG] [Inventory Scroll] UP x1250 at (1318, 622)
[06:46:24] [DEBUG] [Inventory Scroll] DOWN x250 at (1318, 622)
[06:46:32] [DEBUG] [Inventory Scroll] DOWN x250 at (1318, 622)
[06:46:42] [DEBUG] [Inventory Scroll] DOWN x250 at (1318, 622)
[06:46:42] [INFO] 
Template:   boss_chest.png [BOSS REWARD CHEST]
Confidence: 0.9339
Position:   (1750, 911)
Action:     Left Click Open Boss Chest
[06:46:43] [ACTION] Opened chest: boss_chest.png
[06:46:50] [DEBUG] [Inventory Scroll] DOWN x250 at (1318, 622)
[06:46:58] [DEBUG] [Inventory Scroll] DOWN x250 at (1318, 622)
[06:47:08] [DEBUG] [Inventory Scroll] UP x1250 at (1318, 622)
[06:47:14] [INFO] 
Template:   emerald.png [Chest Stash]
Confidence: 0.8638
Position:   (1414, 572)
Action:     Ctrl + Right-Click
[06:47:15] [INFO] Stashed: emerald.png (conf=0.86)
[06:47:24] [DEBUG] [Inventory Scroll] DOWN x250 at (1318, 622)
[06:47:34] [DEBUG] [Inventory Scroll] DOWN x250 at (1318, 622)
[06:47:42] [DEBUG] [Inventory Scroll] DOWN x250 at (1318, 622)
[06:47:51] [DEBUG] [Inventory Scroll] DOWN x250 at (1318, 622)
[06:48:01] [DEBUG] [Inventory Scroll] DOWN x250 at (1318, 622)
[06:48:09] [DEBUG] [Inventory Scroll] UP x1250 at (1318, 622)
[06:48:17] [DEBUG] [Inventory Scroll] DOWN x250 at (1318, 622)
[06:48:27] [DEBUG] [Inventory Scroll] DOWN x250 at (1318, 622)
[06:48:36] [DEBUG] [Inventory Scroll] DOWN x250 at (1318, 622)
[06:48:44] [DEBUG] [Inventory Scroll] DOWN x250 at (1318, 622)
[06:48:45] [INFO] 
Template:   standard_chest.png [STANDARD REWARD CHEST]
Confidence: 0.9305
Position:   (1750, 910)
Action:     Left Click Open Chest
[06:48:46] [ACTION] Opened chest: standard_chest.png
[06:48:55] [DEBUG] [Inventory Scroll] DOWN x250 at (1318, 622)
[06:49:03] [DEBUG] [Inventory Scroll] UP x1250 at (1318, 622)
[06:49:11] [INFO] 
Template:   sacred_staff_common.png [Item to Sell]
Confidence: 1.0000
Position:   (1415, 572)
Action:     Alt + Right-Click
[06:49:11] [INFO] Sales Section Capacity: 3/3 slots filled.
[06:49:12] [ACTION] Placed for sale: sacred_staff_common.png [3/3]
[06:49:13] [INFO] 
Template:   sell_button.png [CONFIRM BATCH SELL]
Confidence: 0.9369
Position:   (1779, 644)
Status:     Sales slots FULL (3/3)
Action:     Left Click Sell Button
[06:49:13] [INFO] Batch sale completed! Reset sales slots to 0.
[06:49:14] [ACTION] Clicked Batch Confirm Sell!
[06:49:23] [DEBUG] [Inventory Scroll] DOWN x250 at (1318, 622)
[06:49:32] [DEBUG] [Inventory Scroll] DOWN x250 at (1318, 622)
[06:49:40] [DEBUG] [Inventory Scroll] DOWN x250 at (1318, 622)
[06:49:50] [DEBUG] [Inventory Scroll] DOWN x250 at (1318, 622)
[06:49:58] [DEBUG] [Inventory Scroll] DOWN x250 at (1318, 622)
[06:50:06] [DEBUG] [Inventory Scroll] UP x1250 at (1318, 622)
[06:50:16] [DEBUG] [Inventory Scroll] DOWN x250 at (1318, 622)
[06:50:24] [DEBUG] [Inventory Scroll] DOWN x250 at (1318, 622)
[06:50:32] [DEBUG] [Inventory Scroll] DOWN x250 at (1318, 622)
[06:50:42] [DEBUG] [Inventory Scroll] DOWN x250 at (1318, 622)
[06:50:50] [DEBUG] [Inventory Scroll] DOWN x250 at (1318, 622)
[06:50:59] [DEBUG] [Inventory Scroll] UP x1250 at (1318, 622)
[06:51:08] [DEBUG] [Inventory Scroll] DOWN x250 at (1318, 622)
[06:51:16] [DEBUG] [Inventory Scroll] DOWN x250 at (1318, 622)
[06:51:24] [DEBUG] [Inventory Scroll] DOWN x250 at (1318, 622)
[06:51:34] [DEBUG] [Inventory Scroll] DOWN x250 at (1318, 622)
[06:51:42] [DEBUG] [Inventory Scroll] DOWN x250 at (1318, 622)
[06:51:51] [DEBUG] [Inventory Scroll] UP x1250 at (1318, 622)
[06:52:00] [DEBUG] [Inventory Scroll] DOWN x250 at (1318, 622)
[06:52:08] [DEBUG] [Inventory Scroll] DOWN x250 at (1318, 622)
[06:52:17] [DEBUG] [Inventory Scroll] DOWN x250 at (1318, 622)
[06:52:29] [DEBUG] [Inventory Scroll] DOWN x250 at (1318, 622)
[06:52:38] [DEBUG] [Inventory Scroll] DOWN x250 at (1318, 622)
[06:52:47] [DEBUG] [Inventory Scroll] UP x1250 at (1318, 622)
[06:52:57] [DEBUG] [Inventory Scroll] DOWN x250 at (1318, 622)
[06:53:05] [DEBUG] [Inventory Scroll] DOWN x250 at (1318, 622)
[06:53:05] [INFO] 
Template:   standard_chest.png [STANDARD REWARD CHEST]
Confidence: 0.9231
Position:   (1750, 910)
Action:     Left Click Open Chest
[06:53:06] [ACTION] Opened chest: standard_chest.png
[06:53:13] [DEBUG] [Inventory Scroll] DOWN x250 at (1318, 622)
[06:53:23] [DEBUG] [Inventory Scroll] DOWN x250 at (1318, 622)
[06:53:31] [DEBUG] [Inventory Scroll] DOWN x250 at (1318, 622)
[06:53:39] [DEBUG] [Inventory Scroll] UP x1250 at (1318, 622)
[06:53:46] [INFO] 
Template:   amber_gem.png [Chest Stash]
Confidence: 0.9646
Position:   (1264, 572)
Action:     Ctrl + Right-Click
[06:53:48] [INFO] Stashed: amber_gem.png (conf=0.96)
[06:53:57] [DEBUG] [Inventory Scroll] DOWN x250 at (1318, 622)
[06:54:06] [DEBUG] [Inventory Scroll] DOWN x250 at (1318, 622)
[06:54:15] [DEBUG] [Inventory Scroll] DOWN x250 at (1318, 622)
[06:54:24] [DEBUG] [Inventory Scroll] DOWN x250 at (1318, 622)
[06:54:32] [DEBUG] [Inventory Scroll] DOWN x250 at (1318, 622)
[06:54:41] [DEBUG] [Inventory Scroll] UP x1250 at (1318, 622)
[06:54:49] [DEBUG] [Inventory Scroll] DOWN x250 at (1318, 622)
[06:54:58] [DEBUG] [Inventory Scroll] DOWN x250 at (1318, 622)
[06:55:08] [DEBUG] [Inventory Scroll] DOWN x250 at (1318, 622)
[06:55:16] [DEBUG] [Inventory Scroll] DOWN x250 at (1318, 622)
[06:55:24] [DEBUG] [Inventory Scroll] DOWN x250 at (1318, 622)
[06:55:34] [DEBUG] [Inventory Scroll] UP x1250 at (1318, 622)
[06:55:42] [DEBUG] [Inventory Scroll] DOWN x250 at (1318, 622)
[06:55:50] [DEBUG] [Inventory Scroll] DOWN x250 at (1318, 622)
[06:55:59] [DEBUG] [Inventory Scroll] DOWN x250 at (1318, 622)
[06:56:08] [DEBUG] [Inventory Scroll] DOWN x250 at (1318, 622)
[06:56:16] [DEBUG] [Inventory Scroll] DOWN x250 at (1318, 622)
[06:56:25] [DEBUG] [Inventory Scroll] UP x1250 at (1318, 622)
[06:56:34] [DEBUG] [Inventory Scroll] DOWN x250 at (1318, 622)
[06:56:42] [DEBUG] [Inventory Scroll] DOWN x250 at (1318, 622)
[06:56:51] [DEBUG] [Inventory Scroll] DOWN x250 at (1318, 622)
[06:57:00] [DEBUG] [Inventory Scroll] DOWN x250 at (1318, 622)
[06:57:08] [DEBUG] [Inventory Scroll] DOWN x250 at (1318, 622)
[06:57:18] [DEBUG] [Inventory Scroll] UP x1250 at (1318, 622)
[06:57:26] [DEBUG] [Inventory Scroll] DOWN x250 at (1318, 622)
[06:57:35] [DEBUG] [Inventory Scroll] DOWN x250 at (1318, 622)
[06:57:44] [DEBUG] [Inventory Scroll] DOWN x250 at (1318, 622)
[06:57:52] [DEBUG] [Inventory Scroll] DOWN x250 at (1318, 622)
[06:57:53] [INFO] 
Template:   standard_chest.png [STANDARD REWARD CHEST]
Confidence: 0.9204
Position:   (1750, 910)
Action:     Left Click Open Chest
[06:57:55] [ACTION] Opened chest: standard_chest.png
[06:58:01] [DEBUG] [Inventory Scroll] DOWN x250 at (1318, 622)
[06:58:10] [DEBUG] [Inventory Scroll] UP x1250 at (1318, 622)
[06:58:17] [INFO] 
Template:   fighter_helmet_common.png [Item to Sell]
Confidence: 1.0000
Position:   (1265, 572)
Action:     Alt + Right-Click
[06:58:18] [INFO] Sales Section Capacity: 1/3 slots filled.
[06:58:18] [ACTION] Placed for sale: fighter_helmet_common.png [1/3]
[06:58:27] [DEBUG] [Inventory Scroll] DOWN x250 at (1318, 622)
[06:58:36] [DEBUG] [Inventory Scroll] DOWN x250 at (1318, 622)
[06:58:36] [INFO] 
Template:   boss_chest.png [BOSS REWARD CHEST]
Confidence: 0.9383
Position:   (1750, 911)
Action:     Left Click Open Boss Chest
[06:58:38] [ACTION] Opened chest: boss_chest.png
[06:58:44] [DEBUG] [Inventory Scroll] DOWN x250 at (1318, 622)
[06:58:53] [DEBUG] [Inventory Scroll] DOWN x250 at (1318, 622)
[06:59:02] [DEBUG] [Inventory Scroll] DOWN x250 at (1318, 622)
[06:59:10] [DEBUG] [Inventory Scroll] UP x1250 at (1318, 622)
[06:59:16] [INFO] 
Template:   harpy_feather.png [Chest Stash]
Confidence: 0.9999
Position:   (1365, 573)
Action:     Ctrl + Right-Click
[06:59:18] [INFO] Stashed: harpy_feather.png (conf=1.00)
[06:59:27] [DEBUG] [Inventory Scroll] DOWN x250 at (1318, 622)
[06:59:36] [DEBUG] [Inventory Scroll] DOWN x250 at (1318, 622)
[06:59:44] [DEBUG] [Inventory Scroll] DOWN x250 at (1318, 622)
[06:59:53] [DEBUG] [Inventory Scroll] DOWN x250 at (1318, 622)
[07:00:01] [DEBUG] [Inventory Scroll] DOWN x250 at (1318, 622)
[07:00:10] [DEBUG] [Inventory Scroll] UP x1250 at (1318, 622)
[07:00:19] [DEBUG] [Inventory Scroll] DOWN x250 at (1318, 622)
[07:00:28] [DEBUG] [Inventory Scroll] DOWN x250 at (1318, 622)
[07:00:35] [DEBUG] [Inventory Scroll] DOWN x250 at (1318, 622)
[07:00:45] [DEBUG] [Inventory Scroll] DOWN x250 at (1318, 622)
[07:00:53] [DEBUG] [Inventory Scroll] DOWN x250 at (1318, 622)
[07:01:02] [DEBUG] [Inventory Scroll] UP x1250 at (1318, 622)
[07:01:11] [DEBUG] [Inventory Scroll] DOWN x250 at (1318, 622)
[07:01:19] [DEBUG] [Inventory Scroll] DOWN x250 at (1318, 622)
[07:01:27] [DEBUG] [Inventory Scroll] DOWN x250 at (1318, 622)
[07:01:37] [DEBUG] [Inventory Scroll] DOWN x250 at (1318, 622)
[07:01:46] [DEBUG] [Inventory Scroll] DOWN x250 at (1318, 622)
[07:01:54] [DEBUG] [Inventory Scroll] UP x1250 at (1318, 622)
[07:02:03] [DEBUG] [Inventory Scroll] DOWN x250 at (1318, 622)
[07:02:04] [INFO] 
Template:   standard_chest.png [STANDARD REWARD CHEST]
Confidence: 0.9311
Position:   (1750, 910)
Action:     Left Click Open Chest
[07:02:05] [ACTION] Opened chest: standard_chest.png
[07:02:11] [DEBUG] [Inventory Scroll] DOWN x250 at (1318, 622)
[07:02:20] [DEBUG] [Inventory Scroll] DOWN x250 at (1318, 622)
[07:02:29] [DEBUG] [Inventory Scroll] DOWN x250 at (1318, 622)
[07:02:37] [DEBUG] [Inventory Scroll] DOWN x250 at (1318, 622)
[07:02:46] [DEBUG] [Inventory Scroll] UP x1250 at (1318, 622)
[07:02:53] [INFO] 
Template:   wood.png [Chest Stash]
Confidence: 0.9155
Position:   (1363, 572)
Action:     Ctrl + Right-Click
[07:02:54] [INFO] Stashed: wood.png (conf=0.92)
[07:03:03] [DEBUG] [Inventory Scroll] DOWN x250 at (1318, 622)
[07:03:12] [DEBUG] [Inventory Scroll] DOWN x250 at (1318, 622)
[07:03:21] [DEBUG] [Inventory Scroll] DOWN x250 at (1318, 622)
[07:03:29] [DEBUG] [Inventory Scroll] DOWN x250 at (1318, 622)
[07:03:38] [DEBUG] [Inventory Scroll] DOWN x250 at (1318, 622)
[07:03:48] [DEBUG] [Inventory Scroll] UP x1250 at (1318, 622)
[07:03:57] [DEBUG] [Inventory Scroll] DOWN x250 at (1318, 622)
[07:04:05] [DEBUG] [Inventory Scroll] DOWN x250 at (1318, 622)
[07:04:15] [DEBUG] [Inventory Scroll] DOWN x250 at (1318, 622)
[07:04:23] [DEBUG] [Inventory Scroll] DOWN x250 at (1318, 622)
[07:04:31] [DEBUG] [Inventory Scroll] DOWN x250 at (1318, 622)
[07:04:40] [DEBUG] [Inventory Scroll] UP x1250 at (1318, 622)
[07:04:49] [DEBUG] [Inventory Scroll] DOWN x250 at (1318, 622)
[07:04:57] [DEBUG] [Inventory Scroll] DOWN x250 at (1318, 622)
[07:05:06] [DEBUG] [Inventory Scroll] DOWN x250 at (1318, 622)
[07:05:14] [DEBUG] [Inventory Scroll] DOWN x250 at (1318, 622)
[07:05:23] [DEBUG] [Inventory Scroll] DOWN x250 at (1318, 622)
[07:05:32] [DEBUG] [Inventory Scroll] UP x1250 at (1318, 622)
[07:05:40] [DEBUG] [Inventory Scroll] DOWN x250 at (1318, 622)
[07:05:50] [DEBUG] [Inventory Scroll] DOWN x250 at (1318, 622)
[07:06:00] [DEBUG] [Inventory Scroll] DOWN x250 at (1318, 622)
[07:06:08] [DEBUG] [Inventory Scroll] DOWN x250 at (1318, 622)
[07:06:16] [DEBUG] [Inventory Scroll] DOWN x250 at (1318, 622)
[07:06:17] [INFO] 
Template:   standard_chest.png [STANDARD REWARD CHEST]
Confidence: 0.9340
Position:   (1750, 910)
Action:     Left Click Open Chest
[07:06:18] [ACTION] Opened chest: standard_chest.png
[07:06:27] [DEBUG] [Inventory Scroll] UP x1250 at (1318, 622)
[07:06:35] [INFO] 
Template:   sacred_staff_common.png [Item to Sell]
Confidence: 0.9225
Position:   (1365, 572)
Action:     Alt + Right-Click
[07:06:35] [INFO] Sales Section Capacity: 2/3 slots filled.
[07:06:36] [ACTION] Placed for sale: sacred_staff_common.png [2/3]
[07:06:43] [DEBUG] [Inventory Scroll] DOWN x250 at (1318, 622)
[07:06:53] [DEBUG] [Inventory Scroll] DOWN x250 at (1318, 622)
[07:07:01] [DEBUG] [Inventory Scroll] DOWN x250 at (1318, 622)
[07:07:09] [DEBUG] [Inventory Scroll] DOWN x250 at (1318, 622)
[07:07:18] [DEBUG] [Inventory Scroll] DOWN x250 at (1318, 622)
[07:07:27] [DEBUG] [Inventory Scroll] UP x1250 at (1318, 622)
[07:07:35] [DEBUG] [Inventory Scroll] DOWN x250 at (1318, 622)
[07:07:44] [DEBUG] [Inventory Scroll] DOWN x250 at (1318, 622)
[07:07:53] [DEBUG] [Inventory Scroll] DOWN x250 at (1318, 622)
[07:08:01] [DEBUG] [Inventory Scroll] DOWN x250 at (1318, 622)
[07:08:11] [DEBUG] [Inventory Scroll] DOWN x250 at (1318, 622)
[07:08:19] [DEBUG] [Inventory Scroll] UP x1250 at (1318, 622)
[07:08:27] [DEBUG] [Inventory Scroll] DOWN x250 at (1318, 622)
[07:08:36] [DEBUG] [Inventory Scroll] DOWN x250 at (1318, 622)
[07:08:45] [DEBUG] [Inventory Scroll] DOWN x250 at (1318, 622)
[07:08:53] [DEBUG] [Inventory Scroll] DOWN x250 at (1318, 622)
[07:09:02] [DEBUG] [Inventory Scroll] DOWN x250 at (1318, 622)
[07:09:11] [DEBUG] [Inventory Scroll] UP x1250 at (1318, 622)
[07:09:19] [DEBUG] [Inventory Scroll] DOWN x250 at (1318, 622)
[07:09:28] [DEBUG] [Inventory Scroll] DOWN x250 at (1318, 622)
[07:09:36] [DEBUG] [Inventory Scroll] DOWN x250 at (1318, 622)
[07:09:45] [DEBUG] [Inventory Scroll] DOWN x250 at (1318, 622)
[07:09:55] [DEBUG] [Inventory Scroll] DOWN x250 at (1318, 622)
[07:10:03] [DEBUG] [Inventory Scroll] UP x1250 at (1318, 622)
[07:10:11] [DEBUG] [Inventory Scroll] DOWN x250 at (1318, 622)
[07:10:21] [DEBUG] [Inventory Scroll] DOWN x250 at (1318, 622)
[07:10:29] [DEBUG] [Inventory Scroll] DOWN x250 at (1318, 622)
[07:10:37] [DEBUG] [Inventory Scroll] DOWN x250 at (1318, 622)
[07:10:46] [DEBUG] [Inventory Scroll] DOWN x250 at (1318, 622)
[07:10:55] [DEBUG] [Inventory Scroll] UP x1250 at (1318, 622)
[07:11:03] [DEBUG] [Inventory Scroll] DOWN x250 at (1318, 622)
[07:11:04] [INFO] 
Template:   standard_chest.png [STANDARD REWARD CHEST]
Confidence: 0.9397
Position:   (1750, 910)
Action:     Left Click Open Chest
[07:11:05] [ACTION] Opened chest: standard_chest.png
[07:11:14] [DEBUG] [Inventory Scroll] DOWN x250 at (1318, 622)
[07:11:22] [DEBUG] [Inventory Scroll] DOWN x250 at (1318, 622)
[07:11:30] [DEBUG] [Inventory Scroll] DOWN x250 at (1318, 622)
[07:11:39] [DEBUG] [Inventory Scroll] DOWN x250 at (1318, 622)
[07:11:48] [DEBUG] [Inventory Scroll] UP x1250 at (1318, 622)
[07:11:56] [INFO] 
Template:   shine_boots_common.png [Item to Sell]
Confidence: 1.0000
Position:   (1414, 572)
Action:     Alt + Right-Click
[07:11:56] [INFO] Sales Section Capacity: 3/3 slots filled.
[07:11:57] [ACTION] Placed for sale: shine_boots_common.png [3/3]
[07:11:58] [INFO] 
Template:   sell_button.png [CONFIRM BATCH SELL]
Confidence: 0.9369
Position:   (1779, 644)
Status:     Sales slots FULL (3/3)
Action:     Left Click Sell Button
[07:11:58] [INFO] Batch sale completed! Reset sales slots to 0.
[07:11:59] [ACTION] Clicked Batch Confirm Sell!
[07:12:08] [DEBUG] [Inventory Scroll] DOWN x250 at (1318, 622)
[07:12:16] [DEBUG] [Inventory Scroll] DOWN x250 at (1318, 622)
[07:12:24] [DEBUG] [Inventory Scroll] DOWN x250 at (1318, 622)
[07:12:34] [DEBUG] [Inventory Scroll] DOWN x250 at (1318, 622)
[07:12:42] [DEBUG] [Inventory Scroll] DOWN x250 at (1318, 622)
[07:12:51] [DEBUG] [Inventory Scroll] UP x1250 at (1318, 622)
[07:13:00] [DEBUG] [Inventory Scroll] DOWN x250 at (1318, 622)
[07:13:08] [DEBUG] [Inventory Scroll] DOWN x250 at (1318, 622)
[07:13:16] [DEBUG] [Inventory Scroll] DOWN x250 at (1318, 622)
[07:13:26] [DEBUG] [Inventory Scroll] DOWN x250 at (1318, 622)
[07:13:34] [DEBUG] [Inventory Scroll] DOWN x250 at (1318, 622)
[07:13:42] [DEBUG] [Inventory Scroll] UP x1250 at (1318, 622)
[07:13:52] [DEBUG] [Inventory Scroll] DOWN x250 at (1318, 622)
[07:14:00] [DEBUG] [Inventory Scroll] DOWN x250 at (1318, 622)
[07:14:09] [DEBUG] [Inventory Scroll] DOWN x250 at (1318, 622)
[07:14:18] [DEBUG] [Inventory Scroll] DOWN x250 at (1318, 622)
[07:14:27] [DEBUG] [Inventory Scroll] DOWN x250 at (1318, 622)
[07:14:35] [DEBUG] [Inventory Scroll] UP x1250 at (1318, 622)
[07:14:45] [DEBUG] [Inventory Scroll] DOWN x250 at (1318, 622)
[07:14:52] [DEBUG] [Inventory Scroll] DOWN x250 at (1318, 622)
[07:15:01] [DEBUG] [Inventory Scroll] DOWN x250 at (1318, 622)
[07:15:11] [DEBUG] [Inventory Scroll] DOWN x250 at (1318, 622)
[07:15:11] [INFO] 
Template:   standard_chest.png [STANDARD REWARD CHEST]
Confidence: 0.9231
Position:   (1750, 910)
Action:     Left Click Open Chest
[07:15:13] [ACTION] Opened chest: standard_chest.png
[07:15:19] [DEBUG] [Inventory Scroll] DOWN x250 at (1318, 622)
[07:15:27] [DEBUG] [Inventory Scroll] UP x1250 at (1318, 622)
[07:15:34] [INFO] 
Template:   jade_stone.png [Chest Stash]
Confidence: 0.8876
Position:   (1264, 572)
Action:     Ctrl + Right-Click
[07:15:35] [INFO] Stashed: jade_stone.png (conf=0.89)
[07:15:44] [DEBUG] [Inventory Scroll] DOWN x250 at (1318, 622)
[07:15:53] [DEBUG] [Inventory Scroll] DOWN x250 at (1318, 622)
[07:16:02] [DEBUG] [Inventory Scroll] DOWN x250 at (1318, 622)
[07:16:10] [DEBUG] [Inventory Scroll] DOWN x250 at (1318, 622)
[07:16:11] [INFO] 
Template:   boss_chest.png [BOSS REWARD CHEST]
Confidence: 0.9346
Position:   (1750, 911)
Action:     Left Click Open Boss Chest
[07:16:11] [ACTION] Opened chest: boss_chest.png
[07:16:19] [DEBUG] [Inventory Scroll] DOWN x250 at (1318, 622)
[07:16:28] [DEBUG] [Inventory Scroll] UP x1250 at (1318, 622)
[07:16:35] [INFO] 
Template:   pearl.png [Chest Stash]
Confidence: 1.0000
Position:   (1264, 572)
Action:     Ctrl + Right-Click
[07:16:36] [INFO] Stashed: pearl.png (conf=1.00)
[07:16:45] [DEBUG] [Inventory Scroll] DOWN x250 at (1318, 622)
[07:16:55] [DEBUG] [Inventory Scroll] DOWN x250 at (1318, 622)
[07:17:02] [DEBUG] [Inventory Scroll] DOWN x250 at (1318, 622)
[07:17:10] [DEBUG] [Inventory Scroll] DOWN x250 at (1318, 622)
[07:17:20] [DEBUG] [Inventory Scroll] DOWN x250 at (1318, 622)
[07:17:29] [DEBUG] [Inventory Scroll] UP x1250 at (1318, 622)
[07:17:36] [DEBUG] [Inventory Scroll] DOWN x250 at (1318, 622)
[07:17:45] [DEBUG] [Inventory Scroll] DOWN x250 at (1318, 622)
[07:17:54] [DEBUG] [Inventory Scroll] DOWN x250 at (1318, 622)
[07:18:02] [DEBUG] [Inventory Scroll] DOWN x250 at (1318, 622)
[07:18:12] [DEBUG] [Inventory Scroll] DOWN x250 at (1318, 622)
[07:18:20] [DEBUG] [Inventory Scroll] UP x1250 at (1318, 622)
[07:18:28] [DEBUG] [Inventory Scroll] DOWN x250 at (1318, 622)
[07:18:38] [DEBUG] [Inventory Scroll] DOWN x250 at (1318, 622)
[07:18:46] [DEBUG] [Inventory Scroll] DOWN x250 at (1318, 622)
[07:18:54] [DEBUG] [Inventory Scroll] DOWN x250 at (1318, 622)
[07:19:04] [DEBUG] [Inventory Scroll] DOWN x250 at (1318, 622)
[07:19:12] [DEBUG] [Inventory Scroll] UP x1250 at (1318, 622)
[07:19:20] [DEBUG] [Inventory Scroll] DOWN x250 at (1318, 622)
[07:19:21] [INFO] 
Template:   standard_chest.png [STANDARD REWARD CHEST]
Confidence: 0.9351
Position:   (1750, 910)
Action:     Left Click Open Chest
[07:19:22] [ACTION] Opened chest: standard_chest.png
[07:19:30] [DEBUG] [Inventory Scroll] DOWN x250 at (1318, 622)
[07:19:39] [DEBUG] [Inventory Scroll] DOWN x250 at (1318, 622)
[07:19:47] [DEBUG] [Inventory Scroll] DOWN x250 at (1318, 622)
[07:19:56] [DEBUG] [Inventory Scroll] DOWN x250 at (1318, 622)
[07:20:04] [DEBUG] [Inventory Scroll] UP x1250 at (1318, 622)
[07:20:13] [INFO] 
Template:   vengeance_sword_common.png [Item to Sell]
Confidence: 0.9999
Position:   (1266, 573)
Action:     Alt + Right-Click
[07:20:13] [INFO] Sales Section Capacity: 1/3 slots filled.
[07:20:14] [ACTION] Placed for sale: vengeance_sword_common.png [1/3]
[07:20:24] [DEBUG] [Inventory Scroll] DOWN x250 at (1318, 622)
[07:20:31] [DEBUG] [Inventory Scroll] DOWN x250 at (1318, 622)
[07:20:40] [DEBUG] [Inventory Scroll] DOWN x250 at (1318, 622)
[07:20:50] [DEBUG] [Inventory Scroll] DOWN x250 at (1318, 622)
[07:20:57] [DEBUG] [Inventory Scroll] DOWN x250 at (1318, 622)
[07:21:06] [DEBUG] [Inventory Scroll] UP x1250 at (1318, 622)
[07:21:15] [DEBUG] [Inventory Scroll] DOWN x250 at (1318, 622)
[07:21:23] [DEBUG] [Inventory Scroll] DOWN x250 at (1318, 622)
[07:21:32] [DEBUG] [Inventory Scroll] DOWN x250 at (1318, 622)
[07:21:41] [DEBUG] [Inventory Scroll] DOWN x250 at (1318, 622)
[07:21:49] [DEBUG] [Inventory Scroll] DOWN x250 at (1318, 622)
[07:21:58] [DEBUG] [Inventory Scroll] UP x1250 at (1318, 622)
[07:22:07] [DEBUG] [Inventory Scroll] DOWN x250 at (1318, 622)
[07:22:15] [DEBUG] [Inventory Scroll] DOWN x250 at (1318, 622)
[07:22:24] [DEBUG] [Inventory Scroll] DOWN x250 at (1318, 622)
[07:22:27] [WARN] [PAUSED] Automation engine paused.
[07:22:47] [INFO] [✓] Saved item template: templates/sell_items/item_20260818_072240.png
[07:22:47] [INFO] Loading template assets...
[07:22:56] [INFO] Successfully cached 499 templates in memory.
[07:22:56] [INFO] Reloaded 499 template assets into memory cache.
[07:23:39] [SYSTEM] [+] QUICK HOVER CAPTURE: capturing at current cursor position...
[07:23:39] [INFO] [Capture] Detected yellow slot frame (45x45px). Trimmed outer border -> Inner item crop: 41x41px.
[07:26:50] [WARN] [STOPPED] Emergency Stop triggered!
[07:28:37] [WARN] [STOPPED] Emergency Stop triggered!
[13:17:09] [INFO] Hotkeys armed (low-level hook). They fire only while TBH-Tool, the desktop, or TaskBarHero is focused — not in Chrome, Settings, or File Explorer. Run as Administrator if TaskBarHero still swallows shortcuts.
[13:17:09] [INFO] Windows Display Scaling: 1.00x (Standard 100% DPI).
[13:17:09] [INFO] Loading template assets...
[13:17:10] [INFO] Successfully cached 502 templates in memory.
[13:17:10] [INFO] TBH-Tool Automation Engine initialized (PVandAI). Screen Bounds: 1920x1080px. FailSafe=True
[13:17:10] [SYSTEM] TBH-Tool v2.0 Engine Initialized. Loaded 502 template assets.
[13:17:10] [SYSTEM] Hotkeys armed (F1 Start, F2 Measure, F3 Quick Capture, F4 Freeze Snipper, F5 Reload, Esc Stop). They work only while this tool, the desktop, or TaskBarHero is focused.
[13:17:14] [SYSTEM] [+] PREPARING AUTOMATION: Please switch to your Game window in 3 seconds...
[13:17:14] [SYSTEM]     Starting automation in: 3s...
[13:17:15] [SYSTEM]     Starting automation in: 2s...
[13:17:16] [SYSTEM]     Starting automation in: 1s...
[13:17:17] [ACTION] [✓] Automation Engine Active!
[13:17:19] [INFO] 
Template:   garnet.png [Chest Stash]
Confidence: 1.0000
Position:   (1164, 575)
Action:     Ctrl + Right-Click
[13:17:20] [INFO] Stashed: garnet.png (conf=1.00)
[13:17:20] [INFO] 
Template:   standard_chest.png [STANDARD REWARD CHEST]
Confidence: 0.9575
Position:   (1751, 913)
Action:     Left Click Open Chest
[13:17:22] [ACTION] Opened chest: standard_chest.png
[13:17:26] [INFO] [UI Safeguard] Opening STASH panel (conf=0.914)...
[13:17:26] [INFO] 
Template:   stash_tab_icon.png [OPEN STASH TAB]
Confidence: 0.9137
Position:   (1169, 786)
Action:     Left Click UI Restore
[13:17:27] [INFO] [UI Safeguard] Opening CUBE panel (conf=1.000)...
[13:17:27] [INFO] 
Template:   cube_tab_icon.png [OPEN CUBE TAB]
Confidence: 1.0000
Position:   (1386, 786)
Action:     Left Click UI Restore
[13:17:33] [INFO] 
Template:   turquoise.png [Chest Stash]
Confidence: 1.0000
Position:   (1164, 575)
Action:     Ctrl + Right-Click
[13:17:33] [INFO] Stashed: turquoise.png (conf=1.00)
[13:17:43] [INFO] 
Template:   shine_boots_uncommon-1.png [Item to Sell]
Confidence: 1.0000
Position:   (1214, 576)
Action:     Alt + Right-Click
[13:17:43] [WARN] [PAUSED] Automation engine paused.
[13:17:43] [INFO] Sales Section Capacity: 1/3 slots filled.
[13:17:45] [ACTION] Placed for sale: shine_boots_uncommon-1.png [1/3]
[13:25:05] [WARN] [STOPPED] Emergency Stop triggered!
[13:25:09] [INFO] Hotkeys armed (low-level hook). They fire only while TBH-Tool, the desktop, or TaskBarHero is focused — not in Chrome, Settings, or File Explorer. Run as Administrator if TaskBarHero still swallows shortcuts.
[13:25:09] [INFO] Windows Display Scaling: 1.00x (Standard 100% DPI).
[13:25:09] [INFO] Loading template assets...
[13:25:09] [INFO] Successfully cached 502 templates in memory.
[13:25:09] [INFO] TBH-Tool Automation Engine initialized (PVandAI). Screen Bounds: 1920x1080px. FailSafe=True
[13:25:09] [SYSTEM] TBH-Tool v2.0 Engine Initialized. Loaded 502 template assets.
[13:25:09] [SYSTEM] Hotkeys armed (F1 Start, F2 Measure, F3 Quick Capture, F4 Freeze Snipper, F5 Reload, Esc Stop). They work only while this tool, the desktop, or TaskBarHero is focused.
[13:30:05] [WARN] [STOPPED] Emergency Stop triggered!
[13:30:08] [INFO] Hotkeys armed (low-level hook). They fire only while TBH-Tool, the desktop, or TaskBarHero is focused — not in Chrome, Settings, or File Explorer. Run as Administrator if TaskBarHero still swallows shortcuts.
[13:30:08] [INFO] Windows Display Scaling: 1.00x (Standard 100% DPI).
[13:30:08] [INFO] Loading template assets...
[13:30:09] [INFO] Successfully cached 502 templates in memory.
[13:30:09] [INFO] TBH-Tool Automation Engine initialized (PVandAI). Screen Bounds: 1920x1080px. FailSafe=True
[13:30:09] [SYSTEM] TBH-Tool v2.0 Engine Initialized. Loaded 502 template assets.
[13:30:09] [SYSTEM] Hotkeys armed (F1 Start, F2 Measure, F3 Quick Capture, F4 Freeze Snipper, F5 Reload, Esc Stop). They work only while this tool, the desktop, or TaskBarHero is focused.
[13:30:13] [CRITICAL] UNHANDLED GLOBAL EXCEPTION:
Traceback (most recent call last):
  File "D:\Somethings\ToolTest\gui.py", line 1891, in closeEvent
    self.worker.stop_automation()
  File "D:\Somethings\ToolTest\gui.py", line 734, in stop_automation
    self.automation.sanitize_modifier_keys()
  File "D:\Somethings\ToolTest\automation.py", line 118, in sanitize_modifier_keys
    pyautogui.keyUp("shift")
  File "D:\Somethings\ToolTest\venv\Lib\site-packages\pyautogui\__init__.py", line 593, in wrapper
    failSafeCheck()
  File "D:\Somethings\ToolTest\venv\Lib\site-packages\pyautogui\__init__.py", line 1734, in failSafeCheck
    raise FailSafeException(
pyautogui.FailSafeException: PyAutoGUI fail-safe triggered from mouse moving to a corner of the screen. To disable this fail-safe, set pyautogui.FAILSAFE to False. DISABLING FAIL-SAFE IS NOT RECOMMENDED.

[13:32:15] [INFO] Hotkeys armed (low-level hook). They fire only while TBH-Tool, the desktop, or TaskBarHero is focused — not in Chrome, Settings, or File Explorer. Run as Administrator if TaskBarHero still swallows shortcuts.
[13:32:15] [INFO] Windows Display Scaling: 1.00x (Standard 100% DPI).
[13:32:15] [INFO] Loading template assets...
[13:32:16] [INFO] Successfully cached 502 templates in memory.
[13:32:16] [INFO] TBH-Tool Automation Engine initialized (PVandAI). Screen Bounds: 1920x1080px. FailSafe=True
[13:32:16] [SYSTEM] TBH-Tool v2.0 Engine Initialized. Loaded 502 template assets.
[13:32:16] [SYSTEM] Hotkeys armed (F1 Start, F2 Measure, F3 Quick Capture, F4 Freeze Snipper, F5 Reload, Esc Stop). They work only while this tool, the desktop, or TaskBarHero is focused.
[13:32:21] [INFO] Configuration updated via Settings dialog.
[13:32:44] [INFO] Configuration updated via Settings dialog.
[13:34:55] [WARN] [STOPPED] Emergency Stop triggered!
[13:34:58] [INFO] Hotkeys armed (low-level hook). They fire only while TBH-Tool, the desktop, or TaskBarHero is focused — not in Chrome, Settings, or File Explorer. Run as Administrator if TaskBarHero still swallows shortcuts.
[13:34:58] [INFO] Windows Display Scaling: 1.00x (Standard 100% DPI).
[13:34:58] [INFO] Loading template assets...
[13:34:58] [INFO] Successfully cached 502 templates in memory.
[13:34:58] [INFO] TBH-Tool Automation Engine initialized (PVandAI). Screen Bounds: 1920x1080px. FailSafe=True
[13:34:58] [SYSTEM] TBH-Tool v2.0 Engine Initialized. Loaded 502 template assets.
[13:34:58] [SYSTEM] Hotkeys armed (F1 Start, F2 Measure, F3 Quick Capture, F4 Freeze Snipper, F5 Reload, Esc Stop). They work only while this tool, the desktop, or TaskBarHero is focused.
[13:35:02] [INFO] Configuration updated via Settings dialog.
[13:50:25] [WARN] [STOPPED] Emergency Stop triggered!
[13:59:14] [INFO] Hotkeys armed (low-level hook). They fire only while TBH-Tool, the desktop, or TaskBarHero is focused — not in Chrome, Settings, or File Explorer. Run as Administrator if TaskBarHero still swallows shortcuts.
[13:59:14] [INFO] Windows Display Scaling: 1.00x (Standard 100% DPI).
[13:59:14] [INFO] Loading template assets...
[13:59:14] [INFO] Successfully cached 502 templates in memory.
[13:59:14] [INFO] TBH-Tool Automation Engine initialized (PVandAI). Screen Bounds: 1920x1080px. FailSafe=True
[13:59:14] [SYSTEM] TBH-Tool v2.0 Engine Initialized. Loaded 502 template assets.
[13:59:14] [SYSTEM] Hotkeys armed (F1 Start, F2 Measure, F3 Quick Capture, F4 Freeze Snipper, F5 Reload, Esc Stop). They work only while this tool, the desktop, or TaskBarHero is focused.
[13:59:27] [CRITICAL] UNHANDLED GLOBAL EXCEPTION:
Traceback (most recent call last):
  File "D:\Somethings\ToolTest\gui.py", line 1904, in closeEvent
    self.worker.stop_automation()
  File "D:\Somethings\ToolTest\gui.py", line 734, in stop_automation
    self.automation.sanitize_modifier_keys()
  File "D:\Somethings\ToolTest\automation.py", line 118, in sanitize_modifier_keys
    pyautogui.keyUp("shift")
  File "D:\Somethings\ToolTest\venv\Lib\site-packages\pyautogui\__init__.py", line 593, in wrapper
    failSafeCheck()
  File "D:\Somethings\ToolTest\venv\Lib\site-packages\pyautogui\__init__.py", line 1734, in failSafeCheck
    raise FailSafeException(
pyautogui.FailSafeException: PyAutoGUI fail-safe triggered from mouse moving to a corner of the screen. To disable this fail-safe, set pyautogui.FAILSAFE to False. DISABLING FAIL-SAFE IS NOT RECOMMENDED.

[14:01:54] [INFO] Hotkeys armed (low-level hook). They fire only while TBH-Tool, the desktop, or TaskBarHero is focused — not in Chrome, Settings, or File Explorer. Run as Administrator if TaskBarHero still swallows shortcuts.
[14:01:54] [INFO] Windows Display Scaling: 1.00x (Standard 100% DPI).
[14:01:54] [INFO] Loading template assets...
[14:01:54] [INFO] Successfully cached 502 templates in memory.
[14:01:54] [INFO] TBH-Tool Automation Engine initialized (PVandAI). Screen Bounds: 1920x1080px. FailSafe=True
[14:01:54] [SYSTEM] TBH-Tool v2.0 Engine Initialized. Loaded 502 template assets.
[14:01:54] [SYSTEM] Hotkeys armed (F1 Start, F2 Measure, F3 Quick Capture, F4 Freeze Snipper, F5 Reload, Esc Stop). They work only while this tool, the desktop, or TaskBarHero is focused.
[14:01:59] [INFO] Configuration updated via Settings dialog.
[14:03:59] [CRITICAL] UNHANDLED GLOBAL EXCEPTION:
Traceback (most recent call last):
  File "D:\Somethings\ToolTest\gui.py", line 1907, in closeEvent
    self.worker.stop_automation()
  File "D:\Somethings\ToolTest\gui.py", line 734, in stop_automation
    self.automation.sanitize_modifier_keys()
  File "D:\Somethings\ToolTest\automation.py", line 118, in sanitize_modifier_keys
    pyautogui.keyUp("shift")
  File "D:\Somethings\ToolTest\venv\Lib\site-packages\pyautogui\__init__.py", line 593, in wrapper
    failSafeCheck()
  File "D:\Somethings\ToolTest\venv\Lib\site-packages\pyautogui\__init__.py", line 1734, in failSafeCheck
    raise FailSafeException(
pyautogui.FailSafeException: PyAutoGUI fail-safe triggered from mouse moving to a corner of the screen. To disable this fail-safe, set pyautogui.FAILSAFE to False. DISABLING FAIL-SAFE IS NOT RECOMMENDED.

[14:04:03] [INFO] Hotkeys armed (low-level hook). They fire only while TBH-Tool, the desktop, or TaskBarHero is focused — not in Chrome, Settings, or File Explorer. Run as Administrator if TaskBarHero still swallows shortcuts.
[14:04:03] [INFO] Windows Display Scaling: 1.00x (Standard 100% DPI).
[14:04:03] [INFO] Loading template assets...
[14:04:04] [INFO] Successfully cached 502 templates in memory.
[14:04:04] [INFO] TBH-Tool Automation Engine initialized (PVandAI). Screen Bounds: 1920x1080px. FailSafe=True
[14:04:04] [SYSTEM] TBH-Tool v2.0 Engine Initialized. Loaded 502 template assets.
[14:04:04] [SYSTEM] Hotkeys armed (F1 Start, F2 Measure, F3 Quick Capture, F4 Freeze Snipper, F5 Reload, Esc Stop). They work only while this tool, the desktop, or TaskBarHero is focused.
[14:04:12] [INFO] Configuration updated via Settings dialog.
[14:04:25] [INFO] Configuration updated via Settings dialog.
[14:04:29] [CRITICAL] UNHANDLED GLOBAL EXCEPTION:
Traceback (most recent call last):
  File "D:\Somethings\ToolTest\gui.py", line 1907, in closeEvent
    self.worker.stop_automation()
  File "D:\Somethings\ToolTest\gui.py", line 734, in stop_automation
    self.automation.sanitize_modifier_keys()
  File "D:\Somethings\ToolTest\automation.py", line 118, in sanitize_modifier_keys
    pyautogui.keyUp("shift")
  File "D:\Somethings\ToolTest\venv\Lib\site-packages\pyautogui\__init__.py", line 593, in wrapper
    failSafeCheck()
  File "D:\Somethings\ToolTest\venv\Lib\site-packages\pyautogui\__init__.py", line 1734, in failSafeCheck
    raise FailSafeException(
pyautogui.FailSafeException: PyAutoGUI fail-safe triggered from mouse moving to a corner of the screen. To disable this fail-safe, set pyautogui.FAILSAFE to False. DISABLING FAIL-SAFE IS NOT RECOMMENDED.

[14:04:32] [INFO] Hotkeys armed (low-level hook). They fire only while TBH-Tool, the desktop, or TaskBarHero is focused — not in Chrome, Settings, or File Explorer. Run as Administrator if TaskBarHero still swallows shortcuts.
[14:04:32] [INFO] Windows Display Scaling: 1.00x (Standard 100% DPI).
[14:04:32] [INFO] Loading template assets...
[14:04:32] [INFO] Successfully cached 502 templates in memory.
[14:04:32] [INFO] TBH-Tool Automation Engine initialized (PVandAI). Screen Bounds: 1920x1080px. FailSafe=True
[14:04:32] [SYSTEM] TBH-Tool v2.0 Engine Initialized. Loaded 502 template assets.
[14:04:32] [SYSTEM] Hotkeys armed (F1 Start, F2 Measure, F3 Quick Capture, F4 Freeze Snipper, F5 Reload, Esc Stop). They work only while this tool, the desktop, or TaskBarHero is focused.
[14:04:51] [INFO] Configuration updated via Settings dialog.
[14:04:59] [INFO] Configuration updated via Settings dialog.
[14:05:13] [INFO] Configuration updated via Settings dialog.
[14:05:19] [WARN] [STOPPED] Emergency Stop triggered!
[14:05:22] [INFO] Hotkeys armed (low-level hook). They fire only while TBH-Tool, the desktop, or TaskBarHero is focused — not in Chrome, Settings, or File Explorer. Run as Administrator if TaskBarHero still swallows shortcuts.
[14:05:22] [INFO] Windows Display Scaling: 1.00x (Standard 100% DPI).
[14:05:22] [INFO] Loading template assets...
[14:05:22] [INFO] Successfully cached 502 templates in memory.
[14:05:22] [INFO] TBH-Tool Automation Engine initialized (PVandAI). Screen Bounds: 1920x1080px. FailSafe=True
[14:05:22] [SYSTEM] TBH-Tool v2.0 Engine Initialized. Loaded 502 template assets.
[14:05:22] [SYSTEM] Hotkeys armed (F1 Start, F2 Measure, F3 Quick Capture, F4 Freeze Snipper, F5 Reload, Esc Stop). They work only while this tool, the desktop, or TaskBarHero is focused.
[14:05:35] [INFO] Configuration updated via Settings dialog.
[14:05:40] [INFO] Configuration updated via Settings dialog.
[14:05:45] [WARN] [STOPPED] Emergency Stop triggered!
[14:08:23] [INFO] Hotkeys armed (low-level hook). They fire only while TBH-Tool, the desktop, or TaskBarHero is focused — not in Chrome, Settings, or File Explorer. Run as Administrator if TaskBarHero still swallows shortcuts.
[14:08:23] [INFO] Windows Display Scaling: 1.00x (Standard 100% DPI).
[14:08:23] [INFO] Loading template assets...
[14:08:24] [INFO] Successfully cached 502 templates in memory.
[14:08:24] [INFO] TBH-Tool Automation Engine initialized (PVandAI). Screen Bounds: 1920x1080px. FailSafe=True
[14:08:24] [SYSTEM] TBH-Tool v2.0 Engine Initialized. Loaded 502 template assets.
[14:08:24] [SYSTEM] Hotkeys armed (F1 Start, F2 Measure, F3 Quick Capture, F4 Freeze Snipper, F5 Reload, Esc Stop). They work only while this tool, the desktop, or TaskBarHero is focused.
[14:08:29] [CRITICAL] UNHANDLED GLOBAL EXCEPTION:
Traceback (most recent call last):
  File "D:\Somethings\ToolTest\gui.py", line 1257, in save_settings
    config.update_setting("RANDOM_DELAY", [random_delay_min, random_delay_max])
  File "D:\Somethings\ToolTest\config.py", line 203, in update_setting
    SCAN_INTERVAL = float(value)
                    ^^^^^^^^^^^^
TypeError: float() argument must be a string or a real number, not 'list'

[14:08:38] [CRITICAL] UNHANDLED GLOBAL EXCEPTION:
Traceback (most recent call last):
  File "D:\Somethings\ToolTest\gui.py", line 1257, in save_settings
    config.update_setting("RANDOM_DELAY", [random_delay_min, random_delay_max])
  File "D:\Somethings\ToolTest\config.py", line 203, in update_setting
    SCAN_INTERVAL = float(value)
                    ^^^^^^^^^^^^
TypeError: float() argument must be a string or a real number, not 'list'

[14:09:17] [CRITICAL] UNHANDLED GLOBAL EXCEPTION:
Traceback (most recent call last):
  File "D:\Somethings\ToolTest\gui.py", line 1907, in closeEvent
    self.worker.stop_automation()
  File "D:\Somethings\ToolTest\gui.py", line 734, in stop_automation
    self.automation.sanitize_modifier_keys()
  File "D:\Somethings\ToolTest\automation.py", line 118, in sanitize_modifier_keys
    pyautogui.keyUp("shift")
  File "D:\Somethings\ToolTest\venv\Lib\site-packages\pyautogui\__init__.py", line 593, in wrapper
    failSafeCheck()
  File "D:\Somethings\ToolTest\venv\Lib\site-packages\pyautogui\__init__.py", line 1734, in failSafeCheck
    raise FailSafeException(
pyautogui.FailSafeException: PyAutoGUI fail-safe triggered from mouse moving to a corner of the screen. To disable this fail-safe, set pyautogui.FAILSAFE to False. DISABLING FAIL-SAFE IS NOT RECOMMENDED.

[14:09:20] [INFO] Hotkeys armed (low-level hook). They fire only while TBH-Tool, the desktop, or TaskBarHero is focused — not in Chrome, Settings, or File Explorer. Run as Administrator if TaskBarHero still swallows shortcuts.
[14:09:20] [INFO] Windows Display Scaling: 1.00x (Standard 100% DPI).
[14:09:20] [INFO] Loading template assets...
[14:09:20] [INFO] Successfully cached 502 templates in memory.
[14:09:20] [INFO] TBH-Tool Automation Engine initialized (PVandAI). Screen Bounds: 1920x1080px. FailSafe=True
[14:09:20] [SYSTEM] TBH-Tool v2.0 Engine Initialized. Loaded 502 template assets.
[14:09:20] [SYSTEM] Hotkeys armed (F1 Start, F2 Measure, F3 Quick Capture, F4 Freeze Snipper, F5 Reload, Esc Stop). They work only while this tool, the desktop, or TaskBarHero is focused.
[14:09:25] [CRITICAL] UNHANDLED GLOBAL EXCEPTION:
Traceback (most recent call last):
  File "D:\Somethings\ToolTest\gui.py", line 1257, in save_settings
    config.update_setting("RANDOM_DELAY", [random_delay_min, random_delay_max])
  File "D:\Somethings\ToolTest\config.py", line 203, in update_setting
    RANDOM_DELAY = float(value)
                   ^^^^^^^^^^^^
TypeError: float() argument must be a string or a real number, not 'list'

[14:10:40] [CRITICAL] UNHANDLED GLOBAL EXCEPTION:
Traceback (most recent call last):
  File "D:\Somethings\ToolTest\gui.py", line 1907, in closeEvent
    self.worker.stop_automation()
  File "D:\Somethings\ToolTest\gui.py", line 734, in stop_automation
    self.automation.sanitize_modifier_keys()
  File "D:\Somethings\ToolTest\automation.py", line 118, in sanitize_modifier_keys
    pyautogui.keyUp("shift")
  File "D:\Somethings\ToolTest\venv\Lib\site-packages\pyautogui\__init__.py", line 593, in wrapper
    failSafeCheck()
  File "D:\Somethings\ToolTest\venv\Lib\site-packages\pyautogui\__init__.py", line 1734, in failSafeCheck
    raise FailSafeException(
pyautogui.FailSafeException: PyAutoGUI fail-safe triggered from mouse moving to a corner of the screen. To disable this fail-safe, set pyautogui.FAILSAFE to False. DISABLING FAIL-SAFE IS NOT RECOMMENDED.

[14:10:44] [INFO] Hotkeys armed (low-level hook). They fire only while TBH-Tool, the desktop, or TaskBarHero is focused — not in Chrome, Settings, or File Explorer. Run as Administrator if TaskBarHero still swallows shortcuts.
[14:10:44] [INFO] Windows Display Scaling: 1.00x (Standard 100% DPI).
[14:10:44] [INFO] Loading template assets...
[14:10:44] [INFO] Successfully cached 502 templates in memory.
[14:10:44] [INFO] TBH-Tool Automation Engine initialized (PVandAI). Screen Bounds: 1920x1080px. FailSafe=True
[14:10:44] [SYSTEM] TBH-Tool v2.0 Engine Initialized. Loaded 502 template assets.
[14:10:44] [SYSTEM] Hotkeys armed (F1 Start, F2 Measure, F3 Quick Capture, F4 Freeze Snipper, F5 Reload, Esc Stop). They work only while this tool, the desktop, or TaskBarHero is focused.
[14:10:49] [INFO] Configuration updated via Settings dialog.
[14:10:53] [INFO] Configuration updated via Settings dialog.
[14:10:56] [INFO] Configuration updated via Settings dialog.
[14:11:57] [INFO] Configuration updated via Settings dialog.
[14:11:58] [CRITICAL] UNHANDLED GLOBAL EXCEPTION:
Traceback (most recent call last):
  File "D:\Somethings\ToolTest\gui.py", line 1907, in closeEvent
    self.worker.stop_automation()
  File "D:\Somethings\ToolTest\gui.py", line 734, in stop_automation
    self.automation.sanitize_modifier_keys()
  File "D:\Somethings\ToolTest\automation.py", line 118, in sanitize_modifier_keys
    pyautogui.keyUp("shift")
  File "D:\Somethings\ToolTest\venv\Lib\site-packages\pyautogui\__init__.py", line 593, in wrapper
    failSafeCheck()
  File "D:\Somethings\ToolTest\venv\Lib\site-packages\pyautogui\__init__.py", line 1734, in failSafeCheck
    raise FailSafeException(
pyautogui.FailSafeException: PyAutoGUI fail-safe triggered from mouse moving to a corner of the screen. To disable this fail-safe, set pyautogui.FAILSAFE to False. DISABLING FAIL-SAFE IS NOT RECOMMENDED.

[14:12:02] [INFO] Hotkeys armed (low-level hook). They fire only while TBH-Tool, the desktop, or TaskBarHero is focused — not in Chrome, Settings, or File Explorer. Run as Administrator if TaskBarHero still swallows shortcuts.
[14:12:02] [INFO] Windows Display Scaling: 1.00x (Standard 100% DPI).
[14:12:02] [INFO] Loading template assets...
[14:12:02] [INFO] Successfully cached 502 templates in memory.
[14:12:02] [INFO] TBH-Tool Automation Engine initialized (PVandAI). Screen Bounds: 1920x1080px. FailSafe=True
[14:12:02] [SYSTEM] TBH-Tool v2.0 Engine Initialized. Loaded 502 template assets.
[14:12:02] [SYSTEM] Hotkeys armed (F1 Start, F2 Measure, F3 Quick Capture, F4 Freeze Snipper, F5 Reload, Esc Stop). They work only while this tool, the desktop, or TaskBarHero is focused.
[14:19:08] [CRITICAL] UNHANDLED GLOBAL EXCEPTION:
Traceback (most recent call last):
  File "D:\Somethings\ToolTest\gui.py", line 1907, in closeEvent
    self.worker.stop_automation()
  File "D:\Somethings\ToolTest\gui.py", line 734, in stop_automation
    self.automation.sanitize_modifier_keys()
  File "D:\Somethings\ToolTest\automation.py", line 118, in sanitize_modifier_keys
    pyautogui.keyUp("shift")
  File "D:\Somethings\ToolTest\venv\Lib\site-packages\pyautogui\__init__.py", line 593, in wrapper
    failSafeCheck()
  File "D:\Somethings\ToolTest\venv\Lib\site-packages\pyautogui\__init__.py", line 1734, in failSafeCheck
    raise FailSafeException(
pyautogui.FailSafeException: PyAutoGUI fail-safe triggered from mouse moving to a corner of the screen. To disable this fail-safe, set pyautogui.FAILSAFE to False. DISABLING FAIL-SAFE IS NOT RECOMMENDED.

[14:19:11] [CRITICAL] UNHANDLED GLOBAL EXCEPTION:
Traceback (most recent call last):
  File "D:\Somethings\ToolTest\main.py", line 597, in <module>
    main()
  File "D:\Somethings\ToolTest\main.py", line 583, in main
    run_gui_app()
  File "D:\Somethings\ToolTest\gui.py", line 1927, in run_gui_app
    main_win = TBHToolMainWindow()
               ^^^^^^^^^^^^^^^^^^^
  File "D:\Somethings\ToolTest\gui.py", line 1307, in __init__
    QTimer.singleShot(100, self.async_startup_init)
                           ^^^^^^^^^^^^^^^^^^^^^^^
AttributeError: 'TBHToolMainWindow' object has no attribute 'async_startup_init'

[14:19:57] [CRITICAL] UNHANDLED GLOBAL EXCEPTION:
Traceback (most recent call last):
  File "D:\Somethings\ToolTest\main.py", line 597, in <module>
    main()
  File "D:\Somethings\ToolTest\main.py", line 583, in main
    run_gui_app()
  File "D:\Somethings\ToolTest\gui.py", line 1927, in run_gui_app
    main_win = TBHToolMainWindow()
               ^^^^^^^^^^^^^^^^^^^
  File "D:\Somethings\ToolTest\gui.py", line 1307, in __init__
    QTimer.singleShot(100, self.async_startup_init)
                           ^^^^^^^^^^^^^^^^^^^^^^^
AttributeError: 'TBHToolMainWindow' object has no attribute 'async_startup_init'

[14:20:10] [INFO] They work only while this tool, the desktop, or TaskBarHero is focused. Run as Administrator if TaskBarHero still swallows shortcuts.
[14:20:10] [INFO] Windows Display Scaling: 1.00x (Standard 100% DPI).
[14:20:10] [INFO] Loading template assets...
[14:20:11] [INFO] Successfully cached 502 templates in memory.
[14:20:11] [INFO] TBH-Tool Automation Engine initialized (PVandAI). Screen Bounds: 1920x1080px. FailSafe=True
[14:20:11] [SYSTEM] TBH-Tool v2.0 Engine Initialized. Loaded 502 template assets.
[14:20:11] [SYSTEM] Hotkeys armed (F1 Start, F2 Measure, F3 Quick Capture, F4 Freeze Snipper, F5 Reload, Esc Stop). They work only while this tool, the desktop, or TaskBarHero is focused.
[14:20:16] [CRITICAL] UNHANDLED GLOBAL EXCEPTION:
Traceback (most recent call last):
  File "D:\Somethings\ToolTest\gui.py", line 1907, in closeEvent
    self.worker.stop_automation()
  File "D:\Somethings\ToolTest\gui.py", line 734, in stop_automation
    self.automation.sanitize_modifier_keys()
  File "D:\Somethings\ToolTest\automation.py", line 118, in sanitize_modifier_keys
    pyautogui.keyUp("shift")
  File "D:\Somethings\ToolTest\venv\Lib\site-packages\pyautogui\__init__.py", line 593, in wrapper
    failSafeCheck()
  File "D:\Somethings\ToolTest\venv\Lib\site-packages\pyautogui\__init__.py", line 1734, in failSafeCheck
    raise FailSafeException(
pyautogui.FailSafeException: PyAutoGUI fail-safe triggered from mouse moving to a corner of the screen. To disable this fail-safe, set pyautogui.FAILSAFE to False. DISABLING FAIL-SAFE IS NOT RECOMMENDED.

[14:20:34] [INFO] They work only while this tool, the desktop, or TaskBarHero is focused. Run as Administrator if TaskBarHero still swallows shortcuts.
[14:20:34] [INFO] Windows Display Scaling: 1.00x (Standard 100% DPI).
[14:20:34] [INFO] Loading template assets...
[14:20:35] [INFO] Successfully cached 502 templates in memory.
[14:20:35] [INFO] TBH-Tool Automation Engine initialized (PVandAI). Screen Bounds: 1920x1080px. FailSafe=True
[14:21:08] [CRITICAL] UNHANDLED GLOBAL EXCEPTION:
Traceback (most recent call last):
  File "D:\Somethings\ToolTest\gui.py", line 1907, in closeEvent
    self.worker.stop_automation()
  File "D:\Somethings\ToolTest\gui.py", line 734, in stop_automation
    self.automation.sanitize_modifier_keys()
  File "D:\Somethings\ToolTest\automation.py", line 118, in sanitize_modifier_keys
    pyautogui.keyUp("shift")
  File "D:\Somethings\ToolTest\venv\Lib\site-packages\pyautogui\__init__.py", line 593, in wrapper
    failSafeCheck()
  File "D:\Somethings\ToolTest\venv\Lib\site-packages\pyautogui\__init__.py", line 1734, in failSafeCheck
    raise FailSafeException(
pyautogui.FailSafeException: PyAutoGUI fail-safe triggered from mouse moving to a corner of the screen. To disable this fail-safe, set pyautogui.FAILSAFE to False. DISABLING FAIL-SAFE IS NOT RECOMMENDED.

[14:26:04] [INFO] They work only while this tool, the desktop, or TaskBarHero is focused. Run as Administrator if TaskBarHero still swallows shortcuts.
[14:26:04] [INFO] Windows Display Scaling: 1.00x (Standard 100% DPI).
[14:26:04] [INFO] Loading template assets...
[14:26:04] [INFO] Successfully cached 502 templates in memory.
[14:26:04] [INFO] TBH-Tool Automation Engine initialized (PVandAI). Screen Bounds: 1920x1080px. FailSafe=True
[14:29:51] [CRITICAL] UNHANDLED GLOBAL EXCEPTION:
Traceback (most recent call last):
  File "D:\Somethings\ToolTest\gui.py", line 1901, in closeEvent
    config.save_config_json(cfg)
  File "D:\Somethings\ToolTest\gui.py", line 734, in stop_automation
    self.automation.sanitize_modifier_keys()
  File "D:\Somethings\ToolTest\automation.py", line 118, in sanitize_modifier_keys
    pyautogui.keyUp("shift")
  File "D:\Somethings\ToolTest\venv\Lib\site-packages\pyautogui\__init__.py", line 593, in wrapper
    failSafeCheck()
  File "D:\Somethings\ToolTest\venv\Lib\site-packages\pyautogui\__init__.py", line 1734, in failSafeCheck
    raise FailSafeException(
pyautogui.FailSafeException: PyAutoGUI fail-safe triggered from mouse moving to a corner of the screen. To disable this fail-safe, set pyautogui.FAILSAFE to False. DISABLING FAIL-SAFE IS NOT RECOMMENDED.

[14:32:45] [INFO] They work only while this tool, the desktop, or TaskBarHero is focused. Run as Administrator if TaskBarHero still swallows shortcuts.
[14:32:45] [INFO] Windows Display Scaling: 1.00x (Standard 100% DPI).
[14:32:45] [INFO] Loading template assets...
[14:32:45] [INFO] Successfully cached 502 templates in memory.
[14:32:45] [INFO] TBH-Tool Automation Engine initialized (PVandAI). Screen Bounds: 1920x1080px. FailSafe=True
[14:32:57] [CRITICAL] UNHANDLED GLOBAL EXCEPTION:
Traceback (most recent call last):
  File "D:\Somethings\ToolTest\gui.py", line 1910, in closeEvent
    self.worker.stop_automation()
  File "D:\Somethings\ToolTest\gui.py", line 734, in stop_automation
    self.automation.sanitize_modifier_keys()
  File "D:\Somethings\ToolTest\automation.py", line 118, in sanitize_modifier_keys
    pyautogui.keyUp("shift")
  File "D:\Somethings\ToolTest\venv\Lib\site-packages\pyautogui\__init__.py", line 593, in wrapper
    failSafeCheck()
  File "D:\Somethings\ToolTest\venv\Lib\site-packages\pyautogui\__init__.py", line 1734, in failSafeCheck
    raise FailSafeException(
pyautogui.FailSafeException: PyAutoGUI fail-safe triggered from mouse moving to a corner of the screen. To disable this fail-safe, set pyautogui.FAILSAFE to False. DISABLING FAIL-SAFE IS NOT RECOMMENDED.

[14:33:24] [INFO] They work only while this tool, the desktop, or TaskBarHero is focused. Run as Administrator if TaskBarHero still swallows shortcuts.
[14:33:24] [INFO] Windows Display Scaling: 1.00x (Standard 100% DPI).
[14:33:24] [INFO] Loading template assets...
[14:33:24] [INFO] Successfully cached 502 templates in memory.
[14:33:24] [INFO] TBH-Tool Automation Engine initialized (PVandAI). Screen Bounds: 1920x1080px. FailSafe=True
[14:34:03] [CRITICAL] UNHANDLED GLOBAL EXCEPTION:
Traceback (most recent call last):
  File "D:\Somethings\ToolTest\gui.py", line 1910, in closeEvent
    self.worker.stop_automation()
  File "D:\Somethings\ToolTest\gui.py", line 734, in stop_automation
    self.automation.sanitize_modifier_keys()
  File "D:\Somethings\ToolTest\automation.py", line 118, in sanitize_modifier_keys
    pyautogui.keyUp("shift")
  File "D:\Somethings\ToolTest\venv\Lib\site-packages\pyautogui\__init__.py", line 593, in wrapper
    failSafeCheck()
  File "D:\Somethings\ToolTest\venv\Lib\site-packages\pyautogui\__init__.py", line 1734, in failSafeCheck
    raise FailSafeException(
pyautogui.FailSafeException: PyAutoGUI fail-safe triggered from mouse moving to a corner of the screen. To disable this fail-safe, set pyautogui.FAILSAFE to False. DISABLING FAIL-SAFE IS NOT RECOMMENDED.

[14:34:08] [INFO] They work only while this tool, the desktop, or TaskBarHero is focused. Run as Administrator if TaskBarHero still swallows shortcuts.
[14:34:08] [INFO] Windows Display Scaling: 1.00x (Standard 100% DPI).
[14:34:08] [INFO] Loading template assets...
[14:34:08] [INFO] Successfully cached 502 templates in memory.
[14:34:08] [INFO] TBH-Tool Automation Engine initialized (PVandAI). Screen Bounds: 1920x1080px. FailSafe=True
[14:34:21] [CRITICAL] UNHANDLED GLOBAL EXCEPTION:
Traceback (most recent call last):
  File "D:\Somethings\ToolTest\gui.py", line 1910, in closeEvent
    self.worker.stop_automation()
  File "D:\Somethings\ToolTest\gui.py", line 734, in stop_automation
    self.automation.sanitize_modifier_keys()
  File "D:\Somethings\ToolTest\automation.py", line 118, in sanitize_modifier_keys
    pyautogui.keyUp("shift")
  File "D:\Somethings\ToolTest\venv\Lib\site-packages\pyautogui\__init__.py", line 593, in wrapper
    failSafeCheck()
  File "D:\Somethings\ToolTest\venv\Lib\site-packages\pyautogui\__init__.py", line 1734, in failSafeCheck
    raise FailSafeException(
pyautogui.FailSafeException: PyAutoGUI fail-safe triggered from mouse moving to a corner of the screen. To disable this fail-safe, set pyautogui.FAILSAFE to False. DISABLING FAIL-SAFE IS NOT RECOMMENDED.

[14:34:28] [INFO] They work only while this tool, the desktop, or TaskBarHero is focused. Run as Administrator if TaskBarHero still swallows shortcuts.
[14:34:28] [INFO] Windows Display Scaling: 1.00x (Standard 100% DPI).
[14:34:28] [INFO] Loading template assets...
[14:34:29] [INFO] Successfully cached 502 templates in memory.
[14:34:29] [INFO] TBH-Tool Automation Engine initialized (PVandAI). Screen Bounds: 1920x1080px. FailSafe=True
[14:34:36] [WARN] [STOPPED] Emergency Stop triggered!
[14:39:58] [INFO] They work only while this tool, the desktop, or TaskBarHero is focused. Run as Administrator if TaskBarHero still swallows shortcuts.
[14:39:58] [INFO] Windows Display Scaling: 1.00x (Standard 100% DPI).
[14:39:58] [INFO] Loading template assets...
[14:39:58] [INFO] Successfully cached 502 templates in memory.
[14:39:58] [INFO] TBH-Tool Automation Engine initialized (PVandAI). Screen Bounds: 1920x1080px. FailSafe=True
[14:40:16] [WARN] [STOPPED] Emergency Stop triggered!
[14:53:28] [INFO] They work only while this tool, the desktop, or TaskBarHero is focused. Run as Administrator if TaskBarHero still swallows shortcuts.
[14:53:28] [INFO] Windows Display Scaling: 1.00x (Standard 100% DPI).
[14:53:28] [INFO] Loading template assets...
[14:53:28] [INFO] Successfully cached 502 templates in memory.
[14:53:28] [INFO] TBH-Tool Automation Engine initialized (PVandAI). Screen Bounds: 1920x1080px. FailSafe=True
[14:54:07] [WARN] [STOPPED] Emergency Stop triggered!
[14:57:13] [CRITICAL] UNHANDLED GLOBAL EXCEPTION:
Traceback (most recent call last):
  File "D:\Somethings\ToolTest\gui.py", line 1651, in nativeEvent
    msg = wintypes.MSG.from_address(int(message))
          ^^^^^^^^
NameError: name 'wintypes' is not defined

[14:57:13] [CRITICAL] UNHANDLED GLOBAL EXCEPTION:
Traceback (most recent call last):
  File "D:\Somethings\ToolTest\gui.py", line 1651, in nativeEvent
    msg = wintypes.MSG.from_address(int(message))
          ^^^^^^^^
NameError: name 'wintypes' is not defined

[14:57:13] [CRITICAL] UNHANDLED GLOBAL EXCEPTION:
Traceback (most recent call last):
  File "D:\Somethings\ToolTest\gui.py", line 1651, in nativeEvent
    msg = wintypes.MSG.from_address(int(message))
          ^^^^^^^^
NameError: name 'wintypes' is not defined

[14:57:13] [CRITICAL] UNHANDLED GLOBAL EXCEPTION:
Traceback (most recent call last):
  File "D:\Somethings\ToolTest\gui.py", line 1651, in nativeEvent
    msg = wintypes.MSG.from_address(int(message))
          ^^^^^^^^
NameError: name 'wintypes' is not defined

[14:57:13] [CRITICAL] UNHANDLED GLOBAL EXCEPTION:
Traceback (most recent call last):
  File "D:\Somethings\ToolTest\gui.py", line 1651, in nativeEvent
    msg = wintypes.MSG.from_address(int(message))
          ^^^^^^^^
NameError: name 'wintypes' is not defined

[14:57:13] [CRITICAL] UNHANDLED GLOBAL EXCEPTION:
Traceback (most recent call last):
  File "D:\Somethings\ToolTest\gui.py", line 1651, in nativeEvent
    msg = wintypes.MSG.from_address(int(message))
          ^^^^^^^^
NameError: name 'wintypes' is not defined

[14:57:13] [CRITICAL] UNHANDLED GLOBAL EXCEPTION:
Traceback (most recent call last):
  File "D:\Somethings\ToolTest\gui.py", line 1651, in nativeEvent
    msg = wintypes.MSG.from_address(int(message))
          ^^^^^^^^
NameError: name 'wintypes' is not defined

[14:57:13] [CRITICAL] UNHANDLED GLOBAL EXCEPTION:
Traceback (most recent call last):
  File "D:\Somethings\ToolTest\gui.py", line 1651, in nativeEvent
    msg = wintypes.MSG.from_address(int(message))
          ^^^^^^^^
NameError: name 'wintypes' is not defined

[14:57:13] [CRITICAL] UNHANDLED GLOBAL EXCEPTION:
Traceback (most recent call last):
  File "D:\Somethings\ToolTest\gui.py", line 1651, in nativeEvent
    msg = wintypes.MSG.from_address(int(message))
          ^^^^^^^^
NameError: name 'wintypes' is not defined

[14:57:13] [INFO] They work only while this tool, the desktop, or TaskBarHero is focused. Run as Administrator if TaskBarHero still swallows shortcuts.
[14:57:13] [CRITICAL] UNHANDLED GLOBAL EXCEPTION:
Traceback (most recent call last):
  File "D:\Somethings\ToolTest\gui.py", line 1651, in nativeEvent
    msg = wintypes.MSG.from_address(int(message))
          ^^^^^^^^
NameError: name 'wintypes' is not defined

[14:57:13] [CRITICAL] UNHANDLED GLOBAL EXCEPTION:
Traceback (most recent call last):
  File "D:\Somethings\ToolTest\gui.py", line 1651, in nativeEvent
    msg = wintypes.MSG.from_address(int(message))
          ^^^^^^^^
NameError: name 'wintypes' is not defined

[14:57:13] [CRITICAL] UNHANDLED GLOBAL EXCEPTION:
Traceback (most recent call last):
  File "D:\Somethings\ToolTest\gui.py", line 1651, in nativeEvent
    msg = wintypes.MSG.from_address(int(message))
          ^^^^^^^^
NameError: name 'wintypes' is not defined

[14:57:13] [CRITICAL] UNHANDLED GLOBAL EXCEPTION:
Traceback (most recent call last):
  File "D:\Somethings\ToolTest\gui.py", line 1651, in nativeEvent
    msg = wintypes.MSG.from_address(int(message))
          ^^^^^^^^
NameError: name 'wintypes' is not defined

[14:57:13] [CRITICAL] UNHANDLED GLOBAL EXCEPTION:
Traceback (most recent call last):
  File "D:\Somethings\ToolTest\gui.py", line 1651, in nativeEvent
    msg = wintypes.MSG.from_address(int(message))
          ^^^^^^^^
NameError: name 'wintypes' is not defined

[14:57:13] [CRITICAL] UNHANDLED GLOBAL EXCEPTION:
Traceback (most recent call last):
  File "D:\Somethings\ToolTest\gui.py", line 1651, in nativeEvent
    msg = wintypes.MSG.from_address(int(message))
          ^^^^^^^^
NameError: name 'wintypes' is not defined

[14:57:13] [CRITICAL] UNHANDLED GLOBAL EXCEPTION:
Traceback (most recent call last):
  File "D:\Somethings\ToolTest\gui.py", line 1651, in nativeEvent
    msg = wintypes.MSG.from_address(int(message))
          ^^^^^^^^
NameError: name 'wintypes' is not defined

[14:57:13] [CRITICAL] UNHANDLED GLOBAL EXCEPTION:
Traceback (most recent call last):
  File "D:\Somethings\ToolTest\gui.py", line 1651, in nativeEvent
    msg = wintypes.MSG.from_address(int(message))
          ^^^^^^^^
NameError: name 'wintypes' is not defined

[14:57:13] [CRITICAL] UNHANDLED GLOBAL EXCEPTION:
Traceback (most recent call last):
  File "D:\Somethings\ToolTest\gui.py", line 1651, in nativeEvent
    msg = wintypes.MSG.from_address(int(message))
          ^^^^^^^^
NameError: name 'wintypes' is not defined

[14:57:13] [CRITICAL] UNHANDLED GLOBAL EXCEPTION:
Traceback (most recent call last):
  File "D:\Somethings\ToolTest\gui.py", line 1651, in nativeEvent
    msg = wintypes.MSG.from_address(int(message))
          ^^^^^^^^
NameError: name 'wintypes' is not defined

[14:57:13] [CRITICAL] UNHANDLED GLOBAL EXCEPTION:
Traceback (most recent call last):
  File "D:\Somethings\ToolTest\gui.py", line 1651, in nativeEvent
    msg = wintypes.MSG.from_address(int(message))
          ^^^^^^^^
NameError: name 'wintypes' is not defined

[14:57:13] [CRITICAL] UNHANDLED GLOBAL EXCEPTION:
Traceback (most recent call last):
  File "D:\Somethings\ToolTest\gui.py", line 1651, in nativeEvent
    msg = wintypes.MSG.from_address(int(message))
          ^^^^^^^^
NameError: name 'wintypes' is not defined

[14:57:13] [CRITICAL] UNHANDLED GLOBAL EXCEPTION:
Traceback (most recent call last):
  File "D:\Somethings\ToolTest\gui.py", line 1651, in nativeEvent
    msg = wintypes.MSG.from_address(int(message))
          ^^^^^^^^
NameError: name 'wintypes' is not defined

[14:57:13] [CRITICAL] UNHANDLED GLOBAL EXCEPTION:
Traceback (most recent call last):
  File "D:\Somethings\ToolTest\gui.py", line 1651, in nativeEvent
    msg = wintypes.MSG.from_address(int(message))
          ^^^^^^^^
NameError: name 'wintypes' is not defined

[14:57:13] [CRITICAL] UNHANDLED GLOBAL EXCEPTION:
Traceback (most recent call last):
  File "D:\Somethings\ToolTest\gui.py", line 1651, in nativeEvent
    msg = wintypes.MSG.from_address(int(message))
          ^^^^^^^^
NameError: name 'wintypes' is not defined

[14:57:13] [CRITICAL] UNHANDLED GLOBAL EXCEPTION:
Traceback (most recent call last):
  File "D:\Somethings\ToolTest\gui.py", line 1651, in nativeEvent
    msg = wintypes.MSG.from_address(int(message))
          ^^^^^^^^
NameError: name 'wintypes' is not defined

[14:57:13] [CRITICAL] UNHANDLED GLOBAL EXCEPTION:
Traceback (most recent call last):
  File "D:\Somethings\ToolTest\gui.py", line 1651, in nativeEvent
    msg = wintypes.MSG.from_address(int(message))
          ^^^^^^^^
NameError: name 'wintypes' is not defined

[14:57:13] [CRITICAL] UNHANDLED GLOBAL EXCEPTION:
Traceback (most recent call last):
  File "D:\Somethings\ToolTest\gui.py", line 1651, in nativeEvent
    msg = wintypes.MSG.from_address(int(message))
          ^^^^^^^^
NameError: name 'wintypes' is not defined

[14:57:13] [CRITICAL] UNHANDLED GLOBAL EXCEPTION:
Traceback (most recent call last):
  File "D:\Somethings\ToolTest\gui.py", line 1651, in nativeEvent
    msg = wintypes.MSG.from_address(int(message))
          ^^^^^^^^
NameError: name 'wintypes' is not defined

[14:57:13] [CRITICAL] UNHANDLED GLOBAL EXCEPTION:
Traceback (most recent call last):
  File "D:\Somethings\ToolTest\gui.py", line 1651, in nativeEvent
    msg = wintypes.MSG.from_address(int(message))
          ^^^^^^^^
NameError: name 'wintypes' is not defined

[14:57:13] [CRITICAL] UNHANDLED GLOBAL EXCEPTION:
Traceback (most recent call last):
  File "D:\Somethings\ToolTest\gui.py", line 1651, in nativeEvent
    msg = wintypes.MSG.from_address(int(message))
          ^^^^^^^^
NameError: name 'wintypes' is not defined

[14:57:13] [CRITICAL] UNHANDLED GLOBAL EXCEPTION:
Traceback (most recent call last):
  File "D:\Somethings\ToolTest\gui.py", line 1651, in nativeEvent
    msg = wintypes.MSG.from_address(int(message))
          ^^^^^^^^
NameError: name 'wintypes' is not defined

[14:57:13] [CRITICAL] UNHANDLED GLOBAL EXCEPTION:
Traceback (most recent call last):
  File "D:\Somethings\ToolTest\gui.py", line 1651, in nativeEvent
    msg = wintypes.MSG.from_address(int(message))
          ^^^^^^^^
NameError: name 'wintypes' is not defined

[14:57:13] [CRITICAL] UNHANDLED GLOBAL EXCEPTION:
Traceback (most recent call last):
  File "D:\Somethings\ToolTest\gui.py", line 1651, in nativeEvent
    msg = wintypes.MSG.from_address(int(message))
          ^^^^^^^^
NameError: name 'wintypes' is not defined

[14:57:14] [INFO] Windows Display Scaling: 1.00x (Standard 100% DPI).
[14:57:14] [INFO] Loading template assets...
[14:57:14] [INFO] Successfully cached 502 templates in memory.
[14:57:14] [CRITICAL] UNHANDLED GLOBAL EXCEPTION:
Traceback (most recent call last):
  File "D:\Somethings\ToolTest\gui.py", line 1651, in nativeEvent
    msg = wintypes.MSG.from_address(int(message))
          ^^^^^^^^
NameError: name 'wintypes' is not defined

[14:57:14] [INFO] TBH-Tool Automation Engine initialized (PVandAI). Screen Bounds: 1920x1080px. FailSafe=True
[14:57:14] [CRITICAL] UNHANDLED GLOBAL EXCEPTION:
Traceback (most recent call last):
  File "D:\Somethings\ToolTest\gui.py", line 1651, in nativeEvent
    msg = wintypes.MSG.from_address(int(message))
          ^^^^^^^^
NameError: name 'wintypes' is not defined

[14:57:14] [CRITICAL] UNHANDLED GLOBAL EXCEPTION:
Traceback (most recent call last):
  File "D:\Somethings\ToolTest\gui.py", line 1651, in nativeEvent
    msg = wintypes.MSG.from_address(int(message))
          ^^^^^^^^
NameError: name 'wintypes' is not defined

[14:57:14] [CRITICAL] UNHANDLED GLOBAL EXCEPTION:
Traceback (most recent call last):
  File "D:\Somethings\ToolTest\gui.py", line 1651, in nativeEvent
    msg = wintypes.MSG.from_address(int(message))
          ^^^^^^^^
NameError: name 'wintypes' is not defined

[14:57:14] [CRITICAL] UNHANDLED GLOBAL EXCEPTION:
Traceback (most recent call last):
  File "D:\Somethings\ToolTest\gui.py", line 1651, in nativeEvent
    msg = wintypes.MSG.from_address(int(message))
          ^^^^^^^^
NameError: name 'wintypes' is not defined

[14:57:14] [CRITICAL] UNHANDLED GLOBAL EXCEPTION:
Traceback (most recent call last):
  File "D:\Somethings\ToolTest\gui.py", line 1651, in nativeEvent
    msg = wintypes.MSG.from_address(int(message))
          ^^^^^^^^
NameError: name 'wintypes' is not defined

[14:57:14] [CRITICAL] UNHANDLED GLOBAL EXCEPTION:
Traceback (most recent call last):
  File "D:\Somethings\ToolTest\gui.py", line 1651, in nativeEvent
    msg = wintypes.MSG.from_address(int(message))
          ^^^^^^^^
NameError: name 'wintypes' is not defined

[14:57:15] [CRITICAL] UNHANDLED GLOBAL EXCEPTION:
Traceback (most recent call last):
  File "D:\Somethings\ToolTest\gui.py", line 1651, in nativeEvent
    msg = wintypes.MSG.from_address(int(message))
          ^^^^^^^^
NameError: name 'wintypes' is not defined

[14:57:15] [CRITICAL] UNHANDLED GLOBAL EXCEPTION:
Traceback (most recent call last):
  File "D:\Somethings\ToolTest\gui.py", line 1651, in nativeEvent
    msg = wintypes.MSG.from_address(int(message))
          ^^^^^^^^
NameError: name 'wintypes' is not defined

[14:57:15] [CRITICAL] UNHANDLED GLOBAL EXCEPTION:
Traceback (most recent call last):
  File "D:\Somethings\ToolTest\gui.py", line 1651, in nativeEvent
    msg = wintypes.MSG.from_address(int(message))
          ^^^^^^^^
NameError: name 'wintypes' is not defined

[14:57:15] [CRITICAL] UNHANDLED GLOBAL EXCEPTION:
Traceback (most recent call last):
  File "D:\Somethings\ToolTest\gui.py", line 1651, in nativeEvent
    msg = wintypes.MSG.from_address(int(message))
          ^^^^^^^^
NameError: name 'wintypes' is not defined

[14:57:15] [CRITICAL] UNHANDLED GLOBAL EXCEPTION:
Traceback (most recent call last):
  File "D:\Somethings\ToolTest\gui.py", line 1651, in nativeEvent
    msg = wintypes.MSG.from_address(int(message))
          ^^^^^^^^
NameError: name 'wintypes' is not defined

[14:57:15] [CRITICAL] UNHANDLED GLOBAL EXCEPTION:
Traceback (most recent call last):
  File "D:\Somethings\ToolTest\gui.py", line 1651, in nativeEvent
    msg = wintypes.MSG.from_address(int(message))
          ^^^^^^^^
NameError: name 'wintypes' is not defined

[14:57:15] [CRITICAL] UNHANDLED GLOBAL EXCEPTION:
Traceback (most recent call last):
  File "D:\Somethings\ToolTest\gui.py", line 1651, in nativeEvent
    msg = wintypes.MSG.from_address(int(message))
          ^^^^^^^^
NameError: name 'wintypes' is not defined

[14:57:15] [CRITICAL] UNHANDLED GLOBAL EXCEPTION:
Traceback (most recent call last):
  File "D:\Somethings\ToolTest\gui.py", line 1651, in nativeEvent
    msg = wintypes.MSG.from_address(int(message))
          ^^^^^^^^
NameError: name 'wintypes' is not defined

[14:57:15] [CRITICAL] UNHANDLED GLOBAL EXCEPTION:
Traceback (most recent call last):
  File "D:\Somethings\ToolTest\gui.py", line 1651, in nativeEvent
    msg = wintypes.MSG.from_address(int(message))
          ^^^^^^^^
NameError: name 'wintypes' is not defined

[14:57:15] [CRITICAL] UNHANDLED GLOBAL EXCEPTION:
Traceback (most recent call last):
  File "D:\Somethings\ToolTest\gui.py", line 1651, in nativeEvent
    msg = wintypes.MSG.from_address(int(message))
          ^^^^^^^^
NameError: name 'wintypes' is not defined

[14:57:15] [CRITICAL] UNHANDLED GLOBAL EXCEPTION:
Traceback (most recent call last):
  File "D:\Somethings\ToolTest\gui.py", line 1651, in nativeEvent
    msg = wintypes.MSG.from_address(int(message))
          ^^^^^^^^
NameError: name 'wintypes' is not defined

[14:57:15] [CRITICAL] UNHANDLED GLOBAL EXCEPTION:
Traceback (most recent call last):
  File "D:\Somethings\ToolTest\gui.py", line 1651, in nativeEvent
    msg = wintypes.MSG.from_address(int(message))
          ^^^^^^^^
NameError: name 'wintypes' is not defined

[14:57:15] [CRITICAL] UNHANDLED GLOBAL EXCEPTION:
Traceback (most recent call last):
  File "D:\Somethings\ToolTest\gui.py", line 1651, in nativeEvent
    msg = wintypes.MSG.from_address(int(message))
          ^^^^^^^^
NameError: name 'wintypes' is not defined

[14:57:15] [CRITICAL] UNHANDLED GLOBAL EXCEPTION:
Traceback (most recent call last):
  File "D:\Somethings\ToolTest\gui.py", line 1651, in nativeEvent
    msg = wintypes.MSG.from_address(int(message))
          ^^^^^^^^
NameError: name 'wintypes' is not defined

[14:57:15] [CRITICAL] UNHANDLED GLOBAL EXCEPTION:
Traceback (most recent call last):
  File "D:\Somethings\ToolTest\gui.py", line 1651, in nativeEvent
    msg = wintypes.MSG.from_address(int(message))
          ^^^^^^^^
NameError: name 'wintypes' is not defined

[14:57:15] [CRITICAL] UNHANDLED GLOBAL EXCEPTION:
Traceback (most recent call last):
  File "D:\Somethings\ToolTest\gui.py", line 1651, in nativeEvent
    msg = wintypes.MSG.from_address(int(message))
          ^^^^^^^^
NameError: name 'wintypes' is not defined

[14:57:15] [CRITICAL] UNHANDLED GLOBAL EXCEPTION:
Traceback (most recent call last):
  File "D:\Somethings\ToolTest\gui.py", line 1651, in nativeEvent
    msg = wintypes.MSG.from_address(int(message))
          ^^^^^^^^
NameError: name 'wintypes' is not defined

[14:57:15] [CRITICAL] UNHANDLED GLOBAL EXCEPTION:
Traceback (most recent call last):
  File "D:\Somethings\ToolTest\gui.py", line 1651, in nativeEvent
    msg = wintypes.MSG.from_address(int(message))
          ^^^^^^^^
NameError: name 'wintypes' is not defined

[14:57:15] [CRITICAL] UNHANDLED GLOBAL EXCEPTION:
Traceback (most recent call last):
  File "D:\Somethings\ToolTest\gui.py", line 1651, in nativeEvent
    msg = wintypes.MSG.from_address(int(message))
          ^^^^^^^^
NameError: name 'wintypes' is not defined

[14:57:15] [CRITICAL] UNHANDLED GLOBAL EXCEPTION:
Traceback (most recent call last):
  File "D:\Somethings\ToolTest\gui.py", line 1651, in nativeEvent
    msg = wintypes.MSG.from_address(int(message))
          ^^^^^^^^
NameError: name 'wintypes' is not defined

[14:57:15] [CRITICAL] UNHANDLED GLOBAL EXCEPTION:
Traceback (most recent call last):
  File "D:\Somethings\ToolTest\gui.py", line 1651, in nativeEvent
    msg = wintypes.MSG.from_address(int(message))
          ^^^^^^^^
NameError: name 'wintypes' is not defined

[14:57:15] [CRITICAL] UNHANDLED GLOBAL EXCEPTION:
Traceback (most recent call last):
  File "D:\Somethings\ToolTest\gui.py", line 1651, in nativeEvent
    msg = wintypes.MSG.from_address(int(message))
          ^^^^^^^^
NameError: name 'wintypes' is not defined

[14:57:15] [CRITICAL] UNHANDLED GLOBAL EXCEPTION:
Traceback (most recent call last):
  File "D:\Somethings\ToolTest\gui.py", line 1651, in nativeEvent
    msg = wintypes.MSG.from_address(int(message))
          ^^^^^^^^
NameError: name 'wintypes' is not defined

[14:57:15] [CRITICAL] UNHANDLED GLOBAL EXCEPTION:
Traceback (most recent call last):
  File "D:\Somethings\ToolTest\gui.py", line 1651, in nativeEvent
    msg = wintypes.MSG.from_address(int(message))
          ^^^^^^^^
NameError: name 'wintypes' is not defined

[14:57:15] [CRITICAL] UNHANDLED GLOBAL EXCEPTION:
Traceback (most recent call last):
  File "D:\Somethings\ToolTest\gui.py", line 1651, in nativeEvent
    msg = wintypes.MSG.from_address(int(message))
          ^^^^^^^^
NameError: name 'wintypes' is not defined

[14:57:15] [CRITICAL] UNHANDLED GLOBAL EXCEPTION:
Traceback (most recent call last):
  File "D:\Somethings\ToolTest\gui.py", line 1651, in nativeEvent
    msg = wintypes.MSG.from_address(int(message))
          ^^^^^^^^
NameError: name 'wintypes' is not defined

[14:57:15] [CRITICAL] UNHANDLED GLOBAL EXCEPTION:
Traceback (most recent call last):
  File "D:\Somethings\ToolTest\gui.py", line 1651, in nativeEvent
    msg = wintypes.MSG.from_address(int(message))
          ^^^^^^^^
NameError: name 'wintypes' is not defined

[14:57:15] [CRITICAL] UNHANDLED GLOBAL EXCEPTION:
Traceback (most recent call last):
  File "D:\Somethings\ToolTest\gui.py", line 1651, in nativeEvent
    msg = wintypes.MSG.from_address(int(message))
          ^^^^^^^^
NameError: name 'wintypes' is not defined

[14:57:15] [CRITICAL] UNHANDLED GLOBAL EXCEPTION:
Traceback (most recent call last):
  File "D:\Somethings\ToolTest\gui.py", line 1651, in nativeEvent
    msg = wintypes.MSG.from_address(int(message))
          ^^^^^^^^
NameError: name 'wintypes' is not defined

[14:57:15] [CRITICAL] UNHANDLED GLOBAL EXCEPTION:
Traceback (most recent call last):
  File "D:\Somethings\ToolTest\gui.py", line 1651, in nativeEvent
    msg = wintypes.MSG.from_address(int(message))
          ^^^^^^^^
NameError: name 'wintypes' is not defined

[14:57:15] [CRITICAL] UNHANDLED GLOBAL EXCEPTION:
Traceback (most recent call last):
  File "D:\Somethings\ToolTest\gui.py", line 1651, in nativeEvent
    msg = wintypes.MSG.from_address(int(message))
          ^^^^^^^^
NameError: name 'wintypes' is not defined

[14:57:15] [CRITICAL] UNHANDLED GLOBAL EXCEPTION:
Traceback (most recent call last):
  File "D:\Somethings\ToolTest\gui.py", line 1651, in nativeEvent
    msg = wintypes.MSG.from_address(int(message))
          ^^^^^^^^
NameError: name 'wintypes' is not defined

[14:57:15] [CRITICAL] UNHANDLED GLOBAL EXCEPTION:
Traceback (most recent call last):
  File "D:\Somethings\ToolTest\gui.py", line 1651, in nativeEvent
    msg = wintypes.MSG.from_address(int(message))
          ^^^^^^^^
NameError: name 'wintypes' is not defined

[14:57:15] [CRITICAL] UNHANDLED GLOBAL EXCEPTION:
Traceback (most recent call last):
  File "D:\Somethings\ToolTest\gui.py", line 1651, in nativeEvent
    msg = wintypes.MSG.from_address(int(message))
          ^^^^^^^^
NameError: name 'wintypes' is not defined

[14:57:15] [CRITICAL] UNHANDLED GLOBAL EXCEPTION:
Traceback (most recent call last):
  File "D:\Somethings\ToolTest\gui.py", line 1651, in nativeEvent
    msg = wintypes.MSG.from_address(int(message))
          ^^^^^^^^
NameError: name 'wintypes' is not defined

[14:57:15] [CRITICAL] UNHANDLED GLOBAL EXCEPTION:
Traceback (most recent call last):
  File "D:\Somethings\ToolTest\gui.py", line 1651, in nativeEvent
    msg = wintypes.MSG.from_address(int(message))
          ^^^^^^^^
NameError: name 'wintypes' is not defined

[14:57:15] [CRITICAL] UNHANDLED GLOBAL EXCEPTION:
Traceback (most recent call last):
  File "D:\Somethings\ToolTest\gui.py", line 1651, in nativeEvent
    msg = wintypes.MSG.from_address(int(message))
          ^^^^^^^^
NameError: name 'wintypes' is not defined

[14:57:15] [CRITICAL] UNHANDLED GLOBAL EXCEPTION:
Traceback (most recent call last):
  File "D:\Somethings\ToolTest\gui.py", line 1651, in nativeEvent
    msg = wintypes.MSG.from_address(int(message))
          ^^^^^^^^
NameError: name 'wintypes' is not defined

[14:57:15] [CRITICAL] UNHANDLED GLOBAL EXCEPTION:
Traceback (most recent call last):
  File "D:\Somethings\ToolTest\gui.py", line 1651, in nativeEvent
    msg = wintypes.MSG.from_address(int(message))
          ^^^^^^^^
NameError: name 'wintypes' is not defined

[14:57:15] [CRITICAL] UNHANDLED GLOBAL EXCEPTION:
Traceback (most recent call last):
  File "D:\Somethings\ToolTest\gui.py", line 1651, in nativeEvent
    msg = wintypes.MSG.from_address(int(message))
          ^^^^^^^^
NameError: name 'wintypes' is not defined

[14:57:15] [CRITICAL] UNHANDLED GLOBAL EXCEPTION:
Traceback (most recent call last):
  File "D:\Somethings\ToolTest\gui.py", line 1651, in nativeEvent
    msg = wintypes.MSG.from_address(int(message))
          ^^^^^^^^
NameError: name 'wintypes' is not defined

[14:57:15] [CRITICAL] UNHANDLED GLOBAL EXCEPTION:
Traceback (most recent call last):
  File "D:\Somethings\ToolTest\gui.py", line 1651, in nativeEvent
    msg = wintypes.MSG.from_address(int(message))
          ^^^^^^^^
NameError: name 'wintypes' is not defined

[14:57:15] [CRITICAL] UNHANDLED GLOBAL EXCEPTION:
Traceback (most recent call last):
  File "D:\Somethings\ToolTest\gui.py", line 1651, in nativeEvent
    msg = wintypes.MSG.from_address(int(message))
          ^^^^^^^^
NameError: name 'wintypes' is not defined

[14:57:15] [CRITICAL] UNHANDLED GLOBAL EXCEPTION:
Traceback (most recent call last):
  File "D:\Somethings\ToolTest\gui.py", line 1651, in nativeEvent
    msg = wintypes.MSG.from_address(int(message))
          ^^^^^^^^
NameError: name 'wintypes' is not defined

[14:57:15] [CRITICAL] UNHANDLED GLOBAL EXCEPTION:
Traceback (most recent call last):
  File "D:\Somethings\ToolTest\gui.py", line 1651, in nativeEvent
    msg = wintypes.MSG.from_address(int(message))
          ^^^^^^^^
NameError: name 'wintypes' is not defined

[14:57:15] [CRITICAL] UNHANDLED GLOBAL EXCEPTION:
Traceback (most recent call last):
  File "D:\Somethings\ToolTest\gui.py", line 1651, in nativeEvent
    msg = wintypes.MSG.from_address(int(message))
          ^^^^^^^^
NameError: name 'wintypes' is not defined

[14:57:15] [CRITICAL] UNHANDLED GLOBAL EXCEPTION:
Traceback (most recent call last):
  File "D:\Somethings\ToolTest\gui.py", line 1651, in nativeEvent
    msg = wintypes.MSG.from_address(int(message))
          ^^^^^^^^
NameError: name 'wintypes' is not defined

[14:57:15] [CRITICAL] UNHANDLED GLOBAL EXCEPTION:
Traceback (most recent call last):
  File "D:\Somethings\ToolTest\gui.py", line 1651, in nativeEvent
    msg = wintypes.MSG.from_address(int(message))
          ^^^^^^^^
NameError: name 'wintypes' is not defined

[14:57:15] [CRITICAL] UNHANDLED GLOBAL EXCEPTION:
Traceback (most recent call last):
  File "D:\Somethings\ToolTest\gui.py", line 1651, in nativeEvent
    msg = wintypes.MSG.from_address(int(message))
          ^^^^^^^^
NameError: name 'wintypes' is not defined

[14:57:15] [CRITICAL] UNHANDLED GLOBAL EXCEPTION:
Traceback (most recent call last):
  File "D:\Somethings\ToolTest\gui.py", line 1651, in nativeEvent
    msg = wintypes.MSG.from_address(int(message))
          ^^^^^^^^
NameError: name 'wintypes' is not defined

[14:57:15] [CRITICAL] UNHANDLED GLOBAL EXCEPTION:
Traceback (most recent call last):
  File "D:\Somethings\ToolTest\gui.py", line 1651, in nativeEvent
    msg = wintypes.MSG.from_address(int(message))
          ^^^^^^^^
NameError: name 'wintypes' is not defined

[14:57:15] [CRITICAL] UNHANDLED GLOBAL EXCEPTION:
Traceback (most recent call last):
  File "D:\Somethings\ToolTest\gui.py", line 1651, in nativeEvent
    msg = wintypes.MSG.from_address(int(message))
          ^^^^^^^^
NameError: name 'wintypes' is not defined

[14:57:15] [CRITICAL] UNHANDLED GLOBAL EXCEPTION:
Traceback (most recent call last):
  File "D:\Somethings\ToolTest\gui.py", line 1651, in nativeEvent
    msg = wintypes.MSG.from_address(int(message))
          ^^^^^^^^
NameError: name 'wintypes' is not defined

[14:57:15] [CRITICAL] UNHANDLED GLOBAL EXCEPTION:
Traceback (most recent call last):
  File "D:\Somethings\ToolTest\gui.py", line 1651, in nativeEvent
    msg = wintypes.MSG.from_address(int(message))
          ^^^^^^^^
NameError: name 'wintypes' is not defined

[14:57:15] [CRITICAL] UNHANDLED GLOBAL EXCEPTION:
Traceback (most recent call last):
  File "D:\Somethings\ToolTest\gui.py", line 1651, in nativeEvent
    msg = wintypes.MSG.from_address(int(message))
          ^^^^^^^^
NameError: name 'wintypes' is not defined

[14:57:15] [CRITICAL] UNHANDLED GLOBAL EXCEPTION:
Traceback (most recent call last):
  File "D:\Somethings\ToolTest\gui.py", line 1651, in nativeEvent
    msg = wintypes.MSG.from_address(int(message))
          ^^^^^^^^
NameError: name 'wintypes' is not defined

[14:57:15] [CRITICAL] UNHANDLED GLOBAL EXCEPTION:
Traceback (most recent call last):
  File "D:\Somethings\ToolTest\gui.py", line 1651, in nativeEvent
    msg = wintypes.MSG.from_address(int(message))
          ^^^^^^^^
NameError: name 'wintypes' is not defined

[14:57:15] [CRITICAL] UNHANDLED GLOBAL EXCEPTION:
Traceback (most recent call last):
  File "D:\Somethings\ToolTest\gui.py", line 1651, in nativeEvent
    msg = wintypes.MSG.from_address(int(message))
          ^^^^^^^^
NameError: name 'wintypes' is not defined

[14:57:15] [CRITICAL] UNHANDLED GLOBAL EXCEPTION:
Traceback (most recent call last):
  File "D:\Somethings\ToolTest\gui.py", line 1651, in nativeEvent
    msg = wintypes.MSG.from_address(int(message))
          ^^^^^^^^
NameError: name 'wintypes' is not defined

[14:57:15] [CRITICAL] UNHANDLED GLOBAL EXCEPTION:
Traceback (most recent call last):
  File "D:\Somethings\ToolTest\gui.py", line 1651, in nativeEvent
    msg = wintypes.MSG.from_address(int(message))
          ^^^^^^^^
NameError: name 'wintypes' is not defined

[14:57:15] [CRITICAL] UNHANDLED GLOBAL EXCEPTION:
Traceback (most recent call last):
  File "D:\Somethings\ToolTest\gui.py", line 1651, in nativeEvent
    msg = wintypes.MSG.from_address(int(message))
          ^^^^^^^^
NameError: name 'wintypes' is not defined

[14:57:15] [CRITICAL] UNHANDLED GLOBAL EXCEPTION:
Traceback (most recent call last):
  File "D:\Somethings\ToolTest\gui.py", line 1651, in nativeEvent
    msg = wintypes.MSG.from_address(int(message))
          ^^^^^^^^
NameError: name 'wintypes' is not defined

[14:57:15] [CRITICAL] UNHANDLED GLOBAL EXCEPTION:
Traceback (most recent call last):
  File "D:\Somethings\ToolTest\gui.py", line 1651, in nativeEvent
    msg = wintypes.MSG.from_address(int(message))
          ^^^^^^^^
NameError: name 'wintypes' is not defined

[14:57:15] [CRITICAL] UNHANDLED GLOBAL EXCEPTION:
Traceback (most recent call last):
  File "D:\Somethings\ToolTest\gui.py", line 1651, in nativeEvent
    msg = wintypes.MSG.from_address(int(message))
          ^^^^^^^^
NameError: name 'wintypes' is not defined

[14:57:15] [CRITICAL] UNHANDLED GLOBAL EXCEPTION:
Traceback (most recent call last):
  File "D:\Somethings\ToolTest\gui.py", line 1651, in nativeEvent
    msg = wintypes.MSG.from_address(int(message))
          ^^^^^^^^
NameError: name 'wintypes' is not defined

[14:57:15] [CRITICAL] UNHANDLED GLOBAL EXCEPTION:
Traceback (most recent call last):
  File "D:\Somethings\ToolTest\gui.py", line 1651, in nativeEvent
    msg = wintypes.MSG.from_address(int(message))
          ^^^^^^^^
NameError: name 'wintypes' is not defined

[14:57:15] [CRITICAL] UNHANDLED GLOBAL EXCEPTION:
Traceback (most recent call last):
  File "D:\Somethings\ToolTest\gui.py", line 1651, in nativeEvent
    msg = wintypes.MSG.from_address(int(message))
          ^^^^^^^^
NameError: name 'wintypes' is not defined

[14:57:15] [CRITICAL] UNHANDLED GLOBAL EXCEPTION:
Traceback (most recent call last):
  File "D:\Somethings\ToolTest\gui.py", line 1651, in nativeEvent
    msg = wintypes.MSG.from_address(int(message))
          ^^^^^^^^
NameError: name 'wintypes' is not defined

[14:57:15] [CRITICAL] UNHANDLED GLOBAL EXCEPTION:
Traceback (most recent call last):
  File "D:\Somethings\ToolTest\gui.py", line 1651, in nativeEvent
    msg = wintypes.MSG.from_address(int(message))
          ^^^^^^^^
NameError: name 'wintypes' is not defined

[14:57:15] [CRITICAL] UNHANDLED GLOBAL EXCEPTION:
Traceback (most recent call last):
  File "D:\Somethings\ToolTest\gui.py", line 1651, in nativeEvent
    msg = wintypes.MSG.from_address(int(message))
          ^^^^^^^^
NameError: name 'wintypes' is not defined

[14:57:15] [CRITICAL] UNHANDLED GLOBAL EXCEPTION:
Traceback (most recent call last):
  File "D:\Somethings\ToolTest\gui.py", line 1651, in nativeEvent
    msg = wintypes.MSG.from_address(int(message))
          ^^^^^^^^
NameError: name 'wintypes' is not defined

[14:57:15] [CRITICAL] UNHANDLED GLOBAL EXCEPTION:
Traceback (most recent call last):
  File "D:\Somethings\ToolTest\gui.py", line 1651, in nativeEvent
    msg = wintypes.MSG.from_address(int(message))
          ^^^^^^^^
NameError: name 'wintypes' is not defined

[14:57:15] [CRITICAL] UNHANDLED GLOBAL EXCEPTION:
Traceback (most recent call last):
  File "D:\Somethings\ToolTest\gui.py", line 1651, in nativeEvent
    msg = wintypes.MSG.from_address(int(message))
          ^^^^^^^^
NameError: name 'wintypes' is not defined

[14:57:15] [CRITICAL] UNHANDLED GLOBAL EXCEPTION:
Traceback (most recent call last):
  File "D:\Somethings\ToolTest\gui.py", line 1651, in nativeEvent
    msg = wintypes.MSG.from_address(int(message))
          ^^^^^^^^
NameError: name 'wintypes' is not defined

[14:57:15] [CRITICAL] UNHANDLED GLOBAL EXCEPTION:
Traceback (most recent call last):
  File "D:\Somethings\ToolTest\gui.py", line 1651, in nativeEvent
    msg = wintypes.MSG.from_address(int(message))
          ^^^^^^^^
NameError: name 'wintypes' is not defined

[14:57:15] [CRITICAL] UNHANDLED GLOBAL EXCEPTION:
Traceback (most recent call last):
  File "D:\Somethings\ToolTest\gui.py", line 1651, in nativeEvent
    msg = wintypes.MSG.from_address(int(message))
          ^^^^^^^^
NameError: name 'wintypes' is not defined

[14:57:15] [CRITICAL] UNHANDLED GLOBAL EXCEPTION:
Traceback (most recent call last):
  File "D:\Somethings\ToolTest\gui.py", line 1651, in nativeEvent
    msg = wintypes.MSG.from_address(int(message))
          ^^^^^^^^
NameError: name 'wintypes' is not defined

[14:57:15] [CRITICAL] UNHANDLED GLOBAL EXCEPTION:
Traceback (most recent call last):
  File "D:\Somethings\ToolTest\gui.py", line 1651, in nativeEvent
    msg = wintypes.MSG.from_address(int(message))
          ^^^^^^^^
NameError: name 'wintypes' is not defined

[14:57:15] [CRITICAL] UNHANDLED GLOBAL EXCEPTION:
Traceback (most recent call last):
  File "D:\Somethings\ToolTest\gui.py", line 1651, in nativeEvent
    msg = wintypes.MSG.from_address(int(message))
          ^^^^^^^^
NameError: name 'wintypes' is not defined

[14:57:15] [CRITICAL] UNHANDLED GLOBAL EXCEPTION:
Traceback (most recent call last):
  File "D:\Somethings\ToolTest\gui.py", line 1651, in nativeEvent
    msg = wintypes.MSG.from_address(int(message))
          ^^^^^^^^
NameError: name 'wintypes' is not defined

[14:57:15] [CRITICAL] UNHANDLED GLOBAL EXCEPTION:
Traceback (most recent call last):
  File "D:\Somethings\ToolTest\gui.py", line 1651, in nativeEvent
    msg = wintypes.MSG.from_address(int(message))
          ^^^^^^^^
NameError: name 'wintypes' is not defined

[14:57:15] [CRITICAL] UNHANDLED GLOBAL EXCEPTION:
Traceback (most recent call last):
  File "D:\Somethings\ToolTest\gui.py", line 1651, in nativeEvent
    msg = wintypes.MSG.from_address(int(message))
          ^^^^^^^^
NameError: name 'wintypes' is not defined

[14:57:15] [CRITICAL] UNHANDLED GLOBAL EXCEPTION:
Traceback (most recent call last):
  File "D:\Somethings\ToolTest\gui.py", line 1651, in nativeEvent
    msg = wintypes.MSG.from_address(int(message))
          ^^^^^^^^
NameError: name 'wintypes' is not defined

[14:57:15] [CRITICAL] UNHANDLED GLOBAL EXCEPTION:
Traceback (most recent call last):
  File "D:\Somethings\ToolTest\gui.py", line 1651, in nativeEvent
    msg = wintypes.MSG.from_address(int(message))
          ^^^^^^^^
NameError: name 'wintypes' is not defined

[14:57:15] [CRITICAL] UNHANDLED GLOBAL EXCEPTION:
Traceback (most recent call last):
  File "D:\Somethings\ToolTest\gui.py", line 1651, in nativeEvent
    msg = wintypes.MSG.from_address(int(message))
          ^^^^^^^^
NameError: name 'wintypes' is not defined

[14:57:15] [CRITICAL] UNHANDLED GLOBAL EXCEPTION:
Traceback (most recent call last):
  File "D:\Somethings\ToolTest\gui.py", line 1651, in nativeEvent
    msg = wintypes.MSG.from_address(int(message))
          ^^^^^^^^
NameError: name 'wintypes' is not defined

[14:57:15] [CRITICAL] UNHANDLED GLOBAL EXCEPTION:
Traceback (most recent call last):
  File "D:\Somethings\ToolTest\gui.py", line 1651, in nativeEvent
    msg = wintypes.MSG.from_address(int(message))
          ^^^^^^^^
NameError: name 'wintypes' is not defined

[14:57:15] [CRITICAL] UNHANDLED GLOBAL EXCEPTION:
Traceback (most recent call last):
  File "D:\Somethings\ToolTest\gui.py", line 1651, in nativeEvent
    msg = wintypes.MSG.from_address(int(message))
          ^^^^^^^^
NameError: name 'wintypes' is not defined

[14:57:15] [CRITICAL] UNHANDLED GLOBAL EXCEPTION:
Traceback (most recent call last):
  File "D:\Somethings\ToolTest\gui.py", line 1651, in nativeEvent
    msg = wintypes.MSG.from_address(int(message))
          ^^^^^^^^
NameError: name 'wintypes' is not defined

[14:57:15] [CRITICAL] UNHANDLED GLOBAL EXCEPTION:
Traceback (most recent call last):
  File "D:\Somethings\ToolTest\gui.py", line 1651, in nativeEvent
    msg = wintypes.MSG.from_address(int(message))
          ^^^^^^^^
NameError: name 'wintypes' is not defined

[14:57:15] [CRITICAL] UNHANDLED GLOBAL EXCEPTION:
Traceback (most recent call last):
  File "D:\Somethings\ToolTest\gui.py", line 1651, in nativeEvent
    msg = wintypes.MSG.from_address(int(message))
          ^^^^^^^^
NameError: name 'wintypes' is not defined

[14:57:15] [CRITICAL] UNHANDLED GLOBAL EXCEPTION:
Traceback (most recent call last):
  File "D:\Somethings\ToolTest\gui.py", line 1651, in nativeEvent
    msg = wintypes.MSG.from_address(int(message))
          ^^^^^^^^
NameError: name 'wintypes' is not defined

[14:57:15] [CRITICAL] UNHANDLED GLOBAL EXCEPTION:
Traceback (most recent call last):
  File "D:\Somethings\ToolTest\gui.py", line 1651, in nativeEvent
    msg = wintypes.MSG.from_address(int(message))
          ^^^^^^^^
NameError: name 'wintypes' is not defined

[14:57:15] [CRITICAL] UNHANDLED GLOBAL EXCEPTION:
Traceback (most recent call last):
  File "D:\Somethings\ToolTest\gui.py", line 1651, in nativeEvent
    msg = wintypes.MSG.from_address(int(message))
          ^^^^^^^^
NameError: name 'wintypes' is not defined

[14:57:15] [CRITICAL] UNHANDLED GLOBAL EXCEPTION:
Traceback (most recent call last):
  File "D:\Somethings\ToolTest\gui.py", line 1651, in nativeEvent
    msg = wintypes.MSG.from_address(int(message))
          ^^^^^^^^
NameError: name 'wintypes' is not defined

[14:57:15] [CRITICAL] UNHANDLED GLOBAL EXCEPTION:
Traceback (most recent call last):
  File "D:\Somethings\ToolTest\gui.py", line 1651, in nativeEvent
    msg = wintypes.MSG.from_address(int(message))
          ^^^^^^^^
NameError: name 'wintypes' is not defined

[14:57:15] [CRITICAL] UNHANDLED GLOBAL EXCEPTION:
Traceback (most recent call last):
  File "D:\Somethings\ToolTest\gui.py", line 1651, in nativeEvent
    msg = wintypes.MSG.from_address(int(message))
          ^^^^^^^^
NameError: name 'wintypes' is not defined

[14:57:15] [CRITICAL] UNHANDLED GLOBAL EXCEPTION:
Traceback (most recent call last):
  File "D:\Somethings\ToolTest\gui.py", line 1651, in nativeEvent
    msg = wintypes.MSG.from_address(int(message))
          ^^^^^^^^
NameError: name 'wintypes' is not defined

[14:57:15] [CRITICAL] UNHANDLED GLOBAL EXCEPTION:
Traceback (most recent call last):
  File "D:\Somethings\ToolTest\gui.py", line 1651, in nativeEvent
    msg = wintypes.MSG.from_address(int(message))
          ^^^^^^^^
NameError: name 'wintypes' is not defined

[14:57:15] [CRITICAL] UNHANDLED GLOBAL EXCEPTION:
Traceback (most recent call last):
  File "D:\Somethings\ToolTest\gui.py", line 1651, in nativeEvent
    msg = wintypes.MSG.from_address(int(message))
          ^^^^^^^^
NameError: name 'wintypes' is not defined

[14:57:15] [CRITICAL] UNHANDLED GLOBAL EXCEPTION:
Traceback (most recent call last):
  File "D:\Somethings\ToolTest\gui.py", line 1651, in nativeEvent
    msg = wintypes.MSG.from_address(int(message))
          ^^^^^^^^
NameError: name 'wintypes' is not defined

[14:57:15] [CRITICAL] UNHANDLED GLOBAL EXCEPTION:
Traceback (most recent call last):
  File "D:\Somethings\ToolTest\gui.py", line 1651, in nativeEvent
    msg = wintypes.MSG.from_address(int(message))
          ^^^^^^^^
NameError: name 'wintypes' is not defined

[14:57:15] [CRITICAL] UNHANDLED GLOBAL EXCEPTION:
Traceback (most recent call last):
  File "D:\Somethings\ToolTest\gui.py", line 1651, in nativeEvent
    msg = wintypes.MSG.from_address(int(message))
          ^^^^^^^^
NameError: name 'wintypes' is not defined

[14:57:15] [CRITICAL] UNHANDLED GLOBAL EXCEPTION:
Traceback (most recent call last):
  File "D:\Somethings\ToolTest\gui.py", line 1651, in nativeEvent
    msg = wintypes.MSG.from_address(int(message))
          ^^^^^^^^
NameError: name 'wintypes' is not defined

[14:57:15] [CRITICAL] UNHANDLED GLOBAL EXCEPTION:
Traceback (most recent call last):
  File "D:\Somethings\ToolTest\gui.py", line 1651, in nativeEvent
    msg = wintypes.MSG.from_address(int(message))
          ^^^^^^^^
NameError: name 'wintypes' is not defined

[14:57:15] [CRITICAL] UNHANDLED GLOBAL EXCEPTION:
Traceback (most recent call last):
  File "D:\Somethings\ToolTest\gui.py", line 1651, in nativeEvent
    msg = wintypes.MSG.from_address(int(message))
          ^^^^^^^^
NameError: name 'wintypes' is not defined

[14:57:15] [CRITICAL] UNHANDLED GLOBAL EXCEPTION:
Traceback (most recent call last):
  File "D:\Somethings\ToolTest\gui.py", line 1651, in nativeEvent
    msg = wintypes.MSG.from_address(int(message))
          ^^^^^^^^
NameError: name 'wintypes' is not defined

[14:57:15] [CRITICAL] UNHANDLED GLOBAL EXCEPTION:
Traceback (most recent call last):
  File "D:\Somethings\ToolTest\gui.py", line 1651, in nativeEvent
    msg = wintypes.MSG.from_address(int(message))
          ^^^^^^^^
NameError: name 'wintypes' is not defined

[14:57:15] [CRITICAL] UNHANDLED GLOBAL EXCEPTION:
Traceback (most recent call last):
  File "D:\Somethings\ToolTest\gui.py", line 1651, in nativeEvent
    msg = wintypes.MSG.from_address(int(message))
          ^^^^^^^^
NameError: name 'wintypes' is not defined

[14:57:15] [CRITICAL] UNHANDLED GLOBAL EXCEPTION:
Traceback (most recent call last):
  File "D:\Somethings\ToolTest\gui.py", line 1651, in nativeEvent
    msg = wintypes.MSG.from_address(int(message))
          ^^^^^^^^
NameError: name 'wintypes' is not defined

[14:57:15] [CRITICAL] UNHANDLED GLOBAL EXCEPTION:
Traceback (most recent call last):
  File "D:\Somethings\ToolTest\gui.py", line 1651, in nativeEvent
    msg = wintypes.MSG.from_address(int(message))
          ^^^^^^^^
NameError: name 'wintypes' is not defined

[14:57:15] [CRITICAL] UNHANDLED GLOBAL EXCEPTION:
Traceback (most recent call last):
  File "D:\Somethings\ToolTest\gui.py", line 1651, in nativeEvent
    msg = wintypes.MSG.from_address(int(message))
          ^^^^^^^^
NameError: name 'wintypes' is not defined

[14:57:15] [CRITICAL] UNHANDLED GLOBAL EXCEPTION:
Traceback (most recent call last):
  File "D:\Somethings\ToolTest\gui.py", line 1651, in nativeEvent
    msg = wintypes.MSG.from_address(int(message))
          ^^^^^^^^
NameError: name 'wintypes' is not defined

[14:57:15] [CRITICAL] UNHANDLED GLOBAL EXCEPTION:
Traceback (most recent call last):
  File "D:\Somethings\ToolTest\gui.py", line 1651, in nativeEvent
    msg = wintypes.MSG.from_address(int(message))
          ^^^^^^^^
NameError: name 'wintypes' is not defined

[14:57:15] [CRITICAL] UNHANDLED GLOBAL EXCEPTION:
Traceback (most recent call last):
  File "D:\Somethings\ToolTest\gui.py", line 1651, in nativeEvent
    msg = wintypes.MSG.from_address(int(message))
          ^^^^^^^^
NameError: name 'wintypes' is not defined

[14:57:15] [CRITICAL] UNHANDLED GLOBAL EXCEPTION:
Traceback (most recent call last):
  File "D:\Somethings\ToolTest\gui.py", line 1651, in nativeEvent
    msg = wintypes.MSG.from_address(int(message))
          ^^^^^^^^
NameError: name 'wintypes' is not defined

[14:57:15] [CRITICAL] UNHANDLED GLOBAL EXCEPTION:
Traceback (most recent call last):
  File "D:\Somethings\ToolTest\gui.py", line 1651, in nativeEvent
    msg = wintypes.MSG.from_address(int(message))
          ^^^^^^^^
NameError: name 'wintypes' is not defined

[14:57:15] [CRITICAL] UNHANDLED GLOBAL EXCEPTION:
Traceback (most recent call last):
  File "D:\Somethings\ToolTest\gui.py", line 1651, in nativeEvent
    msg = wintypes.MSG.from_address(int(message))
          ^^^^^^^^
NameError: name 'wintypes' is not defined

[14:57:15] [CRITICAL] UNHANDLED GLOBAL EXCEPTION:
Traceback (most recent call last):
  File "D:\Somethings\ToolTest\gui.py", line 1651, in nativeEvent
    msg = wintypes.MSG.from_address(int(message))
          ^^^^^^^^
NameError: name 'wintypes' is not defined

[14:57:15] [CRITICAL] UNHANDLED GLOBAL EXCEPTION:
Traceback (most recent call last):
  File "D:\Somethings\ToolTest\gui.py", line 1651, in nativeEvent
    msg = wintypes.MSG.from_address(int(message))
          ^^^^^^^^
NameError: name 'wintypes' is not defined

[14:57:15] [CRITICAL] UNHANDLED GLOBAL EXCEPTION:
Traceback (most recent call last):
  File "D:\Somethings\ToolTest\gui.py", line 1651, in nativeEvent
    msg = wintypes.MSG.from_address(int(message))
          ^^^^^^^^
NameError: name 'wintypes' is not defined

[14:57:15] [CRITICAL] UNHANDLED GLOBAL EXCEPTION:
Traceback (most recent call last):
  File "D:\Somethings\ToolTest\gui.py", line 1651, in nativeEvent
    msg = wintypes.MSG.from_address(int(message))
          ^^^^^^^^
NameError: name 'wintypes' is not defined

[14:57:15] [CRITICAL] UNHANDLED GLOBAL EXCEPTION:
Traceback (most recent call last):
  File "D:\Somethings\ToolTest\gui.py", line 1651, in nativeEvent
    msg = wintypes.MSG.from_address(int(message))
          ^^^^^^^^
NameError: name 'wintypes' is not defined

[14:57:15] [CRITICAL] UNHANDLED GLOBAL EXCEPTION:
Traceback (most recent call last):
  File "D:\Somethings\ToolTest\gui.py", line 1651, in nativeEvent
    msg = wintypes.MSG.from_address(int(message))
          ^^^^^^^^
NameError: name 'wintypes' is not defined

[14:57:16] [CRITICAL] UNHANDLED GLOBAL EXCEPTION:
Traceback (most recent call last):
  File "D:\Somethings\ToolTest\gui.py", line 1651, in nativeEvent
    msg = wintypes.MSG.from_address(int(message))
          ^^^^^^^^
NameError: name 'wintypes' is not defined

[14:57:16] [CRITICAL] UNHANDLED GLOBAL EXCEPTION:
Traceback (most recent call last):
  File "D:\Somethings\ToolTest\gui.py", line 1651, in nativeEvent
    msg = wintypes.MSG.from_address(int(message))
          ^^^^^^^^
NameError: name 'wintypes' is not defined

[14:57:16] [CRITICAL] UNHANDLED GLOBAL EXCEPTION:
Traceback (most recent call last):
  File "D:\Somethings\ToolTest\gui.py", line 1651, in nativeEvent
    msg = wintypes.MSG.from_address(int(message))
          ^^^^^^^^
NameError: name 'wintypes' is not defined

[14:57:16] [CRITICAL] UNHANDLED GLOBAL EXCEPTION:
Traceback (most recent call last):
  File "D:\Somethings\ToolTest\gui.py", line 1651, in nativeEvent
    msg = wintypes.MSG.from_address(int(message))
          ^^^^^^^^
NameError: name 'wintypes' is not defined

[14:57:16] [CRITICAL] UNHANDLED GLOBAL EXCEPTION:
Traceback (most recent call last):
  File "D:\Somethings\ToolTest\gui.py", line 1651, in nativeEvent
    msg = wintypes.MSG.from_address(int(message))
          ^^^^^^^^
NameError: name 'wintypes' is not defined

[14:57:16] [CRITICAL] UNHANDLED GLOBAL EXCEPTION:
Traceback (most recent call last):
  File "D:\Somethings\ToolTest\gui.py", line 1651, in nativeEvent
    msg = wintypes.MSG.from_address(int(message))
          ^^^^^^^^
NameError: name 'wintypes' is not defined

[14:57:16] [CRITICAL] UNHANDLED GLOBAL EXCEPTION:
Traceback (most recent call last):
  File "D:\Somethings\ToolTest\gui.py", line 1651, in nativeEvent
    msg = wintypes.MSG.from_address(int(message))
          ^^^^^^^^
NameError: name 'wintypes' is not defined

[14:57:16] [CRITICAL] UNHANDLED GLOBAL EXCEPTION:
Traceback (most recent call last):
  File "D:\Somethings\ToolTest\gui.py", line 1651, in nativeEvent
    msg = wintypes.MSG.from_address(int(message))
          ^^^^^^^^
NameError: name 'wintypes' is not defined

[14:57:16] [CRITICAL] UNHANDLED GLOBAL EXCEPTION:
Traceback (most recent call last):
  File "D:\Somethings\ToolTest\gui.py", line 1651, in nativeEvent
    msg = wintypes.MSG.from_address(int(message))
          ^^^^^^^^
NameError: name 'wintypes' is not defined

[14:57:16] [CRITICAL] UNHANDLED GLOBAL EXCEPTION:
Traceback (most recent call last):
  File "D:\Somethings\ToolTest\gui.py", line 1651, in nativeEvent
    msg = wintypes.MSG.from_address(int(message))
          ^^^^^^^^
NameError: name 'wintypes' is not defined

[14:57:16] [CRITICAL] UNHANDLED GLOBAL EXCEPTION:
Traceback (most recent call last):
  File "D:\Somethings\ToolTest\gui.py", line 1651, in nativeEvent
    msg = wintypes.MSG.from_address(int(message))
          ^^^^^^^^
NameError: name 'wintypes' is not defined

[14:57:16] [CRITICAL] UNHANDLED GLOBAL EXCEPTION:
Traceback (most recent call last):
  File "D:\Somethings\ToolTest\gui.py", line 1651, in nativeEvent
    msg = wintypes.MSG.from_address(int(message))
          ^^^^^^^^
NameError: name 'wintypes' is not defined

[14:57:16] [CRITICAL] UNHANDLED GLOBAL EXCEPTION:
Traceback (most recent call last):
  File "D:\Somethings\ToolTest\gui.py", line 1651, in nativeEvent
    msg = wintypes.MSG.from_address(int(message))
          ^^^^^^^^
NameError: name 'wintypes' is not defined

[14:57:16] [CRITICAL] UNHANDLED GLOBAL EXCEPTION:
Traceback (most recent call last):
  File "D:\Somethings\ToolTest\gui.py", line 1651, in nativeEvent
    msg = wintypes.MSG.from_address(int(message))
          ^^^^^^^^
NameError: name 'wintypes' is not defined

[14:57:16] [CRITICAL] UNHANDLED GLOBAL EXCEPTION:
Traceback (most recent call last):
  File "D:\Somethings\ToolTest\gui.py", line 1651, in nativeEvent
    msg = wintypes.MSG.from_address(int(message))
          ^^^^^^^^
NameError: name 'wintypes' is not defined

[14:57:16] [CRITICAL] UNHANDLED GLOBAL EXCEPTION:
Traceback (most recent call last):
  File "D:\Somethings\ToolTest\gui.py", line 1651, in nativeEvent
    msg = wintypes.MSG.from_address(int(message))
          ^^^^^^^^
NameError: name 'wintypes' is not defined

[14:57:16] [CRITICAL] UNHANDLED GLOBAL EXCEPTION:
Traceback (most recent call last):
  File "D:\Somethings\ToolTest\gui.py", line 1651, in nativeEvent
    msg = wintypes.MSG.from_address(int(message))
          ^^^^^^^^
NameError: name 'wintypes' is not defined

[14:57:16] [CRITICAL] UNHANDLED GLOBAL EXCEPTION:
Traceback (most recent call last):
  File "D:\Somethings\ToolTest\gui.py", line 1651, in nativeEvent
    msg = wintypes.MSG.from_address(int(message))
          ^^^^^^^^
NameError: name 'wintypes' is not defined

[14:57:16] [CRITICAL] UNHANDLED GLOBAL EXCEPTION:
Traceback (most recent call last):
  File "D:\Somethings\ToolTest\gui.py", line 1651, in nativeEvent
    msg = wintypes.MSG.from_address(int(message))
          ^^^^^^^^
NameError: name 'wintypes' is not defined

[14:57:16] [CRITICAL] UNHANDLED GLOBAL EXCEPTION:
Traceback (most recent call last):
  File "D:\Somethings\ToolTest\gui.py", line 1651, in nativeEvent
    msg = wintypes.MSG.from_address(int(message))
          ^^^^^^^^
NameError: name 'wintypes' is not defined

[14:57:16] [CRITICAL] UNHANDLED GLOBAL EXCEPTION:
Traceback (most recent call last):
  File "D:\Somethings\ToolTest\gui.py", line 1651, in nativeEvent
    msg = wintypes.MSG.from_address(int(message))
          ^^^^^^^^
NameError: name 'wintypes' is not defined

[14:57:16] [CRITICAL] UNHANDLED GLOBAL EXCEPTION:
Traceback (most recent call last):
  File "D:\Somethings\ToolTest\gui.py", line 1651, in nativeEvent
    msg = wintypes.MSG.from_address(int(message))
          ^^^^^^^^
NameError: name 'wintypes' is not defined

[14:57:16] [CRITICAL] UNHANDLED GLOBAL EXCEPTION:
Traceback (most recent call last):
  File "D:\Somethings\ToolTest\gui.py", line 1651, in nativeEvent
    msg = wintypes.MSG.from_address(int(message))
          ^^^^^^^^
NameError: name 'wintypes' is not defined

[14:57:16] [CRITICAL] UNHANDLED GLOBAL EXCEPTION:
Traceback (most recent call last):
  File "D:\Somethings\ToolTest\gui.py", line 1651, in nativeEvent
    msg = wintypes.MSG.from_address(int(message))
          ^^^^^^^^
NameError: name 'wintypes' is not defined

[14:57:16] [CRITICAL] UNHANDLED GLOBAL EXCEPTION:
Traceback (most recent call last):
  File "D:\Somethings\ToolTest\gui.py", line 1651, in nativeEvent
    msg = wintypes.MSG.from_address(int(message))
          ^^^^^^^^
NameError: name 'wintypes' is not defined

[14:57:16] [CRITICAL] UNHANDLED GLOBAL EXCEPTION:
Traceback (most recent call last):
  File "D:\Somethings\ToolTest\gui.py", line 1651, in nativeEvent
    msg = wintypes.MSG.from_address(int(message))
          ^^^^^^^^
NameError: name 'wintypes' is not defined

[14:57:16] [CRITICAL] UNHANDLED GLOBAL EXCEPTION:
Traceback (most recent call last):
  File "D:\Somethings\ToolTest\gui.py", line 1651, in nativeEvent
    msg = wintypes.MSG.from_address(int(message))
          ^^^^^^^^
NameError: name 'wintypes' is not defined

[14:57:16] [CRITICAL] UNHANDLED GLOBAL EXCEPTION:
Traceback (most recent call last):
  File "D:\Somethings\ToolTest\gui.py", line 1651, in nativeEvent
    msg = wintypes.MSG.from_address(int(message))
          ^^^^^^^^
NameError: name 'wintypes' is not defined

[14:57:16] [CRITICAL] UNHANDLED GLOBAL EXCEPTION:
Traceback (most recent call last):
  File "D:\Somethings\ToolTest\gui.py", line 1651, in nativeEvent
    msg = wintypes.MSG.from_address(int(message))
          ^^^^^^^^
NameError: name 'wintypes' is not defined

[14:57:16] [CRITICAL] UNHANDLED GLOBAL EXCEPTION:
Traceback (most recent call last):
  File "D:\Somethings\ToolTest\gui.py", line 1651, in nativeEvent
    msg = wintypes.MSG.from_address(int(message))
          ^^^^^^^^
NameError: name 'wintypes' is not defined

[14:57:16] [CRITICAL] UNHANDLED GLOBAL EXCEPTION:
Traceback (most recent call last):
  File "D:\Somethings\ToolTest\gui.py", line 1651, in nativeEvent
    msg = wintypes.MSG.from_address(int(message))
          ^^^^^^^^
NameError: name 'wintypes' is not defined

[14:57:16] [CRITICAL] UNHANDLED GLOBAL EXCEPTION:
Traceback (most recent call last):
  File "D:\Somethings\ToolTest\gui.py", line 1651, in nativeEvent
    msg = wintypes.MSG.from_address(int(message))
          ^^^^^^^^
NameError: name 'wintypes' is not defined

[14:57:16] [CRITICAL] UNHANDLED GLOBAL EXCEPTION:
Traceback (most recent call last):
  File "D:\Somethings\ToolTest\gui.py", line 1651, in nativeEvent
    msg = wintypes.MSG.from_address(int(message))
          ^^^^^^^^
NameError: name 'wintypes' is not defined

[14:57:16] [CRITICAL] UNHANDLED GLOBAL EXCEPTION:
Traceback (most recent call last):
  File "D:\Somethings\ToolTest\gui.py", line 1651, in nativeEvent
    msg = wintypes.MSG.from_address(int(message))
          ^^^^^^^^
NameError: name 'wintypes' is not defined

[14:57:16] [CRITICAL] UNHANDLED GLOBAL EXCEPTION:
Traceback (most recent call last):
  File "D:\Somethings\ToolTest\gui.py", line 1651, in nativeEvent
    msg = wintypes.MSG.from_address(int(message))
          ^^^^^^^^
NameError: name 'wintypes' is not defined

[14:57:16] [CRITICAL] UNHANDLED GLOBAL EXCEPTION:
Traceback (most recent call last):
  File "D:\Somethings\ToolTest\gui.py", line 1651, in nativeEvent
    msg = wintypes.MSG.from_address(int(message))
          ^^^^^^^^
NameError: name 'wintypes' is not defined

[14:57:16] [CRITICAL] UNHANDLED GLOBAL EXCEPTION:
Traceback (most recent call last):
  File "D:\Somethings\ToolTest\gui.py", line 1651, in nativeEvent
    msg = wintypes.MSG.from_address(int(message))
          ^^^^^^^^
NameError: name 'wintypes' is not defined

[14:57:16] [CRITICAL] UNHANDLED GLOBAL EXCEPTION:
Traceback (most recent call last):
  File "D:\Somethings\ToolTest\gui.py", line 1651, in nativeEvent
    msg = wintypes.MSG.from_address(int(message))
          ^^^^^^^^
NameError: name 'wintypes' is not defined

[14:57:16] [CRITICAL] UNHANDLED GLOBAL EXCEPTION:
Traceback (most recent call last):
  File "D:\Somethings\ToolTest\gui.py", line 1651, in nativeEvent
    msg = wintypes.MSG.from_address(int(message))
          ^^^^^^^^
NameError: name 'wintypes' is not defined

[14:57:16] [CRITICAL] UNHANDLED GLOBAL EXCEPTION:
Traceback (most recent call last):
  File "D:\Somethings\ToolTest\gui.py", line 1651, in nativeEvent
    msg = wintypes.MSG.from_address(int(message))
          ^^^^^^^^
NameError: name 'wintypes' is not defined

[14:57:16] [CRITICAL] UNHANDLED GLOBAL EXCEPTION:
Traceback (most recent call last):
  File "D:\Somethings\ToolTest\gui.py", line 1651, in nativeEvent
    msg = wintypes.MSG.from_address(int(message))
          ^^^^^^^^
NameError: name 'wintypes' is not defined

[14:57:16] [CRITICAL] UNHANDLED GLOBAL EXCEPTION:
Traceback (most recent call last):
  File "D:\Somethings\ToolTest\gui.py", line 1651, in nativeEvent
    msg = wintypes.MSG.from_address(int(message))
          ^^^^^^^^
NameError: name 'wintypes' is not defined

[14:57:16] [CRITICAL] UNHANDLED GLOBAL EXCEPTION:
Traceback (most recent call last):
  File "D:\Somethings\ToolTest\gui.py", line 1651, in nativeEvent
    msg = wintypes.MSG.from_address(int(message))
          ^^^^^^^^
NameError: name 'wintypes' is not defined

[14:57:16] [CRITICAL] UNHANDLED GLOBAL EXCEPTION:
Traceback (most recent call last):
  File "D:\Somethings\ToolTest\gui.py", line 1651, in nativeEvent
    msg = wintypes.MSG.from_address(int(message))
          ^^^^^^^^
NameError: name 'wintypes' is not defined

[14:57:16] [CRITICAL] UNHANDLED GLOBAL EXCEPTION:
Traceback (most recent call last):
  File "D:\Somethings\ToolTest\gui.py", line 1651, in nativeEvent
    msg = wintypes.MSG.from_address(int(message))
          ^^^^^^^^
NameError: name 'wintypes' is not defined

[14:57:16] [CRITICAL] UNHANDLED GLOBAL EXCEPTION:
Traceback (most recent call last):
  File "D:\Somethings\ToolTest\gui.py", line 1651, in nativeEvent
    msg = wintypes.MSG.from_address(int(message))
          ^^^^^^^^
NameError: name 'wintypes' is not defined

[14:57:16] [CRITICAL] UNHANDLED GLOBAL EXCEPTION:
Traceback (most recent call last):
  File "D:\Somethings\ToolTest\gui.py", line 1651, in nativeEvent
    msg = wintypes.MSG.from_address(int(message))
          ^^^^^^^^
NameError: name 'wintypes' is not defined

[14:57:16] [CRITICAL] UNHANDLED GLOBAL EXCEPTION:
Traceback (most recent call last):
  File "D:\Somethings\ToolTest\gui.py", line 1651, in nativeEvent
    msg = wintypes.MSG.from_address(int(message))
          ^^^^^^^^
NameError: name 'wintypes' is not defined

[14:57:16] [CRITICAL] UNHANDLED GLOBAL EXCEPTION:
Traceback (most recent call last):
  File "D:\Somethings\ToolTest\gui.py", line 1651, in nativeEvent
    msg = wintypes.MSG.from_address(int(message))
          ^^^^^^^^
NameError: name 'wintypes' is not defined

[14:57:16] [CRITICAL] UNHANDLED GLOBAL EXCEPTION:
Traceback (most recent call last):
  File "D:\Somethings\ToolTest\gui.py", line 1651, in nativeEvent
    msg = wintypes.MSG.from_address(int(message))
          ^^^^^^^^
NameError: name 'wintypes' is not defined

[14:57:16] [CRITICAL] UNHANDLED GLOBAL EXCEPTION:
Traceback (most recent call last):
  File "D:\Somethings\ToolTest\gui.py", line 1651, in nativeEvent
    msg = wintypes.MSG.from_address(int(message))
          ^^^^^^^^
NameError: name 'wintypes' is not defined

[14:57:16] [CRITICAL] UNHANDLED GLOBAL EXCEPTION:
Traceback (most recent call last):
  File "D:\Somethings\ToolTest\gui.py", line 1651, in nativeEvent
    msg = wintypes.MSG.from_address(int(message))
          ^^^^^^^^
NameError: name 'wintypes' is not defined

[14:57:16] [CRITICAL] UNHANDLED GLOBAL EXCEPTION:
Traceback (most recent call last):
  File "D:\Somethings\ToolTest\gui.py", line 1651, in nativeEvent
    msg = wintypes.MSG.from_address(int(message))
          ^^^^^^^^
NameError: name 'wintypes' is not defined

[14:57:16] [CRITICAL] UNHANDLED GLOBAL EXCEPTION:
Traceback (most recent call last):
  File "D:\Somethings\ToolTest\gui.py", line 1651, in nativeEvent
    msg = wintypes.MSG.from_address(int(message))
          ^^^^^^^^
NameError: name 'wintypes' is not defined

[14:57:16] [CRITICAL] UNHANDLED GLOBAL EXCEPTION:
Traceback (most recent call last):
  File "D:\Somethings\ToolTest\gui.py", line 1651, in nativeEvent
    msg = wintypes.MSG.from_address(int(message))
          ^^^^^^^^
NameError: name 'wintypes' is not defined

[14:57:16] [CRITICAL] UNHANDLED GLOBAL EXCEPTION:
Traceback (most recent call last):
  File "D:\Somethings\ToolTest\gui.py", line 1651, in nativeEvent
    msg = wintypes.MSG.from_address(int(message))
          ^^^^^^^^
NameError: name 'wintypes' is not defined

[14:57:16] [CRITICAL] UNHANDLED GLOBAL EXCEPTION:
Traceback (most recent call last):
  File "D:\Somethings\ToolTest\gui.py", line 1651, in nativeEvent
    msg = wintypes.MSG.from_address(int(message))
          ^^^^^^^^
NameError: name 'wintypes' is not defined

[14:57:16] [CRITICAL] UNHANDLED GLOBAL EXCEPTION:
Traceback (most recent call last):
  File "D:\Somethings\ToolTest\gui.py", line 1651, in nativeEvent
    msg = wintypes.MSG.from_address(int(message))
          ^^^^^^^^
NameError: name 'wintypes' is not defined

[14:57:16] [CRITICAL] UNHANDLED GLOBAL EXCEPTION:
Traceback (most recent call last):
  File "D:\Somethings\ToolTest\gui.py", line 1651, in nativeEvent
    msg = wintypes.MSG.from_address(int(message))
          ^^^^^^^^
NameError: name 'wintypes' is not defined

[14:57:16] [CRITICAL] UNHANDLED GLOBAL EXCEPTION:
Traceback (most recent call last):
  File "D:\Somethings\ToolTest\gui.py", line 1651, in nativeEvent
    msg = wintypes.MSG.from_address(int(message))
          ^^^^^^^^
NameError: name 'wintypes' is not defined

[14:57:16] [CRITICAL] UNHANDLED GLOBAL EXCEPTION:
Traceback (most recent call last):
  File "D:\Somethings\ToolTest\gui.py", line 1651, in nativeEvent
    msg = wintypes.MSG.from_address(int(message))
          ^^^^^^^^
NameError: name 'wintypes' is not defined

[14:57:16] [CRITICAL] UNHANDLED GLOBAL EXCEPTION:
Traceback (most recent call last):
  File "D:\Somethings\ToolTest\gui.py", line 1651, in nativeEvent
    msg = wintypes.MSG.from_address(int(message))
          ^^^^^^^^
NameError: name 'wintypes' is not defined

[14:57:16] [CRITICAL] UNHANDLED GLOBAL EXCEPTION:
Traceback (most recent call last):
  File "D:\Somethings\ToolTest\gui.py", line 1651, in nativeEvent
    msg = wintypes.MSG.from_address(int(message))
          ^^^^^^^^
NameError: name 'wintypes' is not defined

[14:57:16] [CRITICAL] UNHANDLED GLOBAL EXCEPTION:
Traceback (most recent call last):
  File "D:\Somethings\ToolTest\gui.py", line 1651, in nativeEvent
    msg = wintypes.MSG.from_address(int(message))
          ^^^^^^^^
NameError: name 'wintypes' is not defined

[14:57:16] [CRITICAL] UNHANDLED GLOBAL EXCEPTION:
Traceback (most recent call last):
  File "D:\Somethings\ToolTest\gui.py", line 1651, in nativeEvent
    msg = wintypes.MSG.from_address(int(message))
          ^^^^^^^^
NameError: name 'wintypes' is not defined

[14:57:16] [CRITICAL] UNHANDLED GLOBAL EXCEPTION:
Traceback (most recent call last):
  File "D:\Somethings\ToolTest\gui.py", line 1651, in nativeEvent
    msg = wintypes.MSG.from_address(int(message))
          ^^^^^^^^
NameError: name 'wintypes' is not defined

[14:57:16] [CRITICAL] UNHANDLED GLOBAL EXCEPTION:
Traceback (most recent call last):
  File "D:\Somethings\ToolTest\gui.py", line 1651, in nativeEvent
    msg = wintypes.MSG.from_address(int(message))
          ^^^^^^^^
NameError: name 'wintypes' is not defined

[14:57:16] [CRITICAL] UNHANDLED GLOBAL EXCEPTION:
Traceback (most recent call last):
  File "D:\Somethings\ToolTest\gui.py", line 1651, in nativeEvent
    msg = wintypes.MSG.from_address(int(message))
          ^^^^^^^^
NameError: name 'wintypes' is not defined

[14:57:16] [CRITICAL] UNHANDLED GLOBAL EXCEPTION:
Traceback (most recent call last):
  File "D:\Somethings\ToolTest\gui.py", line 1651, in nativeEvent
    msg = wintypes.MSG.from_address(int(message))
          ^^^^^^^^
NameError: name 'wintypes' is not defined

[14:57:16] [CRITICAL] UNHANDLED GLOBAL EXCEPTION:
Traceback (most recent call last):
  File "D:\Somethings\ToolTest\gui.py", line 1651, in nativeEvent
    msg = wintypes.MSG.from_address(int(message))
          ^^^^^^^^
NameError: name 'wintypes' is not defined

[14:57:16] [CRITICAL] UNHANDLED GLOBAL EXCEPTION:
Traceback (most recent call last):
  File "D:\Somethings\ToolTest\gui.py", line 1651, in nativeEvent
    msg = wintypes.MSG.from_address(int(message))
          ^^^^^^^^
NameError: name 'wintypes' is not defined

[14:57:16] [CRITICAL] UNHANDLED GLOBAL EXCEPTION:
Traceback (most recent call last):
  File "D:\Somethings\ToolTest\gui.py", line 1651, in nativeEvent
    msg = wintypes.MSG.from_address(int(message))
          ^^^^^^^^
NameError: name 'wintypes' is not defined

[14:57:16] [CRITICAL] UNHANDLED GLOBAL EXCEPTION:
Traceback (most recent call last):
  File "D:\Somethings\ToolTest\gui.py", line 1651, in nativeEvent
    msg = wintypes.MSG.from_address(int(message))
          ^^^^^^^^
NameError: name 'wintypes' is not defined

[14:57:16] [CRITICAL] UNHANDLED GLOBAL EXCEPTION:
Traceback (most recent call last):
  File "D:\Somethings\ToolTest\gui.py", line 1651, in nativeEvent
    msg = wintypes.MSG.from_address(int(message))
          ^^^^^^^^
NameError: name 'wintypes' is not defined

[14:57:16] [CRITICAL] UNHANDLED GLOBAL EXCEPTION:
Traceback (most recent call last):
  File "D:\Somethings\ToolTest\gui.py", line 1651, in nativeEvent
    msg = wintypes.MSG.from_address(int(message))
          ^^^^^^^^
NameError: name 'wintypes' is not defined

[14:57:16] [CRITICAL] UNHANDLED GLOBAL EXCEPTION:
Traceback (most recent call last):
  File "D:\Somethings\ToolTest\gui.py", line 1651, in nativeEvent
    msg = wintypes.MSG.from_address(int(message))
          ^^^^^^^^
NameError: name 'wintypes' is not defined

[14:57:16] [CRITICAL] UNHANDLED GLOBAL EXCEPTION:
Traceback (most recent call last):
  File "D:\Somethings\ToolTest\gui.py", line 1651, in nativeEvent
    msg = wintypes.MSG.from_address(int(message))
          ^^^^^^^^
NameError: name 'wintypes' is not defined

[14:57:16] [CRITICAL] UNHANDLED GLOBAL EXCEPTION:
Traceback (most recent call last):
  File "D:\Somethings\ToolTest\gui.py", line 1651, in nativeEvent
    msg = wintypes.MSG.from_address(int(message))
          ^^^^^^^^
NameError: name 'wintypes' is not defined

[14:57:16] [CRITICAL] UNHANDLED GLOBAL EXCEPTION:
Traceback (most recent call last):
  File "D:\Somethings\ToolTest\gui.py", line 1651, in nativeEvent
    msg = wintypes.MSG.from_address(int(message))
          ^^^^^^^^
NameError: name 'wintypes' is not defined

[14:57:16] [CRITICAL] UNHANDLED GLOBAL EXCEPTION:
Traceback (most recent call last):
  File "D:\Somethings\ToolTest\gui.py", line 1651, in nativeEvent
    msg = wintypes.MSG.from_address(int(message))
          ^^^^^^^^
NameError: name 'wintypes' is not defined

[14:57:16] [CRITICAL] UNHANDLED GLOBAL EXCEPTION:
Traceback (most recent call last):
  File "D:\Somethings\ToolTest\gui.py", line 1651, in nativeEvent
    msg = wintypes.MSG.from_address(int(message))
          ^^^^^^^^
NameError: name 'wintypes' is not defined

[14:57:16] [CRITICAL] UNHANDLED GLOBAL EXCEPTION:
Traceback (most recent call last):
  File "D:\Somethings\ToolTest\gui.py", line 1651, in nativeEvent
    msg = wintypes.MSG.from_address(int(message))
          ^^^^^^^^
NameError: name 'wintypes' is not defined

[14:57:16] [CRITICAL] UNHANDLED GLOBAL EXCEPTION:
Traceback (most recent call last):
  File "D:\Somethings\ToolTest\gui.py", line 1651, in nativeEvent
    msg = wintypes.MSG.from_address(int(message))
          ^^^^^^^^
NameError: name 'wintypes' is not defined

[14:57:16] [CRITICAL] UNHANDLED GLOBAL EXCEPTION:
Traceback (most recent call last):
  File "D:\Somethings\ToolTest\gui.py", line 1651, in nativeEvent
    msg = wintypes.MSG.from_address(int(message))
          ^^^^^^^^
NameError: name 'wintypes' is not defined

[14:57:16] [CRITICAL] UNHANDLED GLOBAL EXCEPTION:
Traceback (most recent call last):
  File "D:\Somethings\ToolTest\gui.py", line 1651, in nativeEvent
    msg = wintypes.MSG.from_address(int(message))
          ^^^^^^^^
NameError: name 'wintypes' is not defined

[14:57:16] [CRITICAL] UNHANDLED GLOBAL EXCEPTION:
Traceback (most recent call last):
  File "D:\Somethings\ToolTest\gui.py", line 1651, in nativeEvent
    msg = wintypes.MSG.from_address(int(message))
          ^^^^^^^^
NameError: name 'wintypes' is not defined

[14:57:16] [CRITICAL] UNHANDLED GLOBAL EXCEPTION:
Traceback (most recent call last):
  File "D:\Somethings\ToolTest\gui.py", line 1651, in nativeEvent
    msg = wintypes.MSG.from_address(int(message))
          ^^^^^^^^
NameError: name 'wintypes' is not defined

[14:57:16] [CRITICAL] UNHANDLED GLOBAL EXCEPTION:
Traceback (most recent call last):
  File "D:\Somethings\ToolTest\gui.py", line 1651, in nativeEvent
    msg = wintypes.MSG.from_address(int(message))
          ^^^^^^^^
NameError: name 'wintypes' is not defined

[14:57:16] [CRITICAL] UNHANDLED GLOBAL EXCEPTION:
Traceback (most recent call last):
  File "D:\Somethings\ToolTest\gui.py", line 1651, in nativeEvent
    msg = wintypes.MSG.from_address(int(message))
          ^^^^^^^^
NameError: name 'wintypes' is not defined

[14:57:16] [CRITICAL] UNHANDLED GLOBAL EXCEPTION:
Traceback (most recent call last):
  File "D:\Somethings\ToolTest\gui.py", line 1651, in nativeEvent
    msg = wintypes.MSG.from_address(int(message))
          ^^^^^^^^
NameError: name 'wintypes' is not defined

[14:57:16] [CRITICAL] UNHANDLED GLOBAL EXCEPTION:
Traceback (most recent call last):
  File "D:\Somethings\ToolTest\gui.py", line 1651, in nativeEvent
    msg = wintypes.MSG.from_address(int(message))
          ^^^^^^^^
NameError: name 'wintypes' is not defined

[14:57:16] [CRITICAL] UNHANDLED GLOBAL EXCEPTION:
Traceback (most recent call last):
  File "D:\Somethings\ToolTest\gui.py", line 1651, in nativeEvent
    msg = wintypes.MSG.from_address(int(message))
          ^^^^^^^^
NameError: name 'wintypes' is not defined

[14:57:16] [CRITICAL] UNHANDLED GLOBAL EXCEPTION:
Traceback (most recent call last):
  File "D:\Somethings\ToolTest\gui.py", line 1651, in nativeEvent
    msg = wintypes.MSG.from_address(int(message))
          ^^^^^^^^
NameError: name 'wintypes' is not defined

[14:57:16] [CRITICAL] UNHANDLED GLOBAL EXCEPTION:
Traceback (most recent call last):
  File "D:\Somethings\ToolTest\gui.py", line 1651, in nativeEvent
    msg = wintypes.MSG.from_address(int(message))
          ^^^^^^^^
NameError: name 'wintypes' is not defined

[14:57:16] [CRITICAL] UNHANDLED GLOBAL EXCEPTION:
Traceback (most recent call last):
  File "D:\Somethings\ToolTest\gui.py", line 1651, in nativeEvent
    msg = wintypes.MSG.from_address(int(message))
          ^^^^^^^^
NameError: name 'wintypes' is not defined

[14:57:16] [CRITICAL] UNHANDLED GLOBAL EXCEPTION:
Traceback (most recent call last):
  File "D:\Somethings\ToolTest\gui.py", line 1651, in nativeEvent
    msg = wintypes.MSG.from_address(int(message))
          ^^^^^^^^
NameError: name 'wintypes' is not defined

[14:57:16] [CRITICAL] UNHANDLED GLOBAL EXCEPTION:
Traceback (most recent call last):
  File "D:\Somethings\ToolTest\gui.py", line 1651, in nativeEvent
    msg = wintypes.MSG.from_address(int(message))
          ^^^^^^^^
NameError: name 'wintypes' is not defined

[14:57:16] [CRITICAL] UNHANDLED GLOBAL EXCEPTION:
Traceback (most recent call last):
  File "D:\Somethings\ToolTest\gui.py", line 1651, in nativeEvent
    msg = wintypes.MSG.from_address(int(message))
          ^^^^^^^^
NameError: name 'wintypes' is not defined

[14:57:16] [CRITICAL] UNHANDLED GLOBAL EXCEPTION:
Traceback (most recent call last):
  File "D:\Somethings\ToolTest\gui.py", line 1651, in nativeEvent
    msg = wintypes.MSG.from_address(int(message))
          ^^^^^^^^
NameError: name 'wintypes' is not defined

[14:57:16] [CRITICAL] UNHANDLED GLOBAL EXCEPTION:
Traceback (most recent call last):
  File "D:\Somethings\ToolTest\gui.py", line 1651, in nativeEvent
    msg = wintypes.MSG.from_address(int(message))
          ^^^^^^^^
NameError: name 'wintypes' is not defined

[14:57:16] [CRITICAL] UNHANDLED GLOBAL EXCEPTION:
Traceback (most recent call last):
  File "D:\Somethings\ToolTest\gui.py", line 1651, in nativeEvent
    msg = wintypes.MSG.from_address(int(message))
          ^^^^^^^^
NameError: name 'wintypes' is not defined

[14:57:16] [CRITICAL] UNHANDLED GLOBAL EXCEPTION:
Traceback (most recent call last):
  File "D:\Somethings\ToolTest\gui.py", line 1651, in nativeEvent
    msg = wintypes.MSG.from_address(int(message))
          ^^^^^^^^
NameError: name 'wintypes' is not defined

[14:57:16] [CRITICAL] UNHANDLED GLOBAL EXCEPTION:
Traceback (most recent call last):
  File "D:\Somethings\ToolTest\gui.py", line 1651, in nativeEvent
    msg = wintypes.MSG.from_address(int(message))
          ^^^^^^^^
NameError: name 'wintypes' is not defined

[14:57:16] [CRITICAL] UNHANDLED GLOBAL EXCEPTION:
Traceback (most recent call last):
  File "D:\Somethings\ToolTest\gui.py", line 1651, in nativeEvent
    msg = wintypes.MSG.from_address(int(message))
          ^^^^^^^^
NameError: name 'wintypes' is not defined

[14:57:16] [CRITICAL] UNHANDLED GLOBAL EXCEPTION:
Traceback (most recent call last):
  File "D:\Somethings\ToolTest\gui.py", line 1651, in nativeEvent
    msg = wintypes.MSG.from_address(int(message))
          ^^^^^^^^
NameError: name 'wintypes' is not defined

[14:57:16] [CRITICAL] UNHANDLED GLOBAL EXCEPTION:
Traceback (most recent call last):
  File "D:\Somethings\ToolTest\gui.py", line 1651, in nativeEvent
    msg = wintypes.MSG.from_address(int(message))
          ^^^^^^^^
NameError: name 'wintypes' is not defined

[14:57:16] [CRITICAL] UNHANDLED GLOBAL EXCEPTION:
Traceback (most recent call last):
  File "D:\Somethings\ToolTest\gui.py", line 1651, in nativeEvent
    msg = wintypes.MSG.from_address(int(message))
          ^^^^^^^^
NameError: name 'wintypes' is not defined

[14:57:16] [CRITICAL] UNHANDLED GLOBAL EXCEPTION:
Traceback (most recent call last):
  File "D:\Somethings\ToolTest\gui.py", line 1651, in nativeEvent
    msg = wintypes.MSG.from_address(int(message))
          ^^^^^^^^
NameError: name 'wintypes' is not defined

[14:57:16] [CRITICAL] UNHANDLED GLOBAL EXCEPTION:
Traceback (most recent call last):
  File "D:\Somethings\ToolTest\gui.py", line 1651, in nativeEvent
    msg = wintypes.MSG.from_address(int(message))
          ^^^^^^^^
NameError: name 'wintypes' is not defined

[14:57:16] [CRITICAL] UNHANDLED GLOBAL EXCEPTION:
Traceback (most recent call last):
  File "D:\Somethings\ToolTest\gui.py", line 1651, in nativeEvent
    msg = wintypes.MSG.from_address(int(message))
          ^^^^^^^^
NameError: name 'wintypes' is not defined

[14:57:16] [CRITICAL] UNHANDLED GLOBAL EXCEPTION:
Traceback (most recent call last):
  File "D:\Somethings\ToolTest\gui.py", line 1651, in nativeEvent
    msg = wintypes.MSG.from_address(int(message))
          ^^^^^^^^
NameError: name 'wintypes' is not defined

[14:57:17] [CRITICAL] UNHANDLED GLOBAL EXCEPTION:
Traceback (most recent call last):
  File "D:\Somethings\ToolTest\gui.py", line 1651, in nativeEvent
    msg = wintypes.MSG.from_address(int(message))
          ^^^^^^^^
NameError: name 'wintypes' is not defined

[14:57:17] [CRITICAL] UNHANDLED GLOBAL EXCEPTION:
Traceback (most recent call last):
  File "D:\Somethings\ToolTest\gui.py", line 1651, in nativeEvent
    msg = wintypes.MSG.from_address(int(message))
          ^^^^^^^^
NameError: name 'wintypes' is not defined

[14:57:17] [CRITICAL] UNHANDLED GLOBAL EXCEPTION:
Traceback (most recent call last):
  File "D:\Somethings\ToolTest\gui.py", line 1651, in nativeEvent
    msg = wintypes.MSG.from_address(int(message))
          ^^^^^^^^
NameError: name 'wintypes' is not defined

[14:57:17] [CRITICAL] UNHANDLED GLOBAL EXCEPTION:
Traceback (most recent call last):
  File "D:\Somethings\ToolTest\gui.py", line 1651, in nativeEvent
    msg = wintypes.MSG.from_address(int(message))
          ^^^^^^^^
NameError: name 'wintypes' is not defined

[14:57:17] [CRITICAL] UNHANDLED GLOBAL EXCEPTION:
Traceback (most recent call last):
  File "D:\Somethings\ToolTest\gui.py", line 1651, in nativeEvent
    msg = wintypes.MSG.from_address(int(message))
          ^^^^^^^^
NameError: name 'wintypes' is not defined

[14:57:17] [CRITICAL] UNHANDLED GLOBAL EXCEPTION:
Traceback (most recent call last):
  File "D:\Somethings\ToolTest\gui.py", line 1651, in nativeEvent
    msg = wintypes.MSG.from_address(int(message))
          ^^^^^^^^
NameError: name 'wintypes' is not defined

[14:57:17] [CRITICAL] UNHANDLED GLOBAL EXCEPTION:
Traceback (most recent call last):
  File "D:\Somethings\ToolTest\gui.py", line 1651, in nativeEvent
    msg = wintypes.MSG.from_address(int(message))
          ^^^^^^^^
NameError: name 'wintypes' is not defined

[14:57:17] [CRITICAL] UNHANDLED GLOBAL EXCEPTION:
Traceback (most recent call last):
  File "D:\Somethings\ToolTest\gui.py", line 1651, in nativeEvent
    msg = wintypes.MSG.from_address(int(message))
          ^^^^^^^^
NameError: name 'wintypes' is not defined

[14:57:17] [CRITICAL] UNHANDLED GLOBAL EXCEPTION:
Traceback (most recent call last):
  File "D:\Somethings\ToolTest\gui.py", line 1651, in nativeEvent
    msg = wintypes.MSG.from_address(int(message))
          ^^^^^^^^
NameError: name 'wintypes' is not defined

[14:57:17] [CRITICAL] UNHANDLED GLOBAL EXCEPTION:
Traceback (most recent call last):
  File "D:\Somethings\ToolTest\gui.py", line 1651, in nativeEvent
    msg = wintypes.MSG.from_address(int(message))
          ^^^^^^^^
NameError: name 'wintypes' is not defined

[14:57:17] [CRITICAL] UNHANDLED GLOBAL EXCEPTION:
Traceback (most recent call last):
  File "D:\Somethings\ToolTest\gui.py", line 1651, in nativeEvent
    msg = wintypes.MSG.from_address(int(message))
          ^^^^^^^^
NameError: name 'wintypes' is not defined

[14:57:17] [CRITICAL] UNHANDLED GLOBAL EXCEPTION:
Traceback (most recent call last):
  File "D:\Somethings\ToolTest\gui.py", line 1651, in nativeEvent
    msg = wintypes.MSG.from_address(int(message))
          ^^^^^^^^
NameError: name 'wintypes' is not defined

[14:57:17] [CRITICAL] UNHANDLED GLOBAL EXCEPTION:
Traceback (most recent call last):
  File "D:\Somethings\ToolTest\gui.py", line 1651, in nativeEvent
    msg = wintypes.MSG.from_address(int(message))
          ^^^^^^^^
NameError: name 'wintypes' is not defined

[14:57:17] [CRITICAL] UNHANDLED GLOBAL EXCEPTION:
Traceback (most recent call last):
  File "D:\Somethings\ToolTest\gui.py", line 1651, in nativeEvent
    msg = wintypes.MSG.from_address(int(message))
          ^^^^^^^^
NameError: name 'wintypes' is not defined

[14:57:17] [CRITICAL] UNHANDLED GLOBAL EXCEPTION:
Traceback (most recent call last):
  File "D:\Somethings\ToolTest\gui.py", line 1651, in nativeEvent
    msg = wintypes.MSG.from_address(int(message))
          ^^^^^^^^
NameError: name 'wintypes' is not defined

[14:57:17] [CRITICAL] UNHANDLED GLOBAL EXCEPTION:
Traceback (most recent call last):
  File "D:\Somethings\ToolTest\gui.py", line 1651, in nativeEvent
    msg = wintypes.MSG.from_address(int(message))
          ^^^^^^^^
NameError: name 'wintypes' is not defined

[14:57:17] [CRITICAL] UNHANDLED GLOBAL EXCEPTION:
Traceback (most recent call last):
  File "D:\Somethings\ToolTest\gui.py", line 1651, in nativeEvent
    msg = wintypes.MSG.from_address(int(message))
          ^^^^^^^^
NameError: name 'wintypes' is not defined

[14:57:17] [CRITICAL] UNHANDLED GLOBAL EXCEPTION:
Traceback (most recent call last):
  File "D:\Somethings\ToolTest\gui.py", line 1651, in nativeEvent
    msg = wintypes.MSG.from_address(int(message))
          ^^^^^^^^
NameError: name 'wintypes' is not defined

[14:57:17] [CRITICAL] UNHANDLED GLOBAL EXCEPTION:
Traceback (most recent call last):
  File "D:\Somethings\ToolTest\gui.py", line 1651, in nativeEvent
    msg = wintypes.MSG.from_address(int(message))
          ^^^^^^^^
NameError: name 'wintypes' is not defined

[14:57:17] [CRITICAL] UNHANDLED GLOBAL EXCEPTION:
Traceback (most recent call last):
  File "D:\Somethings\ToolTest\gui.py", line 1651, in nativeEvent
    msg = wintypes.MSG.from_address(int(message))
          ^^^^^^^^
NameError: name 'wintypes' is not defined

[14:57:17] [CRITICAL] UNHANDLED GLOBAL EXCEPTION:
Traceback (most recent call last):
  File "D:\Somethings\ToolTest\gui.py", line 1651, in nativeEvent
    msg = wintypes.MSG.from_address(int(message))
          ^^^^^^^^
NameError: name 'wintypes' is not defined

[14:57:17] [CRITICAL] UNHANDLED GLOBAL EXCEPTION:
Traceback (most recent call last):
  File "D:\Somethings\ToolTest\gui.py", line 1651, in nativeEvent
    msg = wintypes.MSG.from_address(int(message))
          ^^^^^^^^
NameError: name 'wintypes' is not defined

[14:57:17] [CRITICAL] UNHANDLED GLOBAL EXCEPTION:
Traceback (most recent call last):
  File "D:\Somethings\ToolTest\gui.py", line 1651, in nativeEvent
    msg = wintypes.MSG.from_address(int(message))
          ^^^^^^^^
NameError: name 'wintypes' is not defined

[14:57:17] [CRITICAL] UNHANDLED GLOBAL EXCEPTION:
Traceback (most recent call last):
  File "D:\Somethings\ToolTest\gui.py", line 1651, in nativeEvent
    msg = wintypes.MSG.from_address(int(message))
          ^^^^^^^^
NameError: name 'wintypes' is not defined

[14:57:17] [CRITICAL] UNHANDLED GLOBAL EXCEPTION:
Traceback (most recent call last):
  File "D:\Somethings\ToolTest\gui.py", line 1651, in nativeEvent
    msg = wintypes.MSG.from_address(int(message))
          ^^^^^^^^
NameError: name 'wintypes' is not defined

[14:57:17] [CRITICAL] UNHANDLED GLOBAL EXCEPTION:
Traceback (most recent call last):
  File "D:\Somethings\ToolTest\gui.py", line 1651, in nativeEvent
    msg = wintypes.MSG.from_address(int(message))
          ^^^^^^^^
NameError: name 'wintypes' is not defined

[14:57:17] [CRITICAL] UNHANDLED GLOBAL EXCEPTION:
Traceback (most recent call last):
  File "D:\Somethings\ToolTest\gui.py", line 1651, in nativeEvent
    msg = wintypes.MSG.from_address(int(message))
          ^^^^^^^^
NameError: name 'wintypes' is not defined

[14:57:17] [CRITICAL] UNHANDLED GLOBAL EXCEPTION:
Traceback (most recent call last):
  File "D:\Somethings\ToolTest\gui.py", line 1651, in nativeEvent
    msg = wintypes.MSG.from_address(int(message))
          ^^^^^^^^
NameError: name 'wintypes' is not defined

[14:57:17] [CRITICAL] UNHANDLED GLOBAL EXCEPTION:
Traceback (most recent call last):
  File "D:\Somethings\ToolTest\gui.py", line 1651, in nativeEvent
    msg = wintypes.MSG.from_address(int(message))
          ^^^^^^^^
NameError: name 'wintypes' is not defined

[14:57:17] [CRITICAL] UNHANDLED GLOBAL EXCEPTION:
Traceback (most recent call last):
  File "D:\Somethings\ToolTest\gui.py", line 1651, in nativeEvent
    msg = wintypes.MSG.from_address(int(message))
          ^^^^^^^^
NameError: name 'wintypes' is not defined

[14:57:17] [CRITICAL] UNHANDLED GLOBAL EXCEPTION:
Traceback (most recent call last):
  File "D:\Somethings\ToolTest\gui.py", line 1651, in nativeEvent
    msg = wintypes.MSG.from_address(int(message))
          ^^^^^^^^
NameError: name 'wintypes' is not defined

[14:57:17] [CRITICAL] UNHANDLED GLOBAL EXCEPTION:
Traceback (most recent call last):
  File "D:\Somethings\ToolTest\gui.py", line 1651, in nativeEvent
    msg = wintypes.MSG.from_address(int(message))
          ^^^^^^^^
NameError: name 'wintypes' is not defined

[14:57:17] [CRITICAL] UNHANDLED GLOBAL EXCEPTION:
Traceback (most recent call last):
  File "D:\Somethings\ToolTest\gui.py", line 1651, in nativeEvent
    msg = wintypes.MSG.from_address(int(message))
          ^^^^^^^^
NameError: name 'wintypes' is not defined

[14:57:17] [CRITICAL] UNHANDLED GLOBAL EXCEPTION:
Traceback (most recent call last):
  File "D:\Somethings\ToolTest\gui.py", line 1651, in nativeEvent
    msg = wintypes.MSG.from_address(int(message))
          ^^^^^^^^
NameError: name 'wintypes' is not defined

[14:57:17] [CRITICAL] UNHANDLED GLOBAL EXCEPTION:
Traceback (most recent call last):
  File "D:\Somethings\ToolTest\gui.py", line 1651, in nativeEvent
    msg = wintypes.MSG.from_address(int(message))
          ^^^^^^^^
NameError: name 'wintypes' is not defined

[14:57:17] [CRITICAL] UNHANDLED GLOBAL EXCEPTION:
Traceback (most recent call last):
  File "D:\Somethings\ToolTest\gui.py", line 1651, in nativeEvent
    msg = wintypes.MSG.from_address(int(message))
          ^^^^^^^^
NameError: name 'wintypes' is not defined

[14:57:17] [CRITICAL] UNHANDLED GLOBAL EXCEPTION:
Traceback (most recent call last):
  File "D:\Somethings\ToolTest\gui.py", line 1651, in nativeEvent
    msg = wintypes.MSG.from_address(int(message))
          ^^^^^^^^
NameError: name 'wintypes' is not defined

[14:57:18] [CRITICAL] UNHANDLED GLOBAL EXCEPTION:
Traceback (most recent call last):
  File "D:\Somethings\ToolTest\gui.py", line 1651, in nativeEvent
    msg = wintypes.MSG.from_address(int(message))
          ^^^^^^^^
NameError: name 'wintypes' is not defined

[14:57:18] [CRITICAL] UNHANDLED GLOBAL EXCEPTION:
Traceback (most recent call last):
  File "D:\Somethings\ToolTest\gui.py", line 1651, in nativeEvent
    msg = wintypes.MSG.from_address(int(message))
          ^^^^^^^^
NameError: name 'wintypes' is not defined

[14:57:18] [CRITICAL] UNHANDLED GLOBAL EXCEPTION:
Traceback (most recent call last):
  File "D:\Somethings\ToolTest\gui.py", line 1651, in nativeEvent
    msg = wintypes.MSG.from_address(int(message))
          ^^^^^^^^
NameError: name 'wintypes' is not defined

[14:57:18] [CRITICAL] UNHANDLED GLOBAL EXCEPTION:
Traceback (most recent call last):
  File "D:\Somethings\ToolTest\gui.py", line 1651, in nativeEvent
    msg = wintypes.MSG.from_address(int(message))
          ^^^^^^^^
NameError: name 'wintypes' is not defined

[14:57:18] [CRITICAL] UNHANDLED GLOBAL EXCEPTION:
Traceback (most recent call last):
  File "D:\Somethings\ToolTest\gui.py", line 1651, in nativeEvent
    msg = wintypes.MSG.from_address(int(message))
          ^^^^^^^^
NameError: name 'wintypes' is not defined

[14:57:18] [CRITICAL] UNHANDLED GLOBAL EXCEPTION:
Traceback (most recent call last):
  File "D:\Somethings\ToolTest\gui.py", line 1651, in nativeEvent
    msg = wintypes.MSG.from_address(int(message))
          ^^^^^^^^
NameError: name 'wintypes' is not defined

[14:57:18] [CRITICAL] UNHANDLED GLOBAL EXCEPTION:
Traceback (most recent call last):
  File "D:\Somethings\ToolTest\gui.py", line 1651, in nativeEvent
    msg = wintypes.MSG.from_address(int(message))
          ^^^^^^^^
NameError: name 'wintypes' is not defined

[14:57:18] [CRITICAL] UNHANDLED GLOBAL EXCEPTION:
Traceback (most recent call last):
  File "D:\Somethings\ToolTest\gui.py", line 1651, in nativeEvent
    msg = wintypes.MSG.from_address(int(message))
          ^^^^^^^^
NameError: name 'wintypes' is not defined

[14:57:18] [CRITICAL] UNHANDLED GLOBAL EXCEPTION:
Traceback (most recent call last):
  File "D:\Somethings\ToolTest\gui.py", line 1651, in nativeEvent
    msg = wintypes.MSG.from_address(int(message))
          ^^^^^^^^
NameError: name 'wintypes' is not defined

[14:57:18] [CRITICAL] UNHANDLED GLOBAL EXCEPTION:
Traceback (most recent call last):
  File "D:\Somethings\ToolTest\gui.py", line 1651, in nativeEvent
    msg = wintypes.MSG.from_address(int(message))
          ^^^^^^^^
NameError: name 'wintypes' is not defined

[14:57:18] [CRITICAL] UNHANDLED GLOBAL EXCEPTION:
Traceback (most recent call last):
  File "D:\Somethings\ToolTest\gui.py", line 1651, in nativeEvent
    msg = wintypes.MSG.from_address(int(message))
          ^^^^^^^^
NameError: name 'wintypes' is not defined

[14:57:18] [CRITICAL] UNHANDLED GLOBAL EXCEPTION:
Traceback (most recent call last):
  File "D:\Somethings\ToolTest\gui.py", line 1651, in nativeEvent
    msg = wintypes.MSG.from_address(int(message))
          ^^^^^^^^
NameError: name 'wintypes' is not defined

[14:57:18] [CRITICAL] UNHANDLED GLOBAL EXCEPTION:
Traceback (most recent call last):
  File "D:\Somethings\ToolTest\gui.py", line 1651, in nativeEvent
    msg = wintypes.MSG.from_address(int(message))
          ^^^^^^^^
NameError: name 'wintypes' is not defined

[14:57:18] [CRITICAL] UNHANDLED GLOBAL EXCEPTION:
Traceback (most recent call last):
  File "D:\Somethings\ToolTest\gui.py", line 1651, in nativeEvent
    msg = wintypes.MSG.from_address(int(message))
          ^^^^^^^^
NameError: name 'wintypes' is not defined

[14:57:18] [CRITICAL] UNHANDLED GLOBAL EXCEPTION:
Traceback (most recent call last):
  File "D:\Somethings\ToolTest\gui.py", line 1651, in nativeEvent
    msg = wintypes.MSG.from_address(int(message))
          ^^^^^^^^
NameError: name 'wintypes' is not defined

[14:57:18] [CRITICAL] UNHANDLED GLOBAL EXCEPTION:
Traceback (most recent call last):
  File "D:\Somethings\ToolTest\gui.py", line 1651, in nativeEvent
    msg = wintypes.MSG.from_address(int(message))
          ^^^^^^^^
NameError: name 'wintypes' is not defined

[14:57:18] [CRITICAL] UNHANDLED GLOBAL EXCEPTION:
Traceback (most recent call last):
  File "D:\Somethings\ToolTest\gui.py", line 1651, in nativeEvent
    msg = wintypes.MSG.from_address(int(message))
          ^^^^^^^^
NameError: name 'wintypes' is not defined

[14:57:18] [CRITICAL] UNHANDLED GLOBAL EXCEPTION:
Traceback (most recent call last):
  File "D:\Somethings\ToolTest\gui.py", line 1651, in nativeEvent
    msg = wintypes.MSG.from_address(int(message))
          ^^^^^^^^
NameError: name 'wintypes' is not defined

[14:57:18] [CRITICAL] UNHANDLED GLOBAL EXCEPTION:
Traceback (most recent call last):
  File "D:\Somethings\ToolTest\gui.py", line 1651, in nativeEvent
    msg = wintypes.MSG.from_address(int(message))
          ^^^^^^^^
NameError: name 'wintypes' is not defined

[14:57:18] [CRITICAL] UNHANDLED GLOBAL EXCEPTION:
Traceback (most recent call last):
  File "D:\Somethings\ToolTest\gui.py", line 1651, in nativeEvent
    msg = wintypes.MSG.from_address(int(message))
          ^^^^^^^^
NameError: name 'wintypes' is not defined

[14:57:18] [CRITICAL] UNHANDLED GLOBAL EXCEPTION:
Traceback (most recent call last):
  File "D:\Somethings\ToolTest\gui.py", line 1651, in nativeEvent
    msg = wintypes.MSG.from_address(int(message))
          ^^^^^^^^
NameError: name 'wintypes' is not defined

[14:57:18] [CRITICAL] UNHANDLED GLOBAL EXCEPTION:
Traceback (most recent call last):
  File "D:\Somethings\ToolTest\gui.py", line 1651, in nativeEvent
    msg = wintypes.MSG.from_address(int(message))
          ^^^^^^^^
NameError: name 'wintypes' is not defined

[14:57:18] [CRITICAL] UNHANDLED GLOBAL EXCEPTION:
Traceback (most recent call last):
  File "D:\Somethings\ToolTest\gui.py", line 1651, in nativeEvent
    msg = wintypes.MSG.from_address(int(message))
          ^^^^^^^^
NameError: name 'wintypes' is not defined

[14:57:19] [CRITICAL] UNHANDLED GLOBAL EXCEPTION:
Traceback (most recent call last):
  File "D:\Somethings\ToolTest\gui.py", line 1651, in nativeEvent
    msg = wintypes.MSG.from_address(int(message))
          ^^^^^^^^
NameError: name 'wintypes' is not defined

[14:57:19] [CRITICAL] UNHANDLED GLOBAL EXCEPTION:
Traceback (most recent call last):
  File "D:\Somethings\ToolTest\gui.py", line 1651, in nativeEvent
    msg = wintypes.MSG.from_address(int(message))
          ^^^^^^^^
NameError: name 'wintypes' is not defined

[14:57:20] [CRITICAL] UNHANDLED GLOBAL EXCEPTION:
Traceback (most recent call last):
  File "D:\Somethings\ToolTest\gui.py", line 1651, in nativeEvent
    msg = wintypes.MSG.from_address(int(message))
          ^^^^^^^^
NameError: name 'wintypes' is not defined

[14:57:20] [CRITICAL] UNHANDLED GLOBAL EXCEPTION:
Traceback (most recent call last):
  File "D:\Somethings\ToolTest\gui.py", line 1651, in nativeEvent
    msg = wintypes.MSG.from_address(int(message))
          ^^^^^^^^
NameError: name 'wintypes' is not defined

[14:57:20] [CRITICAL] UNHANDLED GLOBAL EXCEPTION:
Traceback (most recent call last):
  File "D:\Somethings\ToolTest\gui.py", line 1651, in nativeEvent
    msg = wintypes.MSG.from_address(int(message))
          ^^^^^^^^
NameError: name 'wintypes' is not defined

[14:57:20] [CRITICAL] UNHANDLED GLOBAL EXCEPTION:
Traceback (most recent call last):
  File "D:\Somethings\ToolTest\gui.py", line 1651, in nativeEvent
    msg = wintypes.MSG.from_address(int(message))
          ^^^^^^^^
NameError: name 'wintypes' is not defined

[14:57:20] [CRITICAL] UNHANDLED GLOBAL EXCEPTION:
Traceback (most recent call last):
  File "D:\Somethings\ToolTest\gui.py", line 1651, in nativeEvent
    msg = wintypes.MSG.from_address(int(message))
          ^^^^^^^^
NameError: name 'wintypes' is not defined

[14:57:20] [CRITICAL] UNHANDLED GLOBAL EXCEPTION:
Traceback (most recent call last):
  File "D:\Somethings\ToolTest\gui.py", line 1651, in nativeEvent
    msg = wintypes.MSG.from_address(int(message))
          ^^^^^^^^
NameError: name 'wintypes' is not defined

[14:57:20] [CRITICAL] UNHANDLED GLOBAL EXCEPTION:
Traceback (most recent call last):
  File "D:\Somethings\ToolTest\gui.py", line 1651, in nativeEvent
    msg = wintypes.MSG.from_address(int(message))
          ^^^^^^^^
NameError: name 'wintypes' is not defined

[14:57:20] [CRITICAL] UNHANDLED GLOBAL EXCEPTION:
Traceback (most recent call last):
  File "D:\Somethings\ToolTest\gui.py", line 1651, in nativeEvent
    msg = wintypes.MSG.from_address(int(message))
          ^^^^^^^^
NameError: name 'wintypes' is not defined

[14:57:20] [CRITICAL] UNHANDLED GLOBAL EXCEPTION:
Traceback (most recent call last):
  File "D:\Somethings\ToolTest\gui.py", line 1651, in nativeEvent
    msg = wintypes.MSG.from_address(int(message))
          ^^^^^^^^
NameError: name 'wintypes' is not defined

[14:57:20] [CRITICAL] UNHANDLED GLOBAL EXCEPTION:
Traceback (most recent call last):
  File "D:\Somethings\ToolTest\gui.py", line 1651, in nativeEvent
    msg = wintypes.MSG.from_address(int(message))
          ^^^^^^^^
NameError: name 'wintypes' is not defined

[14:57:20] [CRITICAL] UNHANDLED GLOBAL EXCEPTION:
Traceback (most recent call last):
  File "D:\Somethings\ToolTest\gui.py", line 1651, in nativeEvent
    msg = wintypes.MSG.from_address(int(message))
          ^^^^^^^^
NameError: name 'wintypes' is not defined

[14:57:20] [CRITICAL] UNHANDLED GLOBAL EXCEPTION:
Traceback (most recent call last):
  File "D:\Somethings\ToolTest\gui.py", line 1651, in nativeEvent
    msg = wintypes.MSG.from_address(int(message))
          ^^^^^^^^
NameError: name 'wintypes' is not defined

[14:57:20] [CRITICAL] UNHANDLED GLOBAL EXCEPTION:
Traceback (most recent call last):
  File "D:\Somethings\ToolTest\gui.py", line 1651, in nativeEvent
    msg = wintypes.MSG.from_address(int(message))
          ^^^^^^^^
NameError: name 'wintypes' is not defined

[14:57:20] [CRITICAL] UNHANDLED GLOBAL EXCEPTION:
Traceback (most recent call last):
  File "D:\Somethings\ToolTest\gui.py", line 1651, in nativeEvent
    msg = wintypes.MSG.from_address(int(message))
          ^^^^^^^^
NameError: name 'wintypes' is not defined

[14:57:20] [CRITICAL] UNHANDLED GLOBAL EXCEPTION:
Traceback (most recent call last):
  File "D:\Somethings\ToolTest\gui.py", line 1651, in nativeEvent
    msg = wintypes.MSG.from_address(int(message))
          ^^^^^^^^
NameError: name 'wintypes' is not defined

[14:57:20] [CRITICAL] UNHANDLED GLOBAL EXCEPTION:
Traceback (most recent call last):
  File "D:\Somethings\ToolTest\gui.py", line 1651, in nativeEvent
    msg = wintypes.MSG.from_address(int(message))
          ^^^^^^^^
NameError: name 'wintypes' is not defined

[14:57:21] [CRITICAL] UNHANDLED GLOBAL EXCEPTION:
Traceback (most recent call last):
  File "D:\Somethings\ToolTest\gui.py", line 1651, in nativeEvent
    msg = wintypes.MSG.from_address(int(message))
          ^^^^^^^^
NameError: name 'wintypes' is not defined

[14:57:21] [CRITICAL] UNHANDLED GLOBAL EXCEPTION:
Traceback (most recent call last):
  File "D:\Somethings\ToolTest\gui.py", line 1651, in nativeEvent
    msg = wintypes.MSG.from_address(int(message))
          ^^^^^^^^
NameError: name 'wintypes' is not defined

[14:57:21] [CRITICAL] UNHANDLED GLOBAL EXCEPTION:
Traceback (most recent call last):
  File "D:\Somethings\ToolTest\gui.py", line 1651, in nativeEvent
    msg = wintypes.MSG.from_address(int(message))
          ^^^^^^^^
NameError: name 'wintypes' is not defined

[14:57:21] [CRITICAL] UNHANDLED GLOBAL EXCEPTION:
Traceback (most recent call last):
  File "D:\Somethings\ToolTest\gui.py", line 1651, in nativeEvent
    msg = wintypes.MSG.from_address(int(message))
          ^^^^^^^^
NameError: name 'wintypes' is not defined

[14:57:21] [CRITICAL] UNHANDLED GLOBAL EXCEPTION:
Traceback (most recent call last):
  File "D:\Somethings\ToolTest\gui.py", line 1651, in nativeEvent
    msg = wintypes.MSG.from_address(int(message))
          ^^^^^^^^
NameError: name 'wintypes' is not defined

[14:57:21] [CRITICAL] UNHANDLED GLOBAL EXCEPTION:
Traceback (most recent call last):
  File "D:\Somethings\ToolTest\gui.py", line 1651, in nativeEvent
    msg = wintypes.MSG.from_address(int(message))
          ^^^^^^^^
NameError: name 'wintypes' is not defined

[14:57:21] [CRITICAL] UNHANDLED GLOBAL EXCEPTION:
Traceback (most recent call last):
  File "D:\Somethings\ToolTest\gui.py", line 1651, in nativeEvent
    msg = wintypes.MSG.from_address(int(message))
          ^^^^^^^^
NameError: name 'wintypes' is not defined

[14:57:21] [CRITICAL] UNHANDLED GLOBAL EXCEPTION:
Traceback (most recent call last):
  File "D:\Somethings\ToolTest\gui.py", line 1651, in nativeEvent
    msg = wintypes.MSG.from_address(int(message))
          ^^^^^^^^
NameError: name 'wintypes' is not defined

[14:57:21] [CRITICAL] UNHANDLED GLOBAL EXCEPTION:
Traceback (most recent call last):
  File "D:\Somethings\ToolTest\gui.py", line 1651, in nativeEvent
    msg = wintypes.MSG.from_address(int(message))
          ^^^^^^^^
NameError: name 'wintypes' is not defined

[14:57:21] [CRITICAL] UNHANDLED GLOBAL EXCEPTION:
Traceback (most recent call last):
  File "D:\Somethings\ToolTest\gui.py", line 1651, in nativeEvent
    msg = wintypes.MSG.from_address(int(message))
          ^^^^^^^^
NameError: name 'wintypes' is not defined

[14:57:21] [CRITICAL] UNHANDLED GLOBAL EXCEPTION:
Traceback (most recent call last):
  File "D:\Somethings\ToolTest\gui.py", line 1651, in nativeEvent
    msg = wintypes.MSG.from_address(int(message))
          ^^^^^^^^
NameError: name 'wintypes' is not defined

[14:57:21] [CRITICAL] UNHANDLED GLOBAL EXCEPTION:
Traceback (most recent call last):
  File "D:\Somethings\ToolTest\gui.py", line 1651, in nativeEvent
    msg = wintypes.MSG.from_address(int(message))
          ^^^^^^^^
NameError: name 'wintypes' is not defined

[14:57:21] [CRITICAL] UNHANDLED GLOBAL EXCEPTION:
Traceback (most recent call last):
  File "D:\Somethings\ToolTest\gui.py", line 1651, in nativeEvent
    msg = wintypes.MSG.from_address(int(message))
          ^^^^^^^^
NameError: name 'wintypes' is not defined

[14:57:21] [CRITICAL] UNHANDLED GLOBAL EXCEPTION:
Traceback (most recent call last):
  File "D:\Somethings\ToolTest\gui.py", line 1651, in nativeEvent
    msg = wintypes.MSG.from_address(int(message))
          ^^^^^^^^
NameError: name 'wintypes' is not defined

[14:57:21] [CRITICAL] UNHANDLED GLOBAL EXCEPTION:
Traceback (most recent call last):
  File "D:\Somethings\ToolTest\gui.py", line 1651, in nativeEvent
    msg = wintypes.MSG.from_address(int(message))
          ^^^^^^^^
NameError: name 'wintypes' is not defined

[14:57:21] [CRITICAL] UNHANDLED GLOBAL EXCEPTION:
Traceback (most recent call last):
  File "D:\Somethings\ToolTest\gui.py", line 1651, in nativeEvent
    msg = wintypes.MSG.from_address(int(message))
          ^^^^^^^^
NameError: name 'wintypes' is not defined

[14:57:21] [CRITICAL] UNHANDLED GLOBAL EXCEPTION:
Traceback (most recent call last):
  File "D:\Somethings\ToolTest\gui.py", line 1651, in nativeEvent
    msg = wintypes.MSG.from_address(int(message))
          ^^^^^^^^
NameError: name 'wintypes' is not defined

[14:57:21] [CRITICAL] UNHANDLED GLOBAL EXCEPTION:
Traceback (most recent call last):
  File "D:\Somethings\ToolTest\gui.py", line 1651, in nativeEvent
    msg = wintypes.MSG.from_address(int(message))
          ^^^^^^^^
NameError: name 'wintypes' is not defined

[14:57:21] [CRITICAL] UNHANDLED GLOBAL EXCEPTION:
Traceback (most recent call last):
  File "D:\Somethings\ToolTest\gui.py", line 1651, in nativeEvent
    msg = wintypes.MSG.from_address(int(message))
          ^^^^^^^^
NameError: name 'wintypes' is not defined

[14:57:21] [CRITICAL] UNHANDLED GLOBAL EXCEPTION:
Traceback (most recent call last):
  File "D:\Somethings\ToolTest\gui.py", line 1651, in nativeEvent
    msg = wintypes.MSG.from_address(int(message))
          ^^^^^^^^
NameError: name 'wintypes' is not defined

[14:57:21] [CRITICAL] UNHANDLED GLOBAL EXCEPTION:
Traceback (most recent call last):
  File "D:\Somethings\ToolTest\gui.py", line 1651, in nativeEvent
    msg = wintypes.MSG.from_address(int(message))
          ^^^^^^^^
NameError: name 'wintypes' is not defined

[14:57:21] [CRITICAL] UNHANDLED GLOBAL EXCEPTION:
Traceback (most recent call last):
  File "D:\Somethings\ToolTest\gui.py", line 1651, in nativeEvent
    msg = wintypes.MSG.from_address(int(message))
          ^^^^^^^^
NameError: name 'wintypes' is not defined

[14:57:21] [CRITICAL] UNHANDLED GLOBAL EXCEPTION:
Traceback (most recent call last):
  File "D:\Somethings\ToolTest\gui.py", line 1651, in nativeEvent
    msg = wintypes.MSG.from_address(int(message))
          ^^^^^^^^
NameError: name 'wintypes' is not defined

[14:57:21] [CRITICAL] UNHANDLED GLOBAL EXCEPTION:
Traceback (most recent call last):
  File "D:\Somethings\ToolTest\gui.py", line 1651, in nativeEvent
    msg = wintypes.MSG.from_address(int(message))
          ^^^^^^^^
NameError: name 'wintypes' is not defined

[14:57:21] [CRITICAL] UNHANDLED GLOBAL EXCEPTION:
Traceback (most recent call last):
  File "D:\Somethings\ToolTest\gui.py", line 1651, in nativeEvent
    msg = wintypes.MSG.from_address(int(message))
          ^^^^^^^^
NameError: name 'wintypes' is not defined

[14:57:21] [CRITICAL] UNHANDLED GLOBAL EXCEPTION:
Traceback (most recent call last):
  File "D:\Somethings\ToolTest\gui.py", line 1651, in nativeEvent
    msg = wintypes.MSG.from_address(int(message))
          ^^^^^^^^
NameError: name 'wintypes' is not defined

[14:57:21] [CRITICAL] UNHANDLED GLOBAL EXCEPTION:
Traceback (most recent call last):
  File "D:\Somethings\ToolTest\gui.py", line 1651, in nativeEvent
    msg = wintypes.MSG.from_address(int(message))
          ^^^^^^^^
NameError: name 'wintypes' is not defined

[14:57:21] [CRITICAL] UNHANDLED GLOBAL EXCEPTION:
Traceback (most recent call last):
  File "D:\Somethings\ToolTest\gui.py", line 1651, in nativeEvent
    msg = wintypes.MSG.from_address(int(message))
          ^^^^^^^^
NameError: name 'wintypes' is not defined

[14:57:21] [CRITICAL] UNHANDLED GLOBAL EXCEPTION:
Traceback (most recent call last):
  File "D:\Somethings\ToolTest\gui.py", line 1651, in nativeEvent
    msg = wintypes.MSG.from_address(int(message))
          ^^^^^^^^
NameError: name 'wintypes' is not defined

[14:57:21] [CRITICAL] UNHANDLED GLOBAL EXCEPTION:
Traceback (most recent call last):
  File "D:\Somethings\ToolTest\gui.py", line 1651, in nativeEvent
    msg = wintypes.MSG.from_address(int(message))
          ^^^^^^^^
NameError: name 'wintypes' is not defined

[14:57:21] [CRITICAL] UNHANDLED GLOBAL EXCEPTION:
Traceback (most recent call last):
  File "D:\Somethings\ToolTest\gui.py", line 1651, in nativeEvent
    msg = wintypes.MSG.from_address(int(message))
          ^^^^^^^^
NameError: name 'wintypes' is not defined

[14:57:21] [CRITICAL] UNHANDLED GLOBAL EXCEPTION:
Traceback (most recent call last):
  File "D:\Somethings\ToolTest\gui.py", line 1651, in nativeEvent
    msg = wintypes.MSG.from_address(int(message))
          ^^^^^^^^
NameError: name 'wintypes' is not defined

[14:57:21] [CRITICAL] UNHANDLED GLOBAL EXCEPTION:
Traceback (most recent call last):
  File "D:\Somethings\ToolTest\gui.py", line 1651, in nativeEvent
    msg = wintypes.MSG.from_address(int(message))
          ^^^^^^^^
NameError: name 'wintypes' is not defined

[14:57:21] [CRITICAL] UNHANDLED GLOBAL EXCEPTION:
Traceback (most recent call last):
  File "D:\Somethings\ToolTest\gui.py", line 1651, in nativeEvent
    msg = wintypes.MSG.from_address(int(message))
          ^^^^^^^^
NameError: name 'wintypes' is not defined

[14:57:21] [CRITICAL] UNHANDLED GLOBAL EXCEPTION:
Traceback (most recent call last):
  File "D:\Somethings\ToolTest\gui.py", line 1651, in nativeEvent
    msg = wintypes.MSG.from_address(int(message))
          ^^^^^^^^
NameError: name 'wintypes' is not defined

[14:57:21] [CRITICAL] UNHANDLED GLOBAL EXCEPTION:
Traceback (most recent call last):
  File "D:\Somethings\ToolTest\gui.py", line 1651, in nativeEvent
    msg = wintypes.MSG.from_address(int(message))
          ^^^^^^^^
NameError: name 'wintypes' is not defined

[14:57:21] [CRITICAL] UNHANDLED GLOBAL EXCEPTION:
Traceback (most recent call last):
  File "D:\Somethings\ToolTest\gui.py", line 1651, in nativeEvent
    msg = wintypes.MSG.from_address(int(message))
          ^^^^^^^^
NameError: name 'wintypes' is not defined

[14:57:21] [CRITICAL] UNHANDLED GLOBAL EXCEPTION:
Traceback (most recent call last):
  File "D:\Somethings\ToolTest\gui.py", line 1651, in nativeEvent
    msg = wintypes.MSG.from_address(int(message))
          ^^^^^^^^
NameError: name 'wintypes' is not defined

[14:57:21] [CRITICAL] UNHANDLED GLOBAL EXCEPTION:
Traceback (most recent call last):
  File "D:\Somethings\ToolTest\gui.py", line 1651, in nativeEvent
    msg = wintypes.MSG.from_address(int(message))
          ^^^^^^^^
NameError: name 'wintypes' is not defined

[14:57:21] [CRITICAL] UNHANDLED GLOBAL EXCEPTION:
Traceback (most recent call last):
  File "D:\Somethings\ToolTest\gui.py", line 1651, in nativeEvent
    msg = wintypes.MSG.from_address(int(message))
          ^^^^^^^^
NameError: name 'wintypes' is not defined

[14:57:21] [CRITICAL] UNHANDLED GLOBAL EXCEPTION:
Traceback (most recent call last):
  File "D:\Somethings\ToolTest\gui.py", line 1651, in nativeEvent
    msg = wintypes.MSG.from_address(int(message))
          ^^^^^^^^
NameError: name 'wintypes' is not defined

[14:57:21] [CRITICAL] UNHANDLED GLOBAL EXCEPTION:
Traceback (most recent call last):
  File "D:\Somethings\ToolTest\gui.py", line 1651, in nativeEvent
    msg = wintypes.MSG.from_address(int(message))
          ^^^^^^^^
NameError: name 'wintypes' is not defined

[14:57:21] [CRITICAL] UNHANDLED GLOBAL EXCEPTION:
Traceback (most recent call last):
  File "D:\Somethings\ToolTest\gui.py", line 1651, in nativeEvent
    msg = wintypes.MSG.from_address(int(message))
          ^^^^^^^^
NameError: name 'wintypes' is not defined

[14:57:21] [CRITICAL] UNHANDLED GLOBAL EXCEPTION:
Traceback (most recent call last):
  File "D:\Somethings\ToolTest\gui.py", line 1651, in nativeEvent
    msg = wintypes.MSG.from_address(int(message))
          ^^^^^^^^
NameError: name 'wintypes' is not defined

[14:57:21] [CRITICAL] UNHANDLED GLOBAL EXCEPTION:
Traceback (most recent call last):
  File "D:\Somethings\ToolTest\gui.py", line 1651, in nativeEvent
    msg = wintypes.MSG.from_address(int(message))
          ^^^^^^^^
NameError: name 'wintypes' is not defined

[14:57:21] [CRITICAL] UNHANDLED GLOBAL EXCEPTION:
Traceback (most recent call last):
  File "D:\Somethings\ToolTest\gui.py", line 1651, in nativeEvent
    msg = wintypes.MSG.from_address(int(message))
          ^^^^^^^^
NameError: name 'wintypes' is not defined

[14:57:21] [CRITICAL] UNHANDLED GLOBAL EXCEPTION:
Traceback (most recent call last):
  File "D:\Somethings\ToolTest\gui.py", line 1651, in nativeEvent
    msg = wintypes.MSG.from_address(int(message))
          ^^^^^^^^
NameError: name 'wintypes' is not defined

[14:57:21] [CRITICAL] UNHANDLED GLOBAL EXCEPTION:
Traceback (most recent call last):
  File "D:\Somethings\ToolTest\gui.py", line 1651, in nativeEvent
    msg = wintypes.MSG.from_address(int(message))
          ^^^^^^^^
NameError: name 'wintypes' is not defined

[14:57:21] [CRITICAL] UNHANDLED GLOBAL EXCEPTION:
Traceback (most recent call last):
  File "D:\Somethings\ToolTest\gui.py", line 1651, in nativeEvent
    msg = wintypes.MSG.from_address(int(message))
          ^^^^^^^^
NameError: name 'wintypes' is not defined

[14:57:21] [CRITICAL] UNHANDLED GLOBAL EXCEPTION:
Traceback (most recent call last):
  File "D:\Somethings\ToolTest\gui.py", line 1651, in nativeEvent
    msg = wintypes.MSG.from_address(int(message))
          ^^^^^^^^
NameError: name 'wintypes' is not defined

[14:57:21] [CRITICAL] UNHANDLED GLOBAL EXCEPTION:
Traceback (most recent call last):
  File "D:\Somethings\ToolTest\gui.py", line 1651, in nativeEvent
    msg = wintypes.MSG.from_address(int(message))
          ^^^^^^^^
NameError: name 'wintypes' is not defined

[14:57:21] [CRITICAL] UNHANDLED GLOBAL EXCEPTION:
Traceback (most recent call last):
  File "D:\Somethings\ToolTest\gui.py", line 1651, in nativeEvent
    msg = wintypes.MSG.from_address(int(message))
          ^^^^^^^^
NameError: name 'wintypes' is not defined

[14:57:21] [CRITICAL] UNHANDLED GLOBAL EXCEPTION:
Traceback (most recent call last):
  File "D:\Somethings\ToolTest\gui.py", line 1651, in nativeEvent
    msg = wintypes.MSG.from_address(int(message))
          ^^^^^^^^
NameError: name 'wintypes' is not defined

[14:57:21] [CRITICAL] UNHANDLED GLOBAL EXCEPTION:
Traceback (most recent call last):
  File "D:\Somethings\ToolTest\gui.py", line 1651, in nativeEvent
    msg = wintypes.MSG.from_address(int(message))
          ^^^^^^^^
NameError: name 'wintypes' is not defined

[14:57:21] [CRITICAL] UNHANDLED GLOBAL EXCEPTION:
Traceback (most recent call last):
  File "D:\Somethings\ToolTest\gui.py", line 1651, in nativeEvent
    msg = wintypes.MSG.from_address(int(message))
          ^^^^^^^^
NameError: name 'wintypes' is not defined

[14:57:21] [CRITICAL] UNHANDLED GLOBAL EXCEPTION:
Traceback (most recent call last):
  File "D:\Somethings\ToolTest\gui.py", line 1651, in nativeEvent
    msg = wintypes.MSG.from_address(int(message))
          ^^^^^^^^
NameError: name 'wintypes' is not defined

[14:57:21] [CRITICAL] UNHANDLED GLOBAL EXCEPTION:
Traceback (most recent call last):
  File "D:\Somethings\ToolTest\gui.py", line 1651, in nativeEvent
    msg = wintypes.MSG.from_address(int(message))
          ^^^^^^^^
NameError: name 'wintypes' is not defined

[14:57:21] [CRITICAL] UNHANDLED GLOBAL EXCEPTION:
Traceback (most recent call last):
  File "D:\Somethings\ToolTest\gui.py", line 1651, in nativeEvent
    msg = wintypes.MSG.from_address(int(message))
          ^^^^^^^^
NameError: name 'wintypes' is not defined

[14:57:21] [CRITICAL] UNHANDLED GLOBAL EXCEPTION:
Traceback (most recent call last):
  File "D:\Somethings\ToolTest\gui.py", line 1651, in nativeEvent
    msg = wintypes.MSG.from_address(int(message))
          ^^^^^^^^
NameError: name 'wintypes' is not defined

[14:57:21] [CRITICAL] UNHANDLED GLOBAL EXCEPTION:
Traceback (most recent call last):
  File "D:\Somethings\ToolTest\gui.py", line 1651, in nativeEvent
    msg = wintypes.MSG.from_address(int(message))
          ^^^^^^^^
NameError: name 'wintypes' is not defined

[14:57:21] [CRITICAL] UNHANDLED GLOBAL EXCEPTION:
Traceback (most recent call last):
  File "D:\Somethings\ToolTest\gui.py", line 1651, in nativeEvent
    msg = wintypes.MSG.from_address(int(message))
          ^^^^^^^^
NameError: name 'wintypes' is not defined

[14:57:21] [CRITICAL] UNHANDLED GLOBAL EXCEPTION:
Traceback (most recent call last):
  File "D:\Somethings\ToolTest\gui.py", line 1651, in nativeEvent
    msg = wintypes.MSG.from_address(int(message))
          ^^^^^^^^
NameError: name 'wintypes' is not defined

[14:57:21] [CRITICAL] UNHANDLED GLOBAL EXCEPTION:
Traceback (most recent call last):
  File "D:\Somethings\ToolTest\gui.py", line 1651, in nativeEvent
    msg = wintypes.MSG.from_address(int(message))
          ^^^^^^^^
NameError: name 'wintypes' is not defined

[14:57:21] [CRITICAL] UNHANDLED GLOBAL EXCEPTION:
Traceback (most recent call last):
  File "D:\Somethings\ToolTest\gui.py", line 1651, in nativeEvent
    msg = wintypes.MSG.from_address(int(message))
          ^^^^^^^^
NameError: name 'wintypes' is not defined

[14:57:21] [CRITICAL] UNHANDLED GLOBAL EXCEPTION:
Traceback (most recent call last):
  File "D:\Somethings\ToolTest\gui.py", line 1651, in nativeEvent
    msg = wintypes.MSG.from_address(int(message))
          ^^^^^^^^
NameError: name 'wintypes' is not defined

[14:57:21] [CRITICAL] UNHANDLED GLOBAL EXCEPTION:
Traceback (most recent call last):
  File "D:\Somethings\ToolTest\gui.py", line 1651, in nativeEvent
    msg = wintypes.MSG.from_address(int(message))
          ^^^^^^^^
NameError: name 'wintypes' is not defined

[14:57:21] [CRITICAL] UNHANDLED GLOBAL EXCEPTION:
Traceback (most recent call last):
  File "D:\Somethings\ToolTest\gui.py", line 1651, in nativeEvent
    msg = wintypes.MSG.from_address(int(message))
          ^^^^^^^^
NameError: name 'wintypes' is not defined

[14:57:21] [CRITICAL] UNHANDLED GLOBAL EXCEPTION:
Traceback (most recent call last):
  File "D:\Somethings\ToolTest\gui.py", line 1651, in nativeEvent
    msg = wintypes.MSG.from_address(int(message))
          ^^^^^^^^
NameError: name 'wintypes' is not defined

[14:57:21] [CRITICAL] UNHANDLED GLOBAL EXCEPTION:
Traceback (most recent call last):
  File "D:\Somethings\ToolTest\gui.py", line 1651, in nativeEvent
    msg = wintypes.MSG.from_address(int(message))
          ^^^^^^^^
NameError: name 'wintypes' is not defined

[14:57:21] [CRITICAL] UNHANDLED GLOBAL EXCEPTION:
Traceback (most recent call last):
  File "D:\Somethings\ToolTest\gui.py", line 1651, in nativeEvent
    msg = wintypes.MSG.from_address(int(message))
          ^^^^^^^^
NameError: name 'wintypes' is not defined

[14:57:21] [CRITICAL] UNHANDLED GLOBAL EXCEPTION:
Traceback (most recent call last):
  File "D:\Somethings\ToolTest\gui.py", line 1651, in nativeEvent
    msg = wintypes.MSG.from_address(int(message))
          ^^^^^^^^
NameError: name 'wintypes' is not defined

[14:57:21] [CRITICAL] UNHANDLED GLOBAL EXCEPTION:
Traceback (most recent call last):
  File "D:\Somethings\ToolTest\gui.py", line 1651, in nativeEvent
    msg = wintypes.MSG.from_address(int(message))
          ^^^^^^^^
NameError: name 'wintypes' is not defined

[14:57:21] [CRITICAL] UNHANDLED GLOBAL EXCEPTION:
Traceback (most recent call last):
  File "D:\Somethings\ToolTest\gui.py", line 1651, in nativeEvent
    msg = wintypes.MSG.from_address(int(message))
          ^^^^^^^^
NameError: name 'wintypes' is not defined

[14:57:21] [CRITICAL] UNHANDLED GLOBAL EXCEPTION:
Traceback (most recent call last):
  File "D:\Somethings\ToolTest\gui.py", line 1651, in nativeEvent
    msg = wintypes.MSG.from_address(int(message))
          ^^^^^^^^
NameError: name 'wintypes' is not defined

[14:57:21] [CRITICAL] UNHANDLED GLOBAL EXCEPTION:
Traceback (most recent call last):
  File "D:\Somethings\ToolTest\gui.py", line 1651, in nativeEvent
    msg = wintypes.MSG.from_address(int(message))
          ^^^^^^^^
NameError: name 'wintypes' is not defined

[14:57:21] [CRITICAL] UNHANDLED GLOBAL EXCEPTION:
Traceback (most recent call last):
  File "D:\Somethings\ToolTest\gui.py", line 1651, in nativeEvent
    msg = wintypes.MSG.from_address(int(message))
          ^^^^^^^^
NameError: name 'wintypes' is not defined

[14:57:21] [CRITICAL] UNHANDLED GLOBAL EXCEPTION:
Traceback (most recent call last):
  File "D:\Somethings\ToolTest\gui.py", line 1651, in nativeEvent
    msg = wintypes.MSG.from_address(int(message))
          ^^^^^^^^
NameError: name 'wintypes' is not defined

[14:57:21] [CRITICAL] UNHANDLED GLOBAL EXCEPTION:
Traceback (most recent call last):
  File "D:\Somethings\ToolTest\gui.py", line 1651, in nativeEvent
    msg = wintypes.MSG.from_address(int(message))
          ^^^^^^^^
NameError: name 'wintypes' is not defined

[14:57:21] [CRITICAL] UNHANDLED GLOBAL EXCEPTION:
Traceback (most recent call last):
  File "D:\Somethings\ToolTest\gui.py", line 1651, in nativeEvent
    msg = wintypes.MSG.from_address(int(message))
          ^^^^^^^^
NameError: name 'wintypes' is not defined

[14:57:21] [CRITICAL] UNHANDLED GLOBAL EXCEPTION:
Traceback (most recent call last):
  File "D:\Somethings\ToolTest\gui.py", line 1651, in nativeEvent
    msg = wintypes.MSG.from_address(int(message))
          ^^^^^^^^
NameError: name 'wintypes' is not defined

[14:57:21] [CRITICAL] UNHANDLED GLOBAL EXCEPTION:
Traceback (most recent call last):
  File "D:\Somethings\ToolTest\gui.py", line 1651, in nativeEvent
    msg = wintypes.MSG.from_address(int(message))
          ^^^^^^^^
NameError: name 'wintypes' is not defined

[14:57:21] [CRITICAL] UNHANDLED GLOBAL EXCEPTION:
Traceback (most recent call last):
  File "D:\Somethings\ToolTest\gui.py", line 1651, in nativeEvent
    msg = wintypes.MSG.from_address(int(message))
          ^^^^^^^^
NameError: name 'wintypes' is not defined

[14:57:21] [CRITICAL] UNHANDLED GLOBAL EXCEPTION:
Traceback (most recent call last):
  File "D:\Somethings\ToolTest\gui.py", line 1651, in nativeEvent
    msg = wintypes.MSG.from_address(int(message))
          ^^^^^^^^
NameError: name 'wintypes' is not defined

[14:57:21] [CRITICAL] UNHANDLED GLOBAL EXCEPTION:
Traceback (most recent call last):
  File "D:\Somethings\ToolTest\gui.py", line 1651, in nativeEvent
    msg = wintypes.MSG.from_address(int(message))
          ^^^^^^^^
NameError: name 'wintypes' is not defined

[14:57:21] [CRITICAL] UNHANDLED GLOBAL EXCEPTION:
Traceback (most recent call last):
  File "D:\Somethings\ToolTest\gui.py", line 1651, in nativeEvent
    msg = wintypes.MSG.from_address(int(message))
          ^^^^^^^^
NameError: name 'wintypes' is not defined

[14:57:21] [CRITICAL] UNHANDLED GLOBAL EXCEPTION:
Traceback (most recent call last):
  File "D:\Somethings\ToolTest\gui.py", line 1651, in nativeEvent
    msg = wintypes.MSG.from_address(int(message))
          ^^^^^^^^
NameError: name 'wintypes' is not defined

[14:57:21] [CRITICAL] UNHANDLED GLOBAL EXCEPTION:
Traceback (most recent call last):
  File "D:\Somethings\ToolTest\gui.py", line 1651, in nativeEvent
    msg = wintypes.MSG.from_address(int(message))
          ^^^^^^^^
NameError: name 'wintypes' is not defined

[14:57:21] [CRITICAL] UNHANDLED GLOBAL EXCEPTION:
Traceback (most recent call last):
  File "D:\Somethings\ToolTest\gui.py", line 1651, in nativeEvent
    msg = wintypes.MSG.from_address(int(message))
          ^^^^^^^^
NameError: name 'wintypes' is not defined

[14:57:21] [CRITICAL] UNHANDLED GLOBAL EXCEPTION:
Traceback (most recent call last):
  File "D:\Somethings\ToolTest\gui.py", line 1651, in nativeEvent
    msg = wintypes.MSG.from_address(int(message))
          ^^^^^^^^
NameError: name 'wintypes' is not defined

[14:57:21] [CRITICAL] UNHANDLED GLOBAL EXCEPTION:
Traceback (most recent call last):
  File "D:\Somethings\ToolTest\gui.py", line 1651, in nativeEvent
    msg = wintypes.MSG.from_address(int(message))
          ^^^^^^^^
NameError: name 'wintypes' is not defined

[14:57:21] [CRITICAL] UNHANDLED GLOBAL EXCEPTION:
Traceback (most recent call last):
  File "D:\Somethings\ToolTest\gui.py", line 1651, in nativeEvent
    msg = wintypes.MSG.from_address(int(message))
          ^^^^^^^^
NameError: name 'wintypes' is not defined

[14:57:21] [CRITICAL] UNHANDLED GLOBAL EXCEPTION:
Traceback (most recent call last):
  File "D:\Somethings\ToolTest\gui.py", line 1651, in nativeEvent
    msg = wintypes.MSG.from_address(int(message))
          ^^^^^^^^
NameError: name 'wintypes' is not defined

[14:57:21] [CRITICAL] UNHANDLED GLOBAL EXCEPTION:
Traceback (most recent call last):
  File "D:\Somethings\ToolTest\gui.py", line 1651, in nativeEvent
    msg = wintypes.MSG.from_address(int(message))
          ^^^^^^^^
NameError: name 'wintypes' is not defined

[14:57:21] [CRITICAL] UNHANDLED GLOBAL EXCEPTION:
Traceback (most recent call last):
  File "D:\Somethings\ToolTest\gui.py", line 1651, in nativeEvent
    msg = wintypes.MSG.from_address(int(message))
          ^^^^^^^^
NameError: name 'wintypes' is not defined

[14:57:21] [CRITICAL] UNHANDLED GLOBAL EXCEPTION:
Traceback (most recent call last):
  File "D:\Somethings\ToolTest\gui.py", line 1651, in nativeEvent
    msg = wintypes.MSG.from_address(int(message))
          ^^^^^^^^
NameError: name 'wintypes' is not defined

[14:57:21] [CRITICAL] UNHANDLED GLOBAL EXCEPTION:
Traceback (most recent call last):
  File "D:\Somethings\ToolTest\gui.py", line 1651, in nativeEvent
    msg = wintypes.MSG.from_address(int(message))
          ^^^^^^^^
NameError: name 'wintypes' is not defined

[14:57:21] [CRITICAL] UNHANDLED GLOBAL EXCEPTION:
Traceback (most recent call last):
  File "D:\Somethings\ToolTest\gui.py", line 1651, in nativeEvent
    msg = wintypes.MSG.from_address(int(message))
          ^^^^^^^^
NameError: name 'wintypes' is not defined

[14:57:21] [CRITICAL] UNHANDLED GLOBAL EXCEPTION:
Traceback (most recent call last):
  File "D:\Somethings\ToolTest\gui.py", line 1651, in nativeEvent
    msg = wintypes.MSG.from_address(int(message))
          ^^^^^^^^
NameError: name 'wintypes' is not defined

[14:57:21] [CRITICAL] UNHANDLED GLOBAL EXCEPTION:
Traceback (most recent call last):
  File "D:\Somethings\ToolTest\gui.py", line 1651, in nativeEvent
    msg = wintypes.MSG.from_address(int(message))
          ^^^^^^^^
NameError: name 'wintypes' is not defined

[14:57:21] [CRITICAL] UNHANDLED GLOBAL EXCEPTION:
Traceback (most recent call last):
  File "D:\Somethings\ToolTest\gui.py", line 1651, in nativeEvent
    msg = wintypes.MSG.from_address(int(message))
          ^^^^^^^^
NameError: name 'wintypes' is not defined

[14:57:21] [CRITICAL] UNHANDLED GLOBAL EXCEPTION:
Traceback (most recent call last):
  File "D:\Somethings\ToolTest\gui.py", line 1651, in nativeEvent
    msg = wintypes.MSG.from_address(int(message))
          ^^^^^^^^
NameError: name 'wintypes' is not defined

[14:57:21] [CRITICAL] UNHANDLED GLOBAL EXCEPTION:
Traceback (most recent call last):
  File "D:\Somethings\ToolTest\gui.py", line 1651, in nativeEvent
    msg = wintypes.MSG.from_address(int(message))
          ^^^^^^^^
NameError: name 'wintypes' is not defined

[14:57:21] [CRITICAL] UNHANDLED GLOBAL EXCEPTION:
Traceback (most recent call last):
  File "D:\Somethings\ToolTest\gui.py", line 1651, in nativeEvent
    msg = wintypes.MSG.from_address(int(message))
          ^^^^^^^^
NameError: name 'wintypes' is not defined

[14:57:21] [CRITICAL] UNHANDLED GLOBAL EXCEPTION:
Traceback (most recent call last):
  File "D:\Somethings\ToolTest\gui.py", line 1651, in nativeEvent
    msg = wintypes.MSG.from_address(int(message))
          ^^^^^^^^
NameError: name 'wintypes' is not defined

[14:57:21] [CRITICAL] UNHANDLED GLOBAL EXCEPTION:
Traceback (most recent call last):
  File "D:\Somethings\ToolTest\gui.py", line 1651, in nativeEvent
    msg = wintypes.MSG.from_address(int(message))
          ^^^^^^^^
NameError: name 'wintypes' is not defined

[14:57:21] [CRITICAL] UNHANDLED GLOBAL EXCEPTION:
Traceback (most recent call last):
  File "D:\Somethings\ToolTest\gui.py", line 1651, in nativeEvent
    msg = wintypes.MSG.from_address(int(message))
          ^^^^^^^^
NameError: name 'wintypes' is not defined

[14:57:21] [CRITICAL] UNHANDLED GLOBAL EXCEPTION:
Traceback (most recent call last):
  File "D:\Somethings\ToolTest\gui.py", line 1651, in nativeEvent
    msg = wintypes.MSG.from_address(int(message))
          ^^^^^^^^
NameError: name 'wintypes' is not defined

[14:57:21] [CRITICAL] UNHANDLED GLOBAL EXCEPTION:
Traceback (most recent call last):
  File "D:\Somethings\ToolTest\gui.py", line 1651, in nativeEvent
    msg = wintypes.MSG.from_address(int(message))
          ^^^^^^^^
NameError: name 'wintypes' is not defined

[14:57:21] [CRITICAL] UNHANDLED GLOBAL EXCEPTION:
Traceback (most recent call last):
  File "D:\Somethings\ToolTest\gui.py", line 1651, in nativeEvent
    msg = wintypes.MSG.from_address(int(message))
          ^^^^^^^^
NameError: name 'wintypes' is not defined

[14:57:21] [CRITICAL] UNHANDLED GLOBAL EXCEPTION:
Traceback (most recent call last):
  File "D:\Somethings\ToolTest\gui.py", line 1651, in nativeEvent
    msg = wintypes.MSG.from_address(int(message))
          ^^^^^^^^
NameError: name 'wintypes' is not defined

[14:57:21] [CRITICAL] UNHANDLED GLOBAL EXCEPTION:
Traceback (most recent call last):
  File "D:\Somethings\ToolTest\gui.py", line 1651, in nativeEvent
    msg = wintypes.MSG.from_address(int(message))
          ^^^^^^^^
NameError: name 'wintypes' is not defined

[14:57:21] [CRITICAL] UNHANDLED GLOBAL EXCEPTION:
Traceback (most recent call last):
  File "D:\Somethings\ToolTest\gui.py", line 1651, in nativeEvent
    msg = wintypes.MSG.from_address(int(message))
          ^^^^^^^^
NameError: name 'wintypes' is not defined

[14:57:21] [CRITICAL] UNHANDLED GLOBAL EXCEPTION:
Traceback (most recent call last):
  File "D:\Somethings\ToolTest\gui.py", line 1651, in nativeEvent
    msg = wintypes.MSG.from_address(int(message))
          ^^^^^^^^
NameError: name 'wintypes' is not defined

[14:57:21] [CRITICAL] UNHANDLED GLOBAL EXCEPTION:
Traceback (most recent call last):
  File "D:\Somethings\ToolTest\gui.py", line 1651, in nativeEvent
    msg = wintypes.MSG.from_address(int(message))
          ^^^^^^^^
NameError: name 'wintypes' is not defined

[14:57:21] [CRITICAL] UNHANDLED GLOBAL EXCEPTION:
Traceback (most recent call last):
  File "D:\Somethings\ToolTest\gui.py", line 1651, in nativeEvent
    msg = wintypes.MSG.from_address(int(message))
          ^^^^^^^^
NameError: name 'wintypes' is not defined

[14:57:21] [CRITICAL] UNHANDLED GLOBAL EXCEPTION:
Traceback (most recent call last):
  File "D:\Somethings\ToolTest\gui.py", line 1651, in nativeEvent
    msg = wintypes.MSG.from_address(int(message))
          ^^^^^^^^
NameError: name 'wintypes' is not defined

[14:57:21] [CRITICAL] UNHANDLED GLOBAL EXCEPTION:
Traceback (most recent call last):
  File "D:\Somethings\ToolTest\gui.py", line 1651, in nativeEvent
    msg = wintypes.MSG.from_address(int(message))
          ^^^^^^^^
NameError: name 'wintypes' is not defined

[14:57:21] [CRITICAL] UNHANDLED GLOBAL EXCEPTION:
Traceback (most recent call last):
  File "D:\Somethings\ToolTest\gui.py", line 1651, in nativeEvent
    msg = wintypes.MSG.from_address(int(message))
          ^^^^^^^^
NameError: name 'wintypes' is not defined

[14:57:21] [CRITICAL] UNHANDLED GLOBAL EXCEPTION:
Traceback (most recent call last):
  File "D:\Somethings\ToolTest\gui.py", line 1651, in nativeEvent
    msg = wintypes.MSG.from_address(int(message))
          ^^^^^^^^
NameError: name 'wintypes' is not defined

[14:57:21] [CRITICAL] UNHANDLED GLOBAL EXCEPTION:
Traceback (most recent call last):
  File "D:\Somethings\ToolTest\gui.py", line 1651, in nativeEvent
    msg = wintypes.MSG.from_address(int(message))
          ^^^^^^^^
NameError: name 'wintypes' is not defined

[14:57:21] [CRITICAL] UNHANDLED GLOBAL EXCEPTION:
Traceback (most recent call last):
  File "D:\Somethings\ToolTest\gui.py", line 1651, in nativeEvent
    msg = wintypes.MSG.from_address(int(message))
          ^^^^^^^^
NameError: name 'wintypes' is not defined

[14:57:21] [CRITICAL] UNHANDLED GLOBAL EXCEPTION:
Traceback (most recent call last):
  File "D:\Somethings\ToolTest\gui.py", line 1651, in nativeEvent
    msg = wintypes.MSG.from_address(int(message))
          ^^^^^^^^
NameError: name 'wintypes' is not defined

[14:57:21] [CRITICAL] UNHANDLED GLOBAL EXCEPTION:
Traceback (most recent call last):
  File "D:\Somethings\ToolTest\gui.py", line 1651, in nativeEvent
    msg = wintypes.MSG.from_address(int(message))
          ^^^^^^^^
NameError: name 'wintypes' is not defined

[14:57:21] [CRITICAL] UNHANDLED GLOBAL EXCEPTION:
Traceback (most recent call last):
  File "D:\Somethings\ToolTest\gui.py", line 1651, in nativeEvent
    msg = wintypes.MSG.from_address(int(message))
          ^^^^^^^^
NameError: name 'wintypes' is not defined

[14:57:21] [CRITICAL] UNHANDLED GLOBAL EXCEPTION:
Traceback (most recent call last):
  File "D:\Somethings\ToolTest\gui.py", line 1651, in nativeEvent
    msg = wintypes.MSG.from_address(int(message))
          ^^^^^^^^
NameError: name 'wintypes' is not defined

[14:57:21] [CRITICAL] UNHANDLED GLOBAL EXCEPTION:
Traceback (most recent call last):
  File "D:\Somethings\ToolTest\gui.py", line 1651, in nativeEvent
    msg = wintypes.MSG.from_address(int(message))
          ^^^^^^^^
NameError: name 'wintypes' is not defined

[14:57:21] [CRITICAL] UNHANDLED GLOBAL EXCEPTION:
Traceback (most recent call last):
  File "D:\Somethings\ToolTest\gui.py", line 1651, in nativeEvent
    msg = wintypes.MSG.from_address(int(message))
          ^^^^^^^^
NameError: name 'wintypes' is not defined

[14:57:21] [CRITICAL] UNHANDLED GLOBAL EXCEPTION:
Traceback (most recent call last):
  File "D:\Somethings\ToolTest\gui.py", line 1651, in nativeEvent
    msg = wintypes.MSG.from_address(int(message))
          ^^^^^^^^
NameError: name 'wintypes' is not defined

[14:57:21] [CRITICAL] UNHANDLED GLOBAL EXCEPTION:
Traceback (most recent call last):
  File "D:\Somethings\ToolTest\gui.py", line 1651, in nativeEvent
    msg = wintypes.MSG.from_address(int(message))
          ^^^^^^^^
NameError: name 'wintypes' is not defined

[14:57:21] [CRITICAL] UNHANDLED GLOBAL EXCEPTION:
Traceback (most recent call last):
  File "D:\Somethings\ToolTest\gui.py", line 1651, in nativeEvent
    msg = wintypes.MSG.from_address(int(message))
          ^^^^^^^^
NameError: name 'wintypes' is not defined

[14:57:21] [CRITICAL] UNHANDLED GLOBAL EXCEPTION:
Traceback (most recent call last):
  File "D:\Somethings\ToolTest\gui.py", line 1651, in nativeEvent
    msg = wintypes.MSG.from_address(int(message))
          ^^^^^^^^
NameError: name 'wintypes' is not defined

[14:57:21] [CRITICAL] UNHANDLED GLOBAL EXCEPTION:
Traceback (most recent call last):
  File "D:\Somethings\ToolTest\gui.py", line 1651, in nativeEvent
    msg = wintypes.MSG.from_address(int(message))
          ^^^^^^^^
NameError: name 'wintypes' is not defined

[14:57:21] [CRITICAL] UNHANDLED GLOBAL EXCEPTION:
Traceback (most recent call last):
  File "D:\Somethings\ToolTest\gui.py", line 1651, in nativeEvent
    msg = wintypes.MSG.from_address(int(message))
          ^^^^^^^^
NameError: name 'wintypes' is not defined

[14:57:21] [CRITICAL] UNHANDLED GLOBAL EXCEPTION:
Traceback (most recent call last):
  File "D:\Somethings\ToolTest\gui.py", line 1651, in nativeEvent
    msg = wintypes.MSG.from_address(int(message))
          ^^^^^^^^
NameError: name 'wintypes' is not defined

[14:57:21] [CRITICAL] UNHANDLED GLOBAL EXCEPTION:
Traceback (most recent call last):
  File "D:\Somethings\ToolTest\gui.py", line 1651, in nativeEvent
    msg = wintypes.MSG.from_address(int(message))
          ^^^^^^^^
NameError: name 'wintypes' is not defined

[14:57:21] [CRITICAL] UNHANDLED GLOBAL EXCEPTION:
Traceback (most recent call last):
  File "D:\Somethings\ToolTest\gui.py", line 1651, in nativeEvent
    msg = wintypes.MSG.from_address(int(message))
          ^^^^^^^^
NameError: name 'wintypes' is not defined

[14:57:21] [CRITICAL] UNHANDLED GLOBAL EXCEPTION:
Traceback (most recent call last):
  File "D:\Somethings\ToolTest\gui.py", line 1651, in nativeEvent
    msg = wintypes.MSG.from_address(int(message))
          ^^^^^^^^
NameError: name 'wintypes' is not defined

[14:57:21] [CRITICAL] UNHANDLED GLOBAL EXCEPTION:
Traceback (most recent call last):
  File "D:\Somethings\ToolTest\gui.py", line 1651, in nativeEvent
    msg = wintypes.MSG.from_address(int(message))
          ^^^^^^^^
NameError: name 'wintypes' is not defined

[14:57:21] [CRITICAL] UNHANDLED GLOBAL EXCEPTION:
Traceback (most recent call last):
  File "D:\Somethings\ToolTest\gui.py", line 1651, in nativeEvent
    msg = wintypes.MSG.from_address(int(message))
          ^^^^^^^^
NameError: name 'wintypes' is not defined

[14:57:21] [CRITICAL] UNHANDLED GLOBAL EXCEPTION:
Traceback (most recent call last):
  File "D:\Somethings\ToolTest\gui.py", line 1651, in nativeEvent
    msg = wintypes.MSG.from_address(int(message))
          ^^^^^^^^
NameError: name 'wintypes' is not defined

[14:57:21] [CRITICAL] UNHANDLED GLOBAL EXCEPTION:
Traceback (most recent call last):
  File "D:\Somethings\ToolTest\gui.py", line 1651, in nativeEvent
    msg = wintypes.MSG.from_address(int(message))
          ^^^^^^^^
NameError: name 'wintypes' is not defined

[14:57:21] [CRITICAL] UNHANDLED GLOBAL EXCEPTION:
Traceback (most recent call last):
  File "D:\Somethings\ToolTest\gui.py", line 1651, in nativeEvent
    msg = wintypes.MSG.from_address(int(message))
          ^^^^^^^^
NameError: name 'wintypes' is not defined

[14:57:21] [CRITICAL] UNHANDLED GLOBAL EXCEPTION:
Traceback (most recent call last):
  File "D:\Somethings\ToolTest\gui.py", line 1651, in nativeEvent
    msg = wintypes.MSG.from_address(int(message))
          ^^^^^^^^
NameError: name 'wintypes' is not defined

[14:57:21] [CRITICAL] UNHANDLED GLOBAL EXCEPTION:
Traceback (most recent call last):
  File "D:\Somethings\ToolTest\gui.py", line 1651, in nativeEvent
    msg = wintypes.MSG.from_address(int(message))
          ^^^^^^^^
NameError: name 'wintypes' is not defined

[14:57:21] [CRITICAL] UNHANDLED GLOBAL EXCEPTION:
Traceback (most recent call last):
  File "D:\Somethings\ToolTest\gui.py", line 1651, in nativeEvent
    msg = wintypes.MSG.from_address(int(message))
          ^^^^^^^^
NameError: name 'wintypes' is not defined

[14:57:21] [CRITICAL] UNHANDLED GLOBAL EXCEPTION:
Traceback (most recent call last):
  File "D:\Somethings\ToolTest\gui.py", line 1651, in nativeEvent
    msg = wintypes.MSG.from_address(int(message))
          ^^^^^^^^
NameError: name 'wintypes' is not defined

[14:57:21] [CRITICAL] UNHANDLED GLOBAL EXCEPTION:
Traceback (most recent call last):
  File "D:\Somethings\ToolTest\gui.py", line 1651, in nativeEvent
    msg = wintypes.MSG.from_address(int(message))
          ^^^^^^^^
NameError: name 'wintypes' is not defined

[14:57:21] [CRITICAL] UNHANDLED GLOBAL EXCEPTION:
Traceback (most recent call last):
  File "D:\Somethings\ToolTest\gui.py", line 1651, in nativeEvent
    msg = wintypes.MSG.from_address(int(message))
          ^^^^^^^^
NameError: name 'wintypes' is not defined

[14:57:21] [CRITICAL] UNHANDLED GLOBAL EXCEPTION:
Traceback (most recent call last):
  File "D:\Somethings\ToolTest\gui.py", line 1651, in nativeEvent
    msg = wintypes.MSG.from_address(int(message))
          ^^^^^^^^
NameError: name 'wintypes' is not defined

[14:57:21] [CRITICAL] UNHANDLED GLOBAL EXCEPTION:
Traceback (most recent call last):
  File "D:\Somethings\ToolTest\gui.py", line 1651, in nativeEvent
    msg = wintypes.MSG.from_address(int(message))
          ^^^^^^^^
NameError: name 'wintypes' is not defined

[14:57:21] [CRITICAL] UNHANDLED GLOBAL EXCEPTION:
Traceback (most recent call last):
  File "D:\Somethings\ToolTest\gui.py", line 1651, in nativeEvent
    msg = wintypes.MSG.from_address(int(message))
          ^^^^^^^^
NameError: name 'wintypes' is not defined

[14:57:21] [CRITICAL] UNHANDLED GLOBAL EXCEPTION:
Traceback (most recent call last):
  File "D:\Somethings\ToolTest\gui.py", line 1651, in nativeEvent
    msg = wintypes.MSG.from_address(int(message))
          ^^^^^^^^
NameError: name 'wintypes' is not defined

[14:57:21] [CRITICAL] UNHANDLED GLOBAL EXCEPTION:
Traceback (most recent call last):
  File "D:\Somethings\ToolTest\gui.py", line 1651, in nativeEvent
    msg = wintypes.MSG.from_address(int(message))
          ^^^^^^^^
NameError: name 'wintypes' is not defined

[14:57:21] [CRITICAL] UNHANDLED GLOBAL EXCEPTION:
Traceback (most recent call last):
  File "D:\Somethings\ToolTest\gui.py", line 1651, in nativeEvent
    msg = wintypes.MSG.from_address(int(message))
          ^^^^^^^^
NameError: name 'wintypes' is not defined

[14:57:21] [CRITICAL] UNHANDLED GLOBAL EXCEPTION:
Traceback (most recent call last):
  File "D:\Somethings\ToolTest\gui.py", line 1651, in nativeEvent
    msg = wintypes.MSG.from_address(int(message))
          ^^^^^^^^
NameError: name 'wintypes' is not defined

[14:57:21] [CRITICAL] UNHANDLED GLOBAL EXCEPTION:
Traceback (most recent call last):
  File "D:\Somethings\ToolTest\gui.py", line 1651, in nativeEvent
    msg = wintypes.MSG.from_address(int(message))
          ^^^^^^^^
NameError: name 'wintypes' is not defined

[14:57:21] [CRITICAL] UNHANDLED GLOBAL EXCEPTION:
Traceback (most recent call last):
  File "D:\Somethings\ToolTest\gui.py", line 1651, in nativeEvent
    msg = wintypes.MSG.from_address(int(message))
          ^^^^^^^^
NameError: name 'wintypes' is not defined

[14:57:21] [CRITICAL] UNHANDLED GLOBAL EXCEPTION:
Traceback (most recent call last):
  File "D:\Somethings\ToolTest\gui.py", line 1651, in nativeEvent
    msg = wintypes.MSG.from_address(int(message))
          ^^^^^^^^
NameError: name 'wintypes' is not defined

[14:57:21] [CRITICAL] UNHANDLED GLOBAL EXCEPTION:
Traceback (most recent call last):
  File "D:\Somethings\ToolTest\gui.py", line 1651, in nativeEvent
    msg = wintypes.MSG.from_address(int(message))
          ^^^^^^^^
NameError: name 'wintypes' is not defined

[14:57:21] [CRITICAL] UNHANDLED GLOBAL EXCEPTION:
Traceback (most recent call last):
  File "D:\Somethings\ToolTest\gui.py", line 1651, in nativeEvent
    msg = wintypes.MSG.from_address(int(message))
          ^^^^^^^^
NameError: name 'wintypes' is not defined

[14:57:21] [CRITICAL] UNHANDLED GLOBAL EXCEPTION:
Traceback (most recent call last):
  File "D:\Somethings\ToolTest\gui.py", line 1651, in nativeEvent
    msg = wintypes.MSG.from_address(int(message))
          ^^^^^^^^
NameError: name 'wintypes' is not defined

[14:57:21] [CRITICAL] UNHANDLED GLOBAL EXCEPTION:
Traceback (most recent call last):
  File "D:\Somethings\ToolTest\gui.py", line 1651, in nativeEvent
    msg = wintypes.MSG.from_address(int(message))
          ^^^^^^^^
NameError: name 'wintypes' is not defined

[14:57:21] [CRITICAL] UNHANDLED GLOBAL EXCEPTION:
Traceback (most recent call last):
  File "D:\Somethings\ToolTest\gui.py", line 1651, in nativeEvent
    msg = wintypes.MSG.from_address(int(message))
          ^^^^^^^^
NameError: name 'wintypes' is not defined

[14:57:21] [CRITICAL] UNHANDLED GLOBAL EXCEPTION:
Traceback (most recent call last):
  File "D:\Somethings\ToolTest\gui.py", line 1651, in nativeEvent
    msg = wintypes.MSG.from_address(int(message))
          ^^^^^^^^
NameError: name 'wintypes' is not defined

[14:57:21] [CRITICAL] UNHANDLED GLOBAL EXCEPTION:
Traceback (most recent call last):
  File "D:\Somethings\ToolTest\gui.py", line 1651, in nativeEvent
    msg = wintypes.MSG.from_address(int(message))
          ^^^^^^^^
NameError: name 'wintypes' is not defined

[14:57:21] [CRITICAL] UNHANDLED GLOBAL EXCEPTION:
Traceback (most recent call last):
  File "D:\Somethings\ToolTest\gui.py", line 1651, in nativeEvent
    msg = wintypes.MSG.from_address(int(message))
          ^^^^^^^^
NameError: name 'wintypes' is not defined

[14:57:22] [CRITICAL] UNHANDLED GLOBAL EXCEPTION:
Traceback (most recent call last):
  File "D:\Somethings\ToolTest\gui.py", line 1651, in nativeEvent
    msg = wintypes.MSG.from_address(int(message))
          ^^^^^^^^
NameError: name 'wintypes' is not defined

[14:57:22] [CRITICAL] UNHANDLED GLOBAL EXCEPTION:
Traceback (most recent call last):
  File "D:\Somethings\ToolTest\gui.py", line 1651, in nativeEvent
    msg = wintypes.MSG.from_address(int(message))
          ^^^^^^^^
NameError: name 'wintypes' is not defined

[14:57:22] [CRITICAL] UNHANDLED GLOBAL EXCEPTION:
Traceback (most recent call last):
  File "D:\Somethings\ToolTest\gui.py", line 1651, in nativeEvent
    msg = wintypes.MSG.from_address(int(message))
          ^^^^^^^^
NameError: name 'wintypes' is not defined

[14:57:22] [CRITICAL] UNHANDLED GLOBAL EXCEPTION:
Traceback (most recent call last):
  File "D:\Somethings\ToolTest\gui.py", line 1651, in nativeEvent
    msg = wintypes.MSG.from_address(int(message))
          ^^^^^^^^
NameError: name 'wintypes' is not defined

[14:57:22] [CRITICAL] UNHANDLED GLOBAL EXCEPTION:
Traceback (most recent call last):
  File "D:\Somethings\ToolTest\gui.py", line 1651, in nativeEvent
    msg = wintypes.MSG.from_address(int(message))
          ^^^^^^^^
NameError: name 'wintypes' is not defined

[14:57:22] [CRITICAL] UNHANDLED GLOBAL EXCEPTION:
Traceback (most recent call last):
  File "D:\Somethings\ToolTest\gui.py", line 1651, in nativeEvent
    msg = wintypes.MSG.from_address(int(message))
          ^^^^^^^^
NameError: name 'wintypes' is not defined

[14:57:22] [CRITICAL] UNHANDLED GLOBAL EXCEPTION:
Traceback (most recent call last):
  File "D:\Somethings\ToolTest\gui.py", line 1651, in nativeEvent
    msg = wintypes.MSG.from_address(int(message))
          ^^^^^^^^
NameError: name 'wintypes' is not defined

[14:57:22] [CRITICAL] UNHANDLED GLOBAL EXCEPTION:
Traceback (most recent call last):
  File "D:\Somethings\ToolTest\gui.py", line 1651, in nativeEvent
    msg = wintypes.MSG.from_address(int(message))
          ^^^^^^^^
NameError: name 'wintypes' is not defined

[14:57:22] [CRITICAL] UNHANDLED GLOBAL EXCEPTION:
Traceback (most recent call last):
  File "D:\Somethings\ToolTest\gui.py", line 1651, in nativeEvent
    msg = wintypes.MSG.from_address(int(message))
          ^^^^^^^^
NameError: name 'wintypes' is not defined

[14:57:22] [CRITICAL] UNHANDLED GLOBAL EXCEPTION:
Traceback (most recent call last):
  File "D:\Somethings\ToolTest\gui.py", line 1651, in nativeEvent
    msg = wintypes.MSG.from_address(int(message))
          ^^^^^^^^
NameError: name 'wintypes' is not defined

[14:57:22] [CRITICAL] UNHANDLED GLOBAL EXCEPTION:
Traceback (most recent call last):
  File "D:\Somethings\ToolTest\gui.py", line 1651, in nativeEvent
    msg = wintypes.MSG.from_address(int(message))
          ^^^^^^^^
NameError: name 'wintypes' is not defined

[14:57:22] [CRITICAL] UNHANDLED GLOBAL EXCEPTION:
Traceback (most recent call last):
  File "D:\Somethings\ToolTest\gui.py", line 1651, in nativeEvent
    msg = wintypes.MSG.from_address(int(message))
          ^^^^^^^^
NameError: name 'wintypes' is not defined

[14:57:22] [CRITICAL] UNHANDLED GLOBAL EXCEPTION:
Traceback (most recent call last):
  File "D:\Somethings\ToolTest\gui.py", line 1651, in nativeEvent
    msg = wintypes.MSG.from_address(int(message))
          ^^^^^^^^
NameError: name 'wintypes' is not defined

[14:57:22] [CRITICAL] UNHANDLED GLOBAL EXCEPTION:
Traceback (most recent call last):
  File "D:\Somethings\ToolTest\gui.py", line 1651, in nativeEvent
    msg = wintypes.MSG.from_address(int(message))
          ^^^^^^^^
NameError: name 'wintypes' is not defined

[14:57:22] [CRITICAL] UNHANDLED GLOBAL EXCEPTION:
Traceback (most recent call last):
  File "D:\Somethings\ToolTest\gui.py", line 1651, in nativeEvent
    msg = wintypes.MSG.from_address(int(message))
          ^^^^^^^^
NameError: name 'wintypes' is not defined

[14:57:22] [CRITICAL] UNHANDLED GLOBAL EXCEPTION:
Traceback (most recent call last):
  File "D:\Somethings\ToolTest\gui.py", line 1651, in nativeEvent
    msg = wintypes.MSG.from_address(int(message))
          ^^^^^^^^
NameError: name 'wintypes' is not defined

[14:57:22] [CRITICAL] UNHANDLED GLOBAL EXCEPTION:
Traceback (most recent call last):
  File "D:\Somethings\ToolTest\gui.py", line 1651, in nativeEvent
    msg = wintypes.MSG.from_address(int(message))
          ^^^^^^^^
NameError: name 'wintypes' is not defined

[14:57:22] [CRITICAL] UNHANDLED GLOBAL EXCEPTION:
Traceback (most recent call last):
  File "D:\Somethings\ToolTest\gui.py", line 1651, in nativeEvent
    msg = wintypes.MSG.from_address(int(message))
          ^^^^^^^^
NameError: name 'wintypes' is not defined

[14:57:22] [CRITICAL] UNHANDLED GLOBAL EXCEPTION:
Traceback (most recent call last):
  File "D:\Somethings\ToolTest\gui.py", line 1651, in nativeEvent
    msg = wintypes.MSG.from_address(int(message))
          ^^^^^^^^
NameError: name 'wintypes' is not defined

[14:57:22] [CRITICAL] UNHANDLED GLOBAL EXCEPTION:
Traceback (most recent call last):
  File "D:\Somethings\ToolTest\gui.py", line 1651, in nativeEvent
    msg = wintypes.MSG.from_address(int(message))
          ^^^^^^^^
NameError: name 'wintypes' is not defined

[14:57:22] [CRITICAL] UNHANDLED GLOBAL EXCEPTION:
Traceback (most recent call last):
  File "D:\Somethings\ToolTest\gui.py", line 1651, in nativeEvent
    msg = wintypes.MSG.from_address(int(message))
          ^^^^^^^^
NameError: name 'wintypes' is not defined

[14:57:22] [CRITICAL] UNHANDLED GLOBAL EXCEPTION:
Traceback (most recent call last):
  File "D:\Somethings\ToolTest\gui.py", line 1651, in nativeEvent
    msg = wintypes.MSG.from_address(int(message))
          ^^^^^^^^
NameError: name 'wintypes' is not defined

[14:57:22] [CRITICAL] UNHANDLED GLOBAL EXCEPTION:
Traceback (most recent call last):
  File "D:\Somethings\ToolTest\gui.py", line 1651, in nativeEvent
    msg = wintypes.MSG.from_address(int(message))
          ^^^^^^^^
NameError: name 'wintypes' is not defined

[14:57:22] [CRITICAL] UNHANDLED GLOBAL EXCEPTION:
Traceback (most recent call last):
  File "D:\Somethings\ToolTest\gui.py", line 1651, in nativeEvent
    msg = wintypes.MSG.from_address(int(message))
          ^^^^^^^^
NameError: name 'wintypes' is not defined

[14:57:22] [CRITICAL] UNHANDLED GLOBAL EXCEPTION:
Traceback (most recent call last):
  File "D:\Somethings\ToolTest\gui.py", line 1651, in nativeEvent
    msg = wintypes.MSG.from_address(int(message))
          ^^^^^^^^
NameError: name 'wintypes' is not defined

[14:57:22] [CRITICAL] UNHANDLED GLOBAL EXCEPTION:
Traceback (most recent call last):
  File "D:\Somethings\ToolTest\gui.py", line 1651, in nativeEvent
    msg = wintypes.MSG.from_address(int(message))
          ^^^^^^^^
NameError: name 'wintypes' is not defined

[14:57:22] [CRITICAL] UNHANDLED GLOBAL EXCEPTION:
Traceback (most recent call last):
  File "D:\Somethings\ToolTest\gui.py", line 1651, in nativeEvent
    msg = wintypes.MSG.from_address(int(message))
          ^^^^^^^^
NameError: name 'wintypes' is not defined

[14:57:22] [CRITICAL] UNHANDLED GLOBAL EXCEPTION:
Traceback (most recent call last):
  File "D:\Somethings\ToolTest\gui.py", line 1651, in nativeEvent
    msg = wintypes.MSG.from_address(int(message))
          ^^^^^^^^
NameError: name 'wintypes' is not defined

[14:57:22] [CRITICAL] UNHANDLED GLOBAL EXCEPTION:
Traceback (most recent call last):
  File "D:\Somethings\ToolTest\gui.py", line 1651, in nativeEvent
    msg = wintypes.MSG.from_address(int(message))
          ^^^^^^^^
NameError: name 'wintypes' is not defined

[14:57:22] [CRITICAL] UNHANDLED GLOBAL EXCEPTION:
Traceback (most recent call last):
  File "D:\Somethings\ToolTest\gui.py", line 1651, in nativeEvent
    msg = wintypes.MSG.from_address(int(message))
          ^^^^^^^^
NameError: name 'wintypes' is not defined

[14:57:22] [CRITICAL] UNHANDLED GLOBAL EXCEPTION:
Traceback (most recent call last):
  File "D:\Somethings\ToolTest\gui.py", line 1651, in nativeEvent
    msg = wintypes.MSG.from_address(int(message))
          ^^^^^^^^
NameError: name 'wintypes' is not defined

[14:57:22] [CRITICAL] UNHANDLED GLOBAL EXCEPTION:
Traceback (most recent call last):
  File "D:\Somethings\ToolTest\gui.py", line 1651, in nativeEvent
    msg = wintypes.MSG.from_address(int(message))
          ^^^^^^^^
NameError: name 'wintypes' is not defined

[14:57:22] [CRITICAL] UNHANDLED GLOBAL EXCEPTION:
Traceback (most recent call last):
  File "D:\Somethings\ToolTest\gui.py", line 1651, in nativeEvent
    msg = wintypes.MSG.from_address(int(message))
          ^^^^^^^^
NameError: name 'wintypes' is not defined

[14:57:22] [CRITICAL] UNHANDLED GLOBAL EXCEPTION:
Traceback (most recent call last):
  File "D:\Somethings\ToolTest\gui.py", line 1651, in nativeEvent
    msg = wintypes.MSG.from_address(int(message))
          ^^^^^^^^
NameError: name 'wintypes' is not defined

[14:57:22] [CRITICAL] UNHANDLED GLOBAL EXCEPTION:
Traceback (most recent call last):
  File "D:\Somethings\ToolTest\gui.py", line 1651, in nativeEvent
    msg = wintypes.MSG.from_address(int(message))
          ^^^^^^^^
NameError: name 'wintypes' is not defined

[14:57:22] [CRITICAL] UNHANDLED GLOBAL EXCEPTION:
Traceback (most recent call last):
  File "D:\Somethings\ToolTest\gui.py", line 1651, in nativeEvent
    msg = wintypes.MSG.from_address(int(message))
          ^^^^^^^^
NameError: name 'wintypes' is not defined

[14:57:22] [CRITICAL] UNHANDLED GLOBAL EXCEPTION:
Traceback (most recent call last):
  File "D:\Somethings\ToolTest\gui.py", line 1651, in nativeEvent
    msg = wintypes.MSG.from_address(int(message))
          ^^^^^^^^
NameError: name 'wintypes' is not defined

[14:57:22] [CRITICAL] UNHANDLED GLOBAL EXCEPTION:
Traceback (most recent call last):
  File "D:\Somethings\ToolTest\gui.py", line 1651, in nativeEvent
    msg = wintypes.MSG.from_address(int(message))
          ^^^^^^^^
NameError: name 'wintypes' is not defined

[14:57:22] [CRITICAL] UNHANDLED GLOBAL EXCEPTION:
Traceback (most recent call last):
  File "D:\Somethings\ToolTest\gui.py", line 1651, in nativeEvent
    msg = wintypes.MSG.from_address(int(message))
          ^^^^^^^^
NameError: name 'wintypes' is not defined

[14:57:22] [CRITICAL] UNHANDLED GLOBAL EXCEPTION:
Traceback (most recent call last):
  File "D:\Somethings\ToolTest\gui.py", line 1651, in nativeEvent
    msg = wintypes.MSG.from_address(int(message))
          ^^^^^^^^
NameError: name 'wintypes' is not defined

[14:57:22] [CRITICAL] UNHANDLED GLOBAL EXCEPTION:
Traceback (most recent call last):
  File "D:\Somethings\ToolTest\gui.py", line 1651, in nativeEvent
    msg = wintypes.MSG.from_address(int(message))
          ^^^^^^^^
NameError: name 'wintypes' is not defined

[14:57:22] [CRITICAL] UNHANDLED GLOBAL EXCEPTION:
Traceback (most recent call last):
  File "D:\Somethings\ToolTest\gui.py", line 1651, in nativeEvent
    msg = wintypes.MSG.from_address(int(message))
          ^^^^^^^^
NameError: name 'wintypes' is not defined

[14:57:22] [CRITICAL] UNHANDLED GLOBAL EXCEPTION:
Traceback (most recent call last):
  File "D:\Somethings\ToolTest\gui.py", line 1651, in nativeEvent
    msg = wintypes.MSG.from_address(int(message))
          ^^^^^^^^
NameError: name 'wintypes' is not defined

[14:57:22] [CRITICAL] UNHANDLED GLOBAL EXCEPTION:
Traceback (most recent call last):
  File "D:\Somethings\ToolTest\gui.py", line 1651, in nativeEvent
    msg = wintypes.MSG.from_address(int(message))
          ^^^^^^^^
NameError: name 'wintypes' is not defined

[14:57:22] [CRITICAL] UNHANDLED GLOBAL EXCEPTION:
Traceback (most recent call last):
  File "D:\Somethings\ToolTest\gui.py", line 1651, in nativeEvent
    msg = wintypes.MSG.from_address(int(message))
          ^^^^^^^^
NameError: name 'wintypes' is not defined

[14:57:22] [CRITICAL] UNHANDLED GLOBAL EXCEPTION:
Traceback (most recent call last):
  File "D:\Somethings\ToolTest\gui.py", line 1651, in nativeEvent
    msg = wintypes.MSG.from_address(int(message))
          ^^^^^^^^
NameError: name 'wintypes' is not defined

[14:57:22] [CRITICAL] UNHANDLED GLOBAL EXCEPTION:
Traceback (most recent call last):
  File "D:\Somethings\ToolTest\gui.py", line 1651, in nativeEvent
    msg = wintypes.MSG.from_address(int(message))
          ^^^^^^^^
NameError: name 'wintypes' is not defined

[14:57:22] [CRITICAL] UNHANDLED GLOBAL EXCEPTION:
Traceback (most recent call last):
  File "D:\Somethings\ToolTest\gui.py", line 1651, in nativeEvent
    msg = wintypes.MSG.from_address(int(message))
          ^^^^^^^^
NameError: name 'wintypes' is not defined

[14:57:22] [CRITICAL] UNHANDLED GLOBAL EXCEPTION:
Traceback (most recent call last):
  File "D:\Somethings\ToolTest\gui.py", line 1651, in nativeEvent
    msg = wintypes.MSG.from_address(int(message))
          ^^^^^^^^
NameError: name 'wintypes' is not defined

[14:57:22] [CRITICAL] UNHANDLED GLOBAL EXCEPTION:
Traceback (most recent call last):
  File "D:\Somethings\ToolTest\gui.py", line 1651, in nativeEvent
    msg = wintypes.MSG.from_address(int(message))
          ^^^^^^^^
NameError: name 'wintypes' is not defined

[14:57:22] [CRITICAL] UNHANDLED GLOBAL EXCEPTION:
Traceback (most recent call last):
  File "D:\Somethings\ToolTest\gui.py", line 1651, in nativeEvent
    msg = wintypes.MSG.from_address(int(message))
          ^^^^^^^^
NameError: name 'wintypes' is not defined

[14:57:22] [CRITICAL] UNHANDLED GLOBAL EXCEPTION:
Traceback (most recent call last):
  File "D:\Somethings\ToolTest\gui.py", line 1651, in nativeEvent
    msg = wintypes.MSG.from_address(int(message))
          ^^^^^^^^
NameError: name 'wintypes' is not defined

[14:57:22] [CRITICAL] UNHANDLED GLOBAL EXCEPTION:
Traceback (most recent call last):
  File "D:\Somethings\ToolTest\gui.py", line 1651, in nativeEvent
    msg = wintypes.MSG.from_address(int(message))
          ^^^^^^^^
NameError: name 'wintypes' is not defined

[14:57:22] [CRITICAL] UNHANDLED GLOBAL EXCEPTION:
Traceback (most recent call last):
  File "D:\Somethings\ToolTest\gui.py", line 1651, in nativeEvent
    msg = wintypes.MSG.from_address(int(message))
          ^^^^^^^^
NameError: name 'wintypes' is not defined

[14:57:22] [CRITICAL] UNHANDLED GLOBAL EXCEPTION:
Traceback (most recent call last):
  File "D:\Somethings\ToolTest\gui.py", line 1651, in nativeEvent
    msg = wintypes.MSG.from_address(int(message))
          ^^^^^^^^
NameError: name 'wintypes' is not defined

[14:57:22] [CRITICAL] UNHANDLED GLOBAL EXCEPTION:
Traceback (most recent call last):
  File "D:\Somethings\ToolTest\gui.py", line 1651, in nativeEvent
    msg = wintypes.MSG.from_address(int(message))
          ^^^^^^^^
NameError: name 'wintypes' is not defined

[14:57:22] [CRITICAL] UNHANDLED GLOBAL EXCEPTION:
Traceback (most recent call last):
  File "D:\Somethings\ToolTest\gui.py", line 1651, in nativeEvent
    msg = wintypes.MSG.from_address(int(message))
          ^^^^^^^^
NameError: name 'wintypes' is not defined

[14:57:22] [CRITICAL] UNHANDLED GLOBAL EXCEPTION:
Traceback (most recent call last):
  File "D:\Somethings\ToolTest\gui.py", line 1651, in nativeEvent
    msg = wintypes.MSG.from_address(int(message))
          ^^^^^^^^
NameError: name 'wintypes' is not defined

[14:57:22] [CRITICAL] UNHANDLED GLOBAL EXCEPTION:
Traceback (most recent call last):
  File "D:\Somethings\ToolTest\gui.py", line 1651, in nativeEvent
    msg = wintypes.MSG.from_address(int(message))
          ^^^^^^^^
NameError: name 'wintypes' is not defined

[14:57:22] [CRITICAL] UNHANDLED GLOBAL EXCEPTION:
Traceback (most recent call last):
  File "D:\Somethings\ToolTest\gui.py", line 1651, in nativeEvent
    msg = wintypes.MSG.from_address(int(message))
          ^^^^^^^^
NameError: name 'wintypes' is not defined

[14:57:22] [CRITICAL] UNHANDLED GLOBAL EXCEPTION:
Traceback (most recent call last):
  File "D:\Somethings\ToolTest\gui.py", line 1651, in nativeEvent
    msg = wintypes.MSG.from_address(int(message))
          ^^^^^^^^
NameError: name 'wintypes' is not defined

[14:57:22] [CRITICAL] UNHANDLED GLOBAL EXCEPTION:
Traceback (most recent call last):
  File "D:\Somethings\ToolTest\gui.py", line 1651, in nativeEvent
    msg = wintypes.MSG.from_address(int(message))
          ^^^^^^^^
NameError: name 'wintypes' is not defined

[14:57:22] [CRITICAL] UNHANDLED GLOBAL EXCEPTION:
Traceback (most recent call last):
  File "D:\Somethings\ToolTest\gui.py", line 1651, in nativeEvent
    msg = wintypes.MSG.from_address(int(message))
          ^^^^^^^^
NameError: name 'wintypes' is not defined

[14:57:22] [CRITICAL] UNHANDLED GLOBAL EXCEPTION:
Traceback (most recent call last):
  File "D:\Somethings\ToolTest\gui.py", line 1651, in nativeEvent
    msg = wintypes.MSG.from_address(int(message))
          ^^^^^^^^
NameError: name 'wintypes' is not defined

[14:57:22] [CRITICAL] UNHANDLED GLOBAL EXCEPTION:
Traceback (most recent call last):
  File "D:\Somethings\ToolTest\gui.py", line 1651, in nativeEvent
    msg = wintypes.MSG.from_address(int(message))
          ^^^^^^^^
NameError: name 'wintypes' is not defined

[14:57:22] [CRITICAL] UNHANDLED GLOBAL EXCEPTION:
Traceback (most recent call last):
  File "D:\Somethings\ToolTest\gui.py", line 1651, in nativeEvent
    msg = wintypes.MSG.from_address(int(message))
          ^^^^^^^^
NameError: name 'wintypes' is not defined

[14:57:22] [CRITICAL] UNHANDLED GLOBAL EXCEPTION:
Traceback (most recent call last):
  File "D:\Somethings\ToolTest\gui.py", line 1651, in nativeEvent
    msg = wintypes.MSG.from_address(int(message))
          ^^^^^^^^
NameError: name 'wintypes' is not defined

[14:57:22] [CRITICAL] UNHANDLED GLOBAL EXCEPTION:
Traceback (most recent call last):
  File "D:\Somethings\ToolTest\gui.py", line 1651, in nativeEvent
    msg = wintypes.MSG.from_address(int(message))
          ^^^^^^^^
NameError: name 'wintypes' is not defined

[14:57:22] [CRITICAL] UNHANDLED GLOBAL EXCEPTION:
Traceback (most recent call last):
  File "D:\Somethings\ToolTest\gui.py", line 1651, in nativeEvent
    msg = wintypes.MSG.from_address(int(message))
          ^^^^^^^^
NameError: name 'wintypes' is not defined

[14:57:22] [CRITICAL] UNHANDLED GLOBAL EXCEPTION:
Traceback (most recent call last):
  File "D:\Somethings\ToolTest\gui.py", line 1651, in nativeEvent
    msg = wintypes.MSG.from_address(int(message))
          ^^^^^^^^
NameError: name 'wintypes' is not defined

[14:57:22] [CRITICAL] UNHANDLED GLOBAL EXCEPTION:
Traceback (most recent call last):
  File "D:\Somethings\ToolTest\gui.py", line 1651, in nativeEvent
    msg = wintypes.MSG.from_address(int(message))
          ^^^^^^^^
NameError: name 'wintypes' is not defined

[14:57:22] [CRITICAL] UNHANDLED GLOBAL EXCEPTION:
Traceback (most recent call last):
  File "D:\Somethings\ToolTest\gui.py", line 1651, in nativeEvent
    msg = wintypes.MSG.from_address(int(message))
          ^^^^^^^^
NameError: name 'wintypes' is not defined

[14:57:22] [CRITICAL] UNHANDLED GLOBAL EXCEPTION:
Traceback (most recent call last):
  File "D:\Somethings\ToolTest\gui.py", line 1651, in nativeEvent
    msg = wintypes.MSG.from_address(int(message))
          ^^^^^^^^
NameError: name 'wintypes' is not defined

[14:57:22] [CRITICAL] UNHANDLED GLOBAL EXCEPTION:
Traceback (most recent call last):
  File "D:\Somethings\ToolTest\gui.py", line 1651, in nativeEvent
    msg = wintypes.MSG.from_address(int(message))
          ^^^^^^^^
NameError: name 'wintypes' is not defined

[14:57:22] [CRITICAL] UNHANDLED GLOBAL EXCEPTION:
Traceback (most recent call last):
  File "D:\Somethings\ToolTest\gui.py", line 1651, in nativeEvent
    msg = wintypes.MSG.from_address(int(message))
          ^^^^^^^^
NameError: name 'wintypes' is not defined

[14:57:22] [CRITICAL] UNHANDLED GLOBAL EXCEPTION:
Traceback (most recent call last):
  File "D:\Somethings\ToolTest\gui.py", line 1651, in nativeEvent
    msg = wintypes.MSG.from_address(int(message))
          ^^^^^^^^
NameError: name 'wintypes' is not defined

[14:57:22] [CRITICAL] UNHANDLED GLOBAL EXCEPTION:
Traceback (most recent call last):
  File "D:\Somethings\ToolTest\gui.py", line 1651, in nativeEvent
    msg = wintypes.MSG.from_address(int(message))
          ^^^^^^^^
NameError: name 'wintypes' is not defined

[14:57:22] [CRITICAL] UNHANDLED GLOBAL EXCEPTION:
Traceback (most recent call last):
  File "D:\Somethings\ToolTest\gui.py", line 1651, in nativeEvent
    msg = wintypes.MSG.from_address(int(message))
          ^^^^^^^^
NameError: name 'wintypes' is not defined

[14:57:22] [CRITICAL] UNHANDLED GLOBAL EXCEPTION:
Traceback (most recent call last):
  File "D:\Somethings\ToolTest\gui.py", line 1651, in nativeEvent
    msg = wintypes.MSG.from_address(int(message))
          ^^^^^^^^
NameError: name 'wintypes' is not defined

[14:57:22] [CRITICAL] UNHANDLED GLOBAL EXCEPTION:
Traceback (most recent call last):
  File "D:\Somethings\ToolTest\gui.py", line 1651, in nativeEvent
    msg = wintypes.MSG.from_address(int(message))
          ^^^^^^^^
NameError: name 'wintypes' is not defined

[14:57:22] [CRITICAL] UNHANDLED GLOBAL EXCEPTION:
Traceback (most recent call last):
  File "D:\Somethings\ToolTest\gui.py", line 1651, in nativeEvent
    msg = wintypes.MSG.from_address(int(message))
          ^^^^^^^^
NameError: name 'wintypes' is not defined

[14:57:22] [CRITICAL] UNHANDLED GLOBAL EXCEPTION:
Traceback (most recent call last):
  File "D:\Somethings\ToolTest\gui.py", line 1651, in nativeEvent
    msg = wintypes.MSG.from_address(int(message))
          ^^^^^^^^
NameError: name 'wintypes' is not defined

[14:57:22] [CRITICAL] UNHANDLED GLOBAL EXCEPTION:
Traceback (most recent call last):
  File "D:\Somethings\ToolTest\gui.py", line 1651, in nativeEvent
    msg = wintypes.MSG.from_address(int(message))
          ^^^^^^^^
NameError: name 'wintypes' is not defined

[14:57:22] [CRITICAL] UNHANDLED GLOBAL EXCEPTION:
Traceback (most recent call last):
  File "D:\Somethings\ToolTest\gui.py", line 1651, in nativeEvent
    msg = wintypes.MSG.from_address(int(message))
          ^^^^^^^^
NameError: name 'wintypes' is not defined

[14:57:22] [CRITICAL] UNHANDLED GLOBAL EXCEPTION:
Traceback (most recent call last):
  File "D:\Somethings\ToolTest\gui.py", line 1651, in nativeEvent
    msg = wintypes.MSG.from_address(int(message))
          ^^^^^^^^
NameError: name 'wintypes' is not defined

[14:57:22] [CRITICAL] UNHANDLED GLOBAL EXCEPTION:
Traceback (most recent call last):
  File "D:\Somethings\ToolTest\gui.py", line 1651, in nativeEvent
    msg = wintypes.MSG.from_address(int(message))
          ^^^^^^^^
NameError: name 'wintypes' is not defined

[14:57:22] [CRITICAL] UNHANDLED GLOBAL EXCEPTION:
Traceback (most recent call last):
  File "D:\Somethings\ToolTest\gui.py", line 1651, in nativeEvent
    msg = wintypes.MSG.from_address(int(message))
          ^^^^^^^^
NameError: name 'wintypes' is not defined

[14:57:22] [CRITICAL] UNHANDLED GLOBAL EXCEPTION:
Traceback (most recent call last):
  File "D:\Somethings\ToolTest\gui.py", line 1651, in nativeEvent
    msg = wintypes.MSG.from_address(int(message))
          ^^^^^^^^
NameError: name 'wintypes' is not defined

[14:57:22] [CRITICAL] UNHANDLED GLOBAL EXCEPTION:
Traceback (most recent call last):
  File "D:\Somethings\ToolTest\gui.py", line 1651, in nativeEvent
    msg = wintypes.MSG.from_address(int(message))
          ^^^^^^^^
NameError: name 'wintypes' is not defined

[14:57:22] [CRITICAL] UNHANDLED GLOBAL EXCEPTION:
Traceback (most recent call last):
  File "D:\Somethings\ToolTest\gui.py", line 1651, in nativeEvent
    msg = wintypes.MSG.from_address(int(message))
          ^^^^^^^^
NameError: name 'wintypes' is not defined

[14:57:22] [CRITICAL] UNHANDLED GLOBAL EXCEPTION:
Traceback (most recent call last):
  File "D:\Somethings\ToolTest\gui.py", line 1651, in nativeEvent
    msg = wintypes.MSG.from_address(int(message))
          ^^^^^^^^
NameError: name 'wintypes' is not defined

[14:57:22] [CRITICAL] UNHANDLED GLOBAL EXCEPTION:
Traceback (most recent call last):
  File "D:\Somethings\ToolTest\gui.py", line 1651, in nativeEvent
    msg = wintypes.MSG.from_address(int(message))
          ^^^^^^^^
NameError: name 'wintypes' is not defined

[14:57:22] [CRITICAL] UNHANDLED GLOBAL EXCEPTION:
Traceback (most recent call last):
  File "D:\Somethings\ToolTest\gui.py", line 1651, in nativeEvent
    msg = wintypes.MSG.from_address(int(message))
          ^^^^^^^^
NameError: name 'wintypes' is not defined

[14:57:22] [CRITICAL] UNHANDLED GLOBAL EXCEPTION:
Traceback (most recent call last):
  File "D:\Somethings\ToolTest\gui.py", line 1651, in nativeEvent
    msg = wintypes.MSG.from_address(int(message))
          ^^^^^^^^
NameError: name 'wintypes' is not defined

[14:57:22] [CRITICAL] UNHANDLED GLOBAL EXCEPTION:
Traceback (most recent call last):
  File "D:\Somethings\ToolTest\gui.py", line 1651, in nativeEvent
    msg = wintypes.MSG.from_address(int(message))
          ^^^^^^^^
NameError: name 'wintypes' is not defined

[14:57:22] [CRITICAL] UNHANDLED GLOBAL EXCEPTION:
Traceback (most recent call last):
  File "D:\Somethings\ToolTest\gui.py", line 1651, in nativeEvent
    msg = wintypes.MSG.from_address(int(message))
          ^^^^^^^^
NameError: name 'wintypes' is not defined

[14:57:22] [CRITICAL] UNHANDLED GLOBAL EXCEPTION:
Traceback (most recent call last):
  File "D:\Somethings\ToolTest\gui.py", line 1651, in nativeEvent
    msg = wintypes.MSG.from_address(int(message))
          ^^^^^^^^
NameError: name 'wintypes' is not defined

[14:57:22] [CRITICAL] UNHANDLED GLOBAL EXCEPTION:
Traceback (most recent call last):
  File "D:\Somethings\ToolTest\gui.py", line 1651, in nativeEvent
    msg = wintypes.MSG.from_address(int(message))
          ^^^^^^^^
NameError: name 'wintypes' is not defined

[14:57:22] [CRITICAL] UNHANDLED GLOBAL EXCEPTION:
Traceback (most recent call last):
  File "D:\Somethings\ToolTest\gui.py", line 1651, in nativeEvent
    msg = wintypes.MSG.from_address(int(message))
          ^^^^^^^^
NameError: name 'wintypes' is not defined

[14:57:22] [CRITICAL] UNHANDLED GLOBAL EXCEPTION:
Traceback (most recent call last):
  File "D:\Somethings\ToolTest\gui.py", line 1651, in nativeEvent
    msg = wintypes.MSG.from_address(int(message))
          ^^^^^^^^
NameError: name 'wintypes' is not defined

[14:57:22] [CRITICAL] UNHANDLED GLOBAL EXCEPTION:
Traceback (most recent call last):
  File "D:\Somethings\ToolTest\gui.py", line 1651, in nativeEvent
    msg = wintypes.MSG.from_address(int(message))
          ^^^^^^^^
NameError: name 'wintypes' is not defined

[14:57:22] [CRITICAL] UNHANDLED GLOBAL EXCEPTION:
Traceback (most recent call last):
  File "D:\Somethings\ToolTest\gui.py", line 1651, in nativeEvent
    msg = wintypes.MSG.from_address(int(message))
          ^^^^^^^^
NameError: name 'wintypes' is not defined

[14:57:22] [CRITICAL] UNHANDLED GLOBAL EXCEPTION:
Traceback (most recent call last):
  File "D:\Somethings\ToolTest\gui.py", line 1651, in nativeEvent
    msg = wintypes.MSG.from_address(int(message))
          ^^^^^^^^
NameError: name 'wintypes' is not defined

[14:57:22] [CRITICAL] UNHANDLED GLOBAL EXCEPTION:
Traceback (most recent call last):
  File "D:\Somethings\ToolTest\gui.py", line 1651, in nativeEvent
    msg = wintypes.MSG.from_address(int(message))
          ^^^^^^^^
NameError: name 'wintypes' is not defined

[14:57:22] [CRITICAL] UNHANDLED GLOBAL EXCEPTION:
Traceback (most recent call last):
  File "D:\Somethings\ToolTest\gui.py", line 1651, in nativeEvent
    msg = wintypes.MSG.from_address(int(message))
          ^^^^^^^^
NameError: name 'wintypes' is not defined

[14:57:22] [CRITICAL] UNHANDLED GLOBAL EXCEPTION:
Traceback (most recent call last):
  File "D:\Somethings\ToolTest\gui.py", line 1651, in nativeEvent
    msg = wintypes.MSG.from_address(int(message))
          ^^^^^^^^
NameError: name 'wintypes' is not defined

[14:57:22] [CRITICAL] UNHANDLED GLOBAL EXCEPTION:
Traceback (most recent call last):
  File "D:\Somethings\ToolTest\gui.py", line 1651, in nativeEvent
    msg = wintypes.MSG.from_address(int(message))
          ^^^^^^^^
NameError: name 'wintypes' is not defined

[14:57:22] [CRITICAL] UNHANDLED GLOBAL EXCEPTION:
Traceback (most recent call last):
  File "D:\Somethings\ToolTest\gui.py", line 1651, in nativeEvent
    msg = wintypes.MSG.from_address(int(message))
          ^^^^^^^^
NameError: name 'wintypes' is not defined

[14:57:22] [CRITICAL] UNHANDLED GLOBAL EXCEPTION:
Traceback (most recent call last):
  File "D:\Somethings\ToolTest\gui.py", line 1651, in nativeEvent
    msg = wintypes.MSG.from_address(int(message))
          ^^^^^^^^
NameError: name 'wintypes' is not defined

[14:57:22] [CRITICAL] UNHANDLED GLOBAL EXCEPTION:
Traceback (most recent call last):
  File "D:\Somethings\ToolTest\gui.py", line 1651, in nativeEvent
    msg = wintypes.MSG.from_address(int(message))
          ^^^^^^^^
NameError: name 'wintypes' is not defined

[14:57:22] [CRITICAL] UNHANDLED GLOBAL EXCEPTION:
Traceback (most recent call last):
  File "D:\Somethings\ToolTest\gui.py", line 1651, in nativeEvent
    msg = wintypes.MSG.from_address(int(message))
          ^^^^^^^^
NameError: name 'wintypes' is not defined

[14:57:22] [CRITICAL] UNHANDLED GLOBAL EXCEPTION:
Traceback (most recent call last):
  File "D:\Somethings\ToolTest\gui.py", line 1651, in nativeEvent
    msg = wintypes.MSG.from_address(int(message))
          ^^^^^^^^
NameError: name 'wintypes' is not defined

[14:57:22] [CRITICAL] UNHANDLED GLOBAL EXCEPTION:
Traceback (most recent call last):
  File "D:\Somethings\ToolTest\gui.py", line 1651, in nativeEvent
    msg = wintypes.MSG.from_address(int(message))
          ^^^^^^^^
NameError: name 'wintypes' is not defined

[14:57:22] [CRITICAL] UNHANDLED GLOBAL EXCEPTION:
Traceback (most recent call last):
  File "D:\Somethings\ToolTest\gui.py", line 1651, in nativeEvent
    msg = wintypes.MSG.from_address(int(message))
          ^^^^^^^^
NameError: name 'wintypes' is not defined

[14:57:22] [CRITICAL] UNHANDLED GLOBAL EXCEPTION:
Traceback (most recent call last):
  File "D:\Somethings\ToolTest\gui.py", line 1651, in nativeEvent
    msg = wintypes.MSG.from_address(int(message))
          ^^^^^^^^
NameError: name 'wintypes' is not defined

[14:57:22] [CRITICAL] UNHANDLED GLOBAL EXCEPTION:
Traceback (most recent call last):
  File "D:\Somethings\ToolTest\gui.py", line 1651, in nativeEvent
    msg = wintypes.MSG.from_address(int(message))
          ^^^^^^^^
NameError: name 'wintypes' is not defined

[14:57:22] [CRITICAL] UNHANDLED GLOBAL EXCEPTION:
Traceback (most recent call last):
  File "D:\Somethings\ToolTest\gui.py", line 1651, in nativeEvent
    msg = wintypes.MSG.from_address(int(message))
          ^^^^^^^^
NameError: name 'wintypes' is not defined

[14:57:22] [CRITICAL] UNHANDLED GLOBAL EXCEPTION:
Traceback (most recent call last):
  File "D:\Somethings\ToolTest\gui.py", line 1651, in nativeEvent
    msg = wintypes.MSG.from_address(int(message))
          ^^^^^^^^
NameError: name 'wintypes' is not defined

[14:57:22] [CRITICAL] UNHANDLED GLOBAL EXCEPTION:
Traceback (most recent call last):
  File "D:\Somethings\ToolTest\gui.py", line 1651, in nativeEvent
    msg = wintypes.MSG.from_address(int(message))
          ^^^^^^^^
NameError: name 'wintypes' is not defined

[14:57:22] [CRITICAL] UNHANDLED GLOBAL EXCEPTION:
Traceback (most recent call last):
  File "D:\Somethings\ToolTest\gui.py", line 1651, in nativeEvent
    msg = wintypes.MSG.from_address(int(message))
          ^^^^^^^^
NameError: name 'wintypes' is not defined

[14:57:22] [CRITICAL] UNHANDLED GLOBAL EXCEPTION:
Traceback (most recent call last):
  File "D:\Somethings\ToolTest\gui.py", line 1651, in nativeEvent
    msg = wintypes.MSG.from_address(int(message))
          ^^^^^^^^
NameError: name 'wintypes' is not defined

[14:57:22] [CRITICAL] UNHANDLED GLOBAL EXCEPTION:
Traceback (most recent call last):
  File "D:\Somethings\ToolTest\gui.py", line 1651, in nativeEvent
    msg = wintypes.MSG.from_address(int(message))
          ^^^^^^^^
NameError: name 'wintypes' is not defined

[14:57:22] [CRITICAL] UNHANDLED GLOBAL EXCEPTION:
Traceback (most recent call last):
  File "D:\Somethings\ToolTest\gui.py", line 1651, in nativeEvent
    msg = wintypes.MSG.from_address(int(message))
          ^^^^^^^^
NameError: name 'wintypes' is not defined

[14:57:22] [CRITICAL] UNHANDLED GLOBAL EXCEPTION:
Traceback (most recent call last):
  File "D:\Somethings\ToolTest\gui.py", line 1651, in nativeEvent
    msg = wintypes.MSG.from_address(int(message))
          ^^^^^^^^
NameError: name 'wintypes' is not defined

[14:57:22] [CRITICAL] UNHANDLED GLOBAL EXCEPTION:
Traceback (most recent call last):
  File "D:\Somethings\ToolTest\gui.py", line 1651, in nativeEvent
    msg = wintypes.MSG.from_address(int(message))
          ^^^^^^^^
NameError: name 'wintypes' is not defined

[14:57:22] [CRITICAL] UNHANDLED GLOBAL EXCEPTION:
Traceback (most recent call last):
  File "D:\Somethings\ToolTest\gui.py", line 1651, in nativeEvent
    msg = wintypes.MSG.from_address(int(message))
          ^^^^^^^^
NameError: name 'wintypes' is not defined

[14:57:22] [CRITICAL] UNHANDLED GLOBAL EXCEPTION:
Traceback (most recent call last):
  File "D:\Somethings\ToolTest\gui.py", line 1651, in nativeEvent
    msg = wintypes.MSG.from_address(int(message))
          ^^^^^^^^
NameError: name 'wintypes' is not defined

[14:57:22] [CRITICAL] UNHANDLED GLOBAL EXCEPTION:
Traceback (most recent call last):
  File "D:\Somethings\ToolTest\gui.py", line 1651, in nativeEvent
    msg = wintypes.MSG.from_address(int(message))
          ^^^^^^^^
NameError: name 'wintypes' is not defined

[14:57:22] [CRITICAL] UNHANDLED GLOBAL EXCEPTION:
Traceback (most recent call last):
  File "D:\Somethings\ToolTest\gui.py", line 1651, in nativeEvent
    msg = wintypes.MSG.from_address(int(message))
          ^^^^^^^^
NameError: name 'wintypes' is not defined

[14:57:22] [CRITICAL] UNHANDLED GLOBAL EXCEPTION:
Traceback (most recent call last):
  File "D:\Somethings\ToolTest\gui.py", line 1651, in nativeEvent
    msg = wintypes.MSG.from_address(int(message))
          ^^^^^^^^
NameError: name 'wintypes' is not defined

[14:57:22] [CRITICAL] UNHANDLED GLOBAL EXCEPTION:
Traceback (most recent call last):
  File "D:\Somethings\ToolTest\gui.py", line 1651, in nativeEvent
    msg = wintypes.MSG.from_address(int(message))
          ^^^^^^^^
NameError: name 'wintypes' is not defined

[14:57:22] [CRITICAL] UNHANDLED GLOBAL EXCEPTION:
Traceback (most recent call last):
  File "D:\Somethings\ToolTest\gui.py", line 1651, in nativeEvent
    msg = wintypes.MSG.from_address(int(message))
          ^^^^^^^^
NameError: name 'wintypes' is not defined

[14:57:22] [CRITICAL] UNHANDLED GLOBAL EXCEPTION:
Traceback (most recent call last):
  File "D:\Somethings\ToolTest\gui.py", line 1651, in nativeEvent
    msg = wintypes.MSG.from_address(int(message))
          ^^^^^^^^
NameError: name 'wintypes' is not defined

[14:57:23] [CRITICAL] UNHANDLED GLOBAL EXCEPTION:
Traceback (most recent call last):
  File "D:\Somethings\ToolTest\gui.py", line 1651, in nativeEvent
    msg = wintypes.MSG.from_address(int(message))
          ^^^^^^^^
NameError: name 'wintypes' is not defined

[14:57:23] [CRITICAL] UNHANDLED GLOBAL EXCEPTION:
Traceback (most recent call last):
  File "D:\Somethings\ToolTest\gui.py", line 1651, in nativeEvent
    msg = wintypes.MSG.from_address(int(message))
          ^^^^^^^^
NameError: name 'wintypes' is not defined

[14:57:23] [CRITICAL] UNHANDLED GLOBAL EXCEPTION:
Traceback (most recent call last):
  File "D:\Somethings\ToolTest\gui.py", line 1651, in nativeEvent
    msg = wintypes.MSG.from_address(int(message))
          ^^^^^^^^
NameError: name 'wintypes' is not defined

[14:57:23] [CRITICAL] UNHANDLED GLOBAL EXCEPTION:
Traceback (most recent call last):
  File "D:\Somethings\ToolTest\gui.py", line 1651, in nativeEvent
    msg = wintypes.MSG.from_address(int(message))
          ^^^^^^^^
NameError: name 'wintypes' is not defined

[14:57:23] [CRITICAL] UNHANDLED GLOBAL EXCEPTION:
Traceback (most recent call last):
  File "D:\Somethings\ToolTest\gui.py", line 1651, in nativeEvent
    msg = wintypes.MSG.from_address(int(message))
          ^^^^^^^^
NameError: name 'wintypes' is not defined

[14:57:23] [CRITICAL] UNHANDLED GLOBAL EXCEPTION:
Traceback (most recent call last):
  File "D:\Somethings\ToolTest\gui.py", line 1651, in nativeEvent
    msg = wintypes.MSG.from_address(int(message))
          ^^^^^^^^
NameError: name 'wintypes' is not defined

[14:57:23] [CRITICAL] UNHANDLED GLOBAL EXCEPTION:
Traceback (most recent call last):
  File "D:\Somethings\ToolTest\gui.py", line 1651, in nativeEvent
    msg = wintypes.MSG.from_address(int(message))
          ^^^^^^^^
NameError: name 'wintypes' is not defined

[14:57:23] [CRITICAL] UNHANDLED GLOBAL EXCEPTION:
Traceback (most recent call last):
  File "D:\Somethings\ToolTest\gui.py", line 1651, in nativeEvent
    msg = wintypes.MSG.from_address(int(message))
          ^^^^^^^^
NameError: name 'wintypes' is not defined

[14:57:23] [CRITICAL] UNHANDLED GLOBAL EXCEPTION:
Traceback (most recent call last):
  File "D:\Somethings\ToolTest\gui.py", line 1651, in nativeEvent
    msg = wintypes.MSG.from_address(int(message))
          ^^^^^^^^
NameError: name 'wintypes' is not defined

[14:57:23] [CRITICAL] UNHANDLED GLOBAL EXCEPTION:
Traceback (most recent call last):
  File "D:\Somethings\ToolTest\gui.py", line 1651, in nativeEvent
    msg = wintypes.MSG.from_address(int(message))
          ^^^^^^^^
NameError: name 'wintypes' is not defined

[14:57:23] [CRITICAL] UNHANDLED GLOBAL EXCEPTION:
Traceback (most recent call last):
  File "D:\Somethings\ToolTest\gui.py", line 1651, in nativeEvent
    msg = wintypes.MSG.from_address(int(message))
          ^^^^^^^^
NameError: name 'wintypes' is not defined

[14:57:23] [CRITICAL] UNHANDLED GLOBAL EXCEPTION:
Traceback (most recent call last):
  File "D:\Somethings\ToolTest\gui.py", line 1651, in nativeEvent
    msg = wintypes.MSG.from_address(int(message))
          ^^^^^^^^
NameError: name 'wintypes' is not defined

[14:57:23] [CRITICAL] UNHANDLED GLOBAL EXCEPTION:
Traceback (most recent call last):
  File "D:\Somethings\ToolTest\gui.py", line 1651, in nativeEvent
    msg = wintypes.MSG.from_address(int(message))
          ^^^^^^^^
NameError: name 'wintypes' is not defined

[14:57:23] [CRITICAL] UNHANDLED GLOBAL EXCEPTION:
Traceback (most recent call last):
  File "D:\Somethings\ToolTest\gui.py", line 1651, in nativeEvent
    msg = wintypes.MSG.from_address(int(message))
          ^^^^^^^^
NameError: name 'wintypes' is not defined

[14:57:23] [CRITICAL] UNHANDLED GLOBAL EXCEPTION:
Traceback (most recent call last):
  File "D:\Somethings\ToolTest\gui.py", line 1651, in nativeEvent
    msg = wintypes.MSG.from_address(int(message))
          ^^^^^^^^
NameError: name 'wintypes' is not defined

[14:57:23] [CRITICAL] UNHANDLED GLOBAL EXCEPTION:
Traceback (most recent call last):
  File "D:\Somethings\ToolTest\gui.py", line 1651, in nativeEvent
    msg = wintypes.MSG.from_address(int(message))
          ^^^^^^^^
NameError: name 'wintypes' is not defined

[14:57:23] [CRITICAL] UNHANDLED GLOBAL EXCEPTION:
Traceback (most recent call last):
  File "D:\Somethings\ToolTest\gui.py", line 1651, in nativeEvent
    msg = wintypes.MSG.from_address(int(message))
          ^^^^^^^^
NameError: name 'wintypes' is not defined

[14:57:23] [CRITICAL] UNHANDLED GLOBAL EXCEPTION:
Traceback (most recent call last):
  File "D:\Somethings\ToolTest\gui.py", line 1651, in nativeEvent
    msg = wintypes.MSG.from_address(int(message))
          ^^^^^^^^
NameError: name 'wintypes' is not defined

[14:57:23] [CRITICAL] UNHANDLED GLOBAL EXCEPTION:
Traceback (most recent call last):
  File "D:\Somethings\ToolTest\gui.py", line 1651, in nativeEvent
    msg = wintypes.MSG.from_address(int(message))
          ^^^^^^^^
NameError: name 'wintypes' is not defined

[14:57:23] [CRITICAL] UNHANDLED GLOBAL EXCEPTION:
Traceback (most recent call last):
  File "D:\Somethings\ToolTest\gui.py", line 1651, in nativeEvent
    msg = wintypes.MSG.from_address(int(message))
          ^^^^^^^^
NameError: name 'wintypes' is not defined

[14:57:23] [CRITICAL] UNHANDLED GLOBAL EXCEPTION:
Traceback (most recent call last):
  File "D:\Somethings\ToolTest\gui.py", line 1651, in nativeEvent
    msg = wintypes.MSG.from_address(int(message))
          ^^^^^^^^
NameError: name 'wintypes' is not defined

[14:57:23] [CRITICAL] UNHANDLED GLOBAL EXCEPTION:
Traceback (most recent call last):
  File "D:\Somethings\ToolTest\gui.py", line 1651, in nativeEvent
    msg = wintypes.MSG.from_address(int(message))
          ^^^^^^^^
NameError: name 'wintypes' is not defined

[14:57:23] [CRITICAL] UNHANDLED GLOBAL EXCEPTION:
Traceback (most recent call last):
  File "D:\Somethings\ToolTest\gui.py", line 1651, in nativeEvent
    msg = wintypes.MSG.from_address(int(message))
          ^^^^^^^^
NameError: name 'wintypes' is not defined

[14:57:23] [CRITICAL] UNHANDLED GLOBAL EXCEPTION:
Traceback (most recent call last):
  File "D:\Somethings\ToolTest\gui.py", line 1651, in nativeEvent
    msg = wintypes.MSG.from_address(int(message))
          ^^^^^^^^
NameError: name 'wintypes' is not defined

[14:57:23] [CRITICAL] UNHANDLED GLOBAL EXCEPTION:
Traceback (most recent call last):
  File "D:\Somethings\ToolTest\gui.py", line 1651, in nativeEvent
    msg = wintypes.MSG.from_address(int(message))
          ^^^^^^^^
NameError: name 'wintypes' is not defined

[14:57:23] [CRITICAL] UNHANDLED GLOBAL EXCEPTION:
Traceback (most recent call last):
  File "D:\Somethings\ToolTest\gui.py", line 1651, in nativeEvent
    msg = wintypes.MSG.from_address(int(message))
          ^^^^^^^^
NameError: name 'wintypes' is not defined

[14:57:23] [CRITICAL] UNHANDLED GLOBAL EXCEPTION:
Traceback (most recent call last):
  File "D:\Somethings\ToolTest\gui.py", line 1651, in nativeEvent
    msg = wintypes.MSG.from_address(int(message))
          ^^^^^^^^
NameError: name 'wintypes' is not defined

[14:57:23] [CRITICAL] UNHANDLED GLOBAL EXCEPTION:
Traceback (most recent call last):
  File "D:\Somethings\ToolTest\gui.py", line 1651, in nativeEvent
    msg = wintypes.MSG.from_address(int(message))
          ^^^^^^^^
NameError: name 'wintypes' is not defined

[14:57:23] [CRITICAL] UNHANDLED GLOBAL EXCEPTION:
Traceback (most recent call last):
  File "D:\Somethings\ToolTest\gui.py", line 1651, in nativeEvent
    msg = wintypes.MSG.from_address(int(message))
          ^^^^^^^^
NameError: name 'wintypes' is not defined

[14:57:23] [CRITICAL] UNHANDLED GLOBAL EXCEPTION:
Traceback (most recent call last):
  File "D:\Somethings\ToolTest\gui.py", line 1651, in nativeEvent
    msg = wintypes.MSG.from_address(int(message))
          ^^^^^^^^
NameError: name 'wintypes' is not defined

[14:57:23] [CRITICAL] UNHANDLED GLOBAL EXCEPTION:
Traceback (most recent call last):
  File "D:\Somethings\ToolTest\gui.py", line 1651, in nativeEvent
    msg = wintypes.MSG.from_address(int(message))
          ^^^^^^^^
NameError: name 'wintypes' is not defined

[14:57:23] [CRITICAL] UNHANDLED GLOBAL EXCEPTION:
Traceback (most recent call last):
  File "D:\Somethings\ToolTest\gui.py", line 1651, in nativeEvent
    msg = wintypes.MSG.from_address(int(message))
          ^^^^^^^^
NameError: name 'wintypes' is not defined

[14:57:23] [CRITICAL] UNHANDLED GLOBAL EXCEPTION:
Traceback (most recent call last):
  File "D:\Somethings\ToolTest\gui.py", line 1651, in nativeEvent
    msg = wintypes.MSG.from_address(int(message))
          ^^^^^^^^
NameError: name 'wintypes' is not defined

[14:57:23] [CRITICAL] UNHANDLED GLOBAL EXCEPTION:
Traceback (most recent call last):
  File "D:\Somethings\ToolTest\gui.py", line 1651, in nativeEvent
    msg = wintypes.MSG.from_address(int(message))
          ^^^^^^^^
NameError: name 'wintypes' is not defined

[14:57:23] [CRITICAL] UNHANDLED GLOBAL EXCEPTION:
Traceback (most recent call last):
  File "D:\Somethings\ToolTest\gui.py", line 1651, in nativeEvent
    msg = wintypes.MSG.from_address(int(message))
          ^^^^^^^^
NameError: name 'wintypes' is not defined

[14:57:23] [CRITICAL] UNHANDLED GLOBAL EXCEPTION:
Traceback (most recent call last):
  File "D:\Somethings\ToolTest\gui.py", line 1651, in nativeEvent
    msg = wintypes.MSG.from_address(int(message))
          ^^^^^^^^
NameError: name 'wintypes' is not defined

[14:57:23] [CRITICAL] UNHANDLED GLOBAL EXCEPTION:
Traceback (most recent call last):
  File "D:\Somethings\ToolTest\gui.py", line 1651, in nativeEvent
    msg = wintypes.MSG.from_address(int(message))
          ^^^^^^^^
NameError: name 'wintypes' is not defined

[14:57:23] [CRITICAL] UNHANDLED GLOBAL EXCEPTION:
Traceback (most recent call last):
  File "D:\Somethings\ToolTest\gui.py", line 1651, in nativeEvent
    msg = wintypes.MSG.from_address(int(message))
          ^^^^^^^^
NameError: name 'wintypes' is not defined

[14:57:23] [CRITICAL] UNHANDLED GLOBAL EXCEPTION:
Traceback (most recent call last):
  File "D:\Somethings\ToolTest\gui.py", line 1651, in nativeEvent
    msg = wintypes.MSG.from_address(int(message))
          ^^^^^^^^
NameError: name 'wintypes' is not defined

[14:57:23] [CRITICAL] UNHANDLED GLOBAL EXCEPTION:
Traceback (most recent call last):
  File "D:\Somethings\ToolTest\gui.py", line 1651, in nativeEvent
    msg = wintypes.MSG.from_address(int(message))
          ^^^^^^^^
NameError: name 'wintypes' is not defined

[14:57:23] [CRITICAL] UNHANDLED GLOBAL EXCEPTION:
Traceback (most recent call last):
  File "D:\Somethings\ToolTest\gui.py", line 1651, in nativeEvent
    msg = wintypes.MSG.from_address(int(message))
          ^^^^^^^^
NameError: name 'wintypes' is not defined

[14:57:23] [CRITICAL] UNHANDLED GLOBAL EXCEPTION:
Traceback (most recent call last):
  File "D:\Somethings\ToolTest\gui.py", line 1651, in nativeEvent
    msg = wintypes.MSG.from_address(int(message))
          ^^^^^^^^
NameError: name 'wintypes' is not defined

[14:57:23] [CRITICAL] UNHANDLED GLOBAL EXCEPTION:
Traceback (most recent call last):
  File "D:\Somethings\ToolTest\gui.py", line 1651, in nativeEvent
    msg = wintypes.MSG.from_address(int(message))
          ^^^^^^^^
NameError: name 'wintypes' is not defined

[14:57:23] [CRITICAL] UNHANDLED GLOBAL EXCEPTION:
Traceback (most recent call last):
  File "D:\Somethings\ToolTest\gui.py", line 1651, in nativeEvent
    msg = wintypes.MSG.from_address(int(message))
          ^^^^^^^^
NameError: name 'wintypes' is not defined

[14:57:23] [CRITICAL] UNHANDLED GLOBAL EXCEPTION:
Traceback (most recent call last):
  File "D:\Somethings\ToolTest\gui.py", line 1651, in nativeEvent
    msg = wintypes.MSG.from_address(int(message))
          ^^^^^^^^
NameError: name 'wintypes' is not defined

[14:57:23] [CRITICAL] UNHANDLED GLOBAL EXCEPTION:
Traceback (most recent call last):
  File "D:\Somethings\ToolTest\gui.py", line 1651, in nativeEvent
    msg = wintypes.MSG.from_address(int(message))
          ^^^^^^^^
NameError: name 'wintypes' is not defined

[14:57:23] [CRITICAL] UNHANDLED GLOBAL EXCEPTION:
Traceback (most recent call last):
  File "D:\Somethings\ToolTest\gui.py", line 1651, in nativeEvent
    msg = wintypes.MSG.from_address(int(message))
          ^^^^^^^^
NameError: name 'wintypes' is not defined

[14:57:23] [CRITICAL] UNHANDLED GLOBAL EXCEPTION:
Traceback (most recent call last):
  File "D:\Somethings\ToolTest\gui.py", line 1651, in nativeEvent
    msg = wintypes.MSG.from_address(int(message))
          ^^^^^^^^
NameError: name 'wintypes' is not defined

[14:57:23] [CRITICAL] UNHANDLED GLOBAL EXCEPTION:
Traceback (most recent call last):
  File "D:\Somethings\ToolTest\gui.py", line 1651, in nativeEvent
    msg = wintypes.MSG.from_address(int(message))
          ^^^^^^^^
NameError: name 'wintypes' is not defined

[14:57:23] [CRITICAL] UNHANDLED GLOBAL EXCEPTION:
Traceback (most recent call last):
  File "D:\Somethings\ToolTest\gui.py", line 1651, in nativeEvent
    msg = wintypes.MSG.from_address(int(message))
          ^^^^^^^^
NameError: name 'wintypes' is not defined

[14:57:23] [CRITICAL] UNHANDLED GLOBAL EXCEPTION:
Traceback (most recent call last):
  File "D:\Somethings\ToolTest\gui.py", line 1651, in nativeEvent
    msg = wintypes.MSG.from_address(int(message))
          ^^^^^^^^
NameError: name 'wintypes' is not defined

[14:57:23] [CRITICAL] UNHANDLED GLOBAL EXCEPTION:
Traceback (most recent call last):
  File "D:\Somethings\ToolTest\gui.py", line 1651, in nativeEvent
    msg = wintypes.MSG.from_address(int(message))
          ^^^^^^^^
NameError: name 'wintypes' is not defined

[14:57:23] [CRITICAL] UNHANDLED GLOBAL EXCEPTION:
Traceback (most recent call last):
  File "D:\Somethings\ToolTest\gui.py", line 1651, in nativeEvent
    msg = wintypes.MSG.from_address(int(message))
          ^^^^^^^^
NameError: name 'wintypes' is not defined

[14:57:23] [CRITICAL] UNHANDLED GLOBAL EXCEPTION:
Traceback (most recent call last):
  File "D:\Somethings\ToolTest\gui.py", line 1651, in nativeEvent
    msg = wintypes.MSG.from_address(int(message))
          ^^^^^^^^
NameError: name 'wintypes' is not defined

[14:57:23] [CRITICAL] UNHANDLED GLOBAL EXCEPTION:
Traceback (most recent call last):
  File "D:\Somethings\ToolTest\gui.py", line 1651, in nativeEvent
    msg = wintypes.MSG.from_address(int(message))
          ^^^^^^^^
NameError: name 'wintypes' is not defined

[14:57:23] [CRITICAL] UNHANDLED GLOBAL EXCEPTION:
Traceback (most recent call last):
  File "D:\Somethings\ToolTest\gui.py", line 1651, in nativeEvent
    msg = wintypes.MSG.from_address(int(message))
          ^^^^^^^^
NameError: name 'wintypes' is not defined

[14:57:23] [CRITICAL] UNHANDLED GLOBAL EXCEPTION:
Traceback (most recent call last):
  File "D:\Somethings\ToolTest\gui.py", line 1651, in nativeEvent
    msg = wintypes.MSG.from_address(int(message))
          ^^^^^^^^
NameError: name 'wintypes' is not defined

[14:57:23] [CRITICAL] UNHANDLED GLOBAL EXCEPTION:
Traceback (most recent call last):
  File "D:\Somethings\ToolTest\gui.py", line 1651, in nativeEvent
    msg = wintypes.MSG.from_address(int(message))
          ^^^^^^^^
NameError: name 'wintypes' is not defined

[14:57:23] [CRITICAL] UNHANDLED GLOBAL EXCEPTION:
Traceback (most recent call last):
  File "D:\Somethings\ToolTest\gui.py", line 1651, in nativeEvent
    msg = wintypes.MSG.from_address(int(message))
          ^^^^^^^^
NameError: name 'wintypes' is not defined

[14:57:23] [CRITICAL] UNHANDLED GLOBAL EXCEPTION:
Traceback (most recent call last):
  File "D:\Somethings\ToolTest\gui.py", line 1651, in nativeEvent
    msg = wintypes.MSG.from_address(int(message))
          ^^^^^^^^
NameError: name 'wintypes' is not defined

[14:57:23] [CRITICAL] UNHANDLED GLOBAL EXCEPTION:
Traceback (most recent call last):
  File "D:\Somethings\ToolTest\gui.py", line 1651, in nativeEvent
    msg = wintypes.MSG.from_address(int(message))
          ^^^^^^^^
NameError: name 'wintypes' is not defined

[14:57:23] [CRITICAL] UNHANDLED GLOBAL EXCEPTION:
Traceback (most recent call last):
  File "D:\Somethings\ToolTest\gui.py", line 1651, in nativeEvent
    msg = wintypes.MSG.from_address(int(message))
          ^^^^^^^^
NameError: name 'wintypes' is not defined

[14:57:23] [CRITICAL] UNHANDLED GLOBAL EXCEPTION:
Traceback (most recent call last):
  File "D:\Somethings\ToolTest\gui.py", line 1651, in nativeEvent
    msg = wintypes.MSG.from_address(int(message))
          ^^^^^^^^
NameError: name 'wintypes' is not defined

[14:57:23] [CRITICAL] UNHANDLED GLOBAL EXCEPTION:
Traceback (most recent call last):
  File "D:\Somethings\ToolTest\gui.py", line 1651, in nativeEvent
    msg = wintypes.MSG.from_address(int(message))
          ^^^^^^^^
NameError: name 'wintypes' is not defined

[14:57:23] [CRITICAL] UNHANDLED GLOBAL EXCEPTION:
Traceback (most recent call last):
  File "D:\Somethings\ToolTest\gui.py", line 1651, in nativeEvent
    msg = wintypes.MSG.from_address(int(message))
          ^^^^^^^^
NameError: name 'wintypes' is not defined

[14:57:23] [CRITICAL] UNHANDLED GLOBAL EXCEPTION:
Traceback (most recent call last):
  File "D:\Somethings\ToolTest\gui.py", line 1651, in nativeEvent
    msg = wintypes.MSG.from_address(int(message))
          ^^^^^^^^
NameError: name 'wintypes' is not defined

[14:57:23] [CRITICAL] UNHANDLED GLOBAL EXCEPTION:
Traceback (most recent call last):
  File "D:\Somethings\ToolTest\gui.py", line 1651, in nativeEvent
    msg = wintypes.MSG.from_address(int(message))
          ^^^^^^^^
NameError: name 'wintypes' is not defined

[14:57:23] [CRITICAL] UNHANDLED GLOBAL EXCEPTION:
Traceback (most recent call last):
  File "D:\Somethings\ToolTest\gui.py", line 1651, in nativeEvent
    msg = wintypes.MSG.from_address(int(message))
          ^^^^^^^^
NameError: name 'wintypes' is not defined

[14:57:23] [CRITICAL] UNHANDLED GLOBAL EXCEPTION:
Traceback (most recent call last):
  File "D:\Somethings\ToolTest\gui.py", line 1651, in nativeEvent
    msg = wintypes.MSG.from_address(int(message))
          ^^^^^^^^
NameError: name 'wintypes' is not defined

[14:57:23] [CRITICAL] UNHANDLED GLOBAL EXCEPTION:
Traceback (most recent call last):
  File "D:\Somethings\ToolTest\gui.py", line 1651, in nativeEvent
    msg = wintypes.MSG.from_address(int(message))
          ^^^^^^^^
NameError: name 'wintypes' is not defined

[14:57:23] [CRITICAL] UNHANDLED GLOBAL EXCEPTION:
Traceback (most recent call last):
  File "D:\Somethings\ToolTest\gui.py", line 1651, in nativeEvent
    msg = wintypes.MSG.from_address(int(message))
          ^^^^^^^^
NameError: name 'wintypes' is not defined

[14:57:23] [CRITICAL] UNHANDLED GLOBAL EXCEPTION:
Traceback (most recent call last):
  File "D:\Somethings\ToolTest\gui.py", line 1651, in nativeEvent
    msg = wintypes.MSG.from_address(int(message))
          ^^^^^^^^
NameError: name 'wintypes' is not defined

[14:57:23] [CRITICAL] UNHANDLED GLOBAL EXCEPTION:
Traceback (most recent call last):
  File "D:\Somethings\ToolTest\gui.py", line 1651, in nativeEvent
    msg = wintypes.MSG.from_address(int(message))
          ^^^^^^^^
NameError: name 'wintypes' is not defined

[14:57:23] [CRITICAL] UNHANDLED GLOBAL EXCEPTION:
Traceback (most recent call last):
  File "D:\Somethings\ToolTest\gui.py", line 1651, in nativeEvent
    msg = wintypes.MSG.from_address(int(message))
          ^^^^^^^^
NameError: name 'wintypes' is not defined

[14:57:23] [CRITICAL] UNHANDLED GLOBAL EXCEPTION:
Traceback (most recent call last):
  File "D:\Somethings\ToolTest\gui.py", line 1651, in nativeEvent
    msg = wintypes.MSG.from_address(int(message))
          ^^^^^^^^
NameError: name 'wintypes' is not defined

[14:57:23] [CRITICAL] UNHANDLED GLOBAL EXCEPTION:
Traceback (most recent call last):
  File "D:\Somethings\ToolTest\gui.py", line 1651, in nativeEvent
    msg = wintypes.MSG.from_address(int(message))
          ^^^^^^^^
NameError: name 'wintypes' is not defined

[14:57:23] [CRITICAL] UNHANDLED GLOBAL EXCEPTION:
Traceback (most recent call last):
  File "D:\Somethings\ToolTest\gui.py", line 1651, in nativeEvent
    msg = wintypes.MSG.from_address(int(message))
          ^^^^^^^^
NameError: name 'wintypes' is not defined

[14:57:23] [CRITICAL] UNHANDLED GLOBAL EXCEPTION:
Traceback (most recent call last):
  File "D:\Somethings\ToolTest\gui.py", line 1651, in nativeEvent
    msg = wintypes.MSG.from_address(int(message))
          ^^^^^^^^
NameError: name 'wintypes' is not defined

[14:57:23] [CRITICAL] UNHANDLED GLOBAL EXCEPTION:
Traceback (most recent call last):
  File "D:\Somethings\ToolTest\gui.py", line 1651, in nativeEvent
    msg = wintypes.MSG.from_address(int(message))
          ^^^^^^^^
NameError: name 'wintypes' is not defined

[14:57:23] [CRITICAL] UNHANDLED GLOBAL EXCEPTION:
Traceback (most recent call last):
  File "D:\Somethings\ToolTest\gui.py", line 1651, in nativeEvent
    msg = wintypes.MSG.from_address(int(message))
          ^^^^^^^^
NameError: name 'wintypes' is not defined

[14:57:23] [CRITICAL] UNHANDLED GLOBAL EXCEPTION:
Traceback (most recent call last):
  File "D:\Somethings\ToolTest\gui.py", line 1651, in nativeEvent
    msg = wintypes.MSG.from_address(int(message))
          ^^^^^^^^
NameError: name 'wintypes' is not defined

[14:57:23] [CRITICAL] UNHANDLED GLOBAL EXCEPTION:
Traceback (most recent call last):
  File "D:\Somethings\ToolTest\gui.py", line 1651, in nativeEvent
    msg = wintypes.MSG.from_address(int(message))
          ^^^^^^^^
NameError: name 'wintypes' is not defined

[14:57:23] [CRITICAL] UNHANDLED GLOBAL EXCEPTION:
Traceback (most recent call last):
  File "D:\Somethings\ToolTest\gui.py", line 1651, in nativeEvent
    msg = wintypes.MSG.from_address(int(message))
          ^^^^^^^^
NameError: name 'wintypes' is not defined

[14:57:23] [CRITICAL] UNHANDLED GLOBAL EXCEPTION:
Traceback (most recent call last):
  File "D:\Somethings\ToolTest\gui.py", line 1651, in nativeEvent
    msg = wintypes.MSG.from_address(int(message))
          ^^^^^^^^
NameError: name 'wintypes' is not defined

[14:57:23] [CRITICAL] UNHANDLED GLOBAL EXCEPTION:
Traceback (most recent call last):
  File "D:\Somethings\ToolTest\gui.py", line 1651, in nativeEvent
    msg = wintypes.MSG.from_address(int(message))
          ^^^^^^^^
NameError: name 'wintypes' is not defined

[14:57:23] [CRITICAL] UNHANDLED GLOBAL EXCEPTION:
Traceback (most recent call last):
  File "D:\Somethings\ToolTest\gui.py", line 1651, in nativeEvent
    msg = wintypes.MSG.from_address(int(message))
          ^^^^^^^^
NameError: name 'wintypes' is not defined

[14:57:23] [CRITICAL] UNHANDLED GLOBAL EXCEPTION:
Traceback (most recent call last):
  File "D:\Somethings\ToolTest\gui.py", line 1651, in nativeEvent
    msg = wintypes.MSG.from_address(int(message))
          ^^^^^^^^
NameError: name 'wintypes' is not defined

[14:57:23] [CRITICAL] UNHANDLED GLOBAL EXCEPTION:
Traceback (most recent call last):
  File "D:\Somethings\ToolTest\gui.py", line 1651, in nativeEvent
    msg = wintypes.MSG.from_address(int(message))
          ^^^^^^^^
NameError: name 'wintypes' is not defined

[14:57:23] [CRITICAL] UNHANDLED GLOBAL EXCEPTION:
Traceback (most recent call last):
  File "D:\Somethings\ToolTest\gui.py", line 1651, in nativeEvent
    msg = wintypes.MSG.from_address(int(message))
          ^^^^^^^^
NameError: name 'wintypes' is not defined

[14:57:23] [CRITICAL] UNHANDLED GLOBAL EXCEPTION:
Traceback (most recent call last):
  File "D:\Somethings\ToolTest\gui.py", line 1651, in nativeEvent
    msg = wintypes.MSG.from_address(int(message))
          ^^^^^^^^
NameError: name 'wintypes' is not defined

[14:57:23] [CRITICAL] UNHANDLED GLOBAL EXCEPTION:
Traceback (most recent call last):
  File "D:\Somethings\ToolTest\gui.py", line 1651, in nativeEvent
    msg = wintypes.MSG.from_address(int(message))
          ^^^^^^^^
NameError: name 'wintypes' is not defined

[14:57:23] [CRITICAL] UNHANDLED GLOBAL EXCEPTION:
Traceback (most recent call last):
  File "D:\Somethings\ToolTest\gui.py", line 1651, in nativeEvent
    msg = wintypes.MSG.from_address(int(message))
          ^^^^^^^^
NameError: name 'wintypes' is not defined

[14:57:23] [CRITICAL] UNHANDLED GLOBAL EXCEPTION:
Traceback (most recent call last):
  File "D:\Somethings\ToolTest\gui.py", line 1651, in nativeEvent
    msg = wintypes.MSG.from_address(int(message))
          ^^^^^^^^
NameError: name 'wintypes' is not defined

[14:57:23] [CRITICAL] UNHANDLED GLOBAL EXCEPTION:
Traceback (most recent call last):
  File "D:\Somethings\ToolTest\gui.py", line 1651, in nativeEvent
    msg = wintypes.MSG.from_address(int(message))
          ^^^^^^^^
NameError: name 'wintypes' is not defined

[14:57:23] [CRITICAL] UNHANDLED GLOBAL EXCEPTION:
Traceback (most recent call last):
  File "D:\Somethings\ToolTest\gui.py", line 1651, in nativeEvent
    msg = wintypes.MSG.from_address(int(message))
          ^^^^^^^^
NameError: name 'wintypes' is not defined

[14:57:23] [CRITICAL] UNHANDLED GLOBAL EXCEPTION:
Traceback (most recent call last):
  File "D:\Somethings\ToolTest\gui.py", line 1651, in nativeEvent
    msg = wintypes.MSG.from_address(int(message))
          ^^^^^^^^
NameError: name 'wintypes' is not defined

[14:57:23] [CRITICAL] UNHANDLED GLOBAL EXCEPTION:
Traceback (most recent call last):
  File "D:\Somethings\ToolTest\gui.py", line 1651, in nativeEvent
    msg = wintypes.MSG.from_address(int(message))
          ^^^^^^^^
NameError: name 'wintypes' is not defined

[14:57:23] [CRITICAL] UNHANDLED GLOBAL EXCEPTION:
Traceback (most recent call last):
  File "D:\Somethings\ToolTest\gui.py", line 1651, in nativeEvent
    msg = wintypes.MSG.from_address(int(message))
          ^^^^^^^^
NameError: name 'wintypes' is not defined

[14:57:23] [CRITICAL] UNHANDLED GLOBAL EXCEPTION:
Traceback (most recent call last):
  File "D:\Somethings\ToolTest\gui.py", line 1651, in nativeEvent
    msg = wintypes.MSG.from_address(int(message))
          ^^^^^^^^
NameError: name 'wintypes' is not defined

[14:57:23] [CRITICAL] UNHANDLED GLOBAL EXCEPTION:
Traceback (most recent call last):
  File "D:\Somethings\ToolTest\gui.py", line 1651, in nativeEvent
    msg = wintypes.MSG.from_address(int(message))
          ^^^^^^^^
NameError: name 'wintypes' is not defined

[14:57:23] [CRITICAL] UNHANDLED GLOBAL EXCEPTION:
Traceback (most recent call last):
  File "D:\Somethings\ToolTest\gui.py", line 1651, in nativeEvent
    msg = wintypes.MSG.from_address(int(message))
          ^^^^^^^^
NameError: name 'wintypes' is not defined

[14:57:23] [CRITICAL] UNHANDLED GLOBAL EXCEPTION:
Traceback (most recent call last):
  File "D:\Somethings\ToolTest\gui.py", line 1651, in nativeEvent
    msg = wintypes.MSG.from_address(int(message))
          ^^^^^^^^
NameError: name 'wintypes' is not defined

[14:57:23] [CRITICAL] UNHANDLED GLOBAL EXCEPTION:
Traceback (most recent call last):
  File "D:\Somethings\ToolTest\gui.py", line 1651, in nativeEvent
    msg = wintypes.MSG.from_address(int(message))
          ^^^^^^^^
NameError: name 'wintypes' is not defined

[14:57:23] [CRITICAL] UNHANDLED GLOBAL EXCEPTION:
Traceback (most recent call last):
  File "D:\Somethings\ToolTest\gui.py", line 1651, in nativeEvent
    msg = wintypes.MSG.from_address(int(message))
          ^^^^^^^^
NameError: name 'wintypes' is not defined

[14:57:23] [CRITICAL] UNHANDLED GLOBAL EXCEPTION:
Traceback (most recent call last):
  File "D:\Somethings\ToolTest\gui.py", line 1651, in nativeEvent
    msg = wintypes.MSG.from_address(int(message))
          ^^^^^^^^
NameError: name 'wintypes' is not defined

[14:57:23] [CRITICAL] UNHANDLED GLOBAL EXCEPTION:
Traceback (most recent call last):
  File "D:\Somethings\ToolTest\gui.py", line 1651, in nativeEvent
    msg = wintypes.MSG.from_address(int(message))
          ^^^^^^^^
NameError: name 'wintypes' is not defined

[14:57:23] [CRITICAL] UNHANDLED GLOBAL EXCEPTION:
Traceback (most recent call last):
  File "D:\Somethings\ToolTest\gui.py", line 1651, in nativeEvent
    msg = wintypes.MSG.from_address(int(message))
          ^^^^^^^^
NameError: name 'wintypes' is not defined

[14:57:23] [CRITICAL] UNHANDLED GLOBAL EXCEPTION:
Traceback (most recent call last):
  File "D:\Somethings\ToolTest\gui.py", line 1651, in nativeEvent
    msg = wintypes.MSG.from_address(int(message))
          ^^^^^^^^
NameError: name 'wintypes' is not defined

[14:57:23] [CRITICAL] UNHANDLED GLOBAL EXCEPTION:
Traceback (most recent call last):
  File "D:\Somethings\ToolTest\gui.py", line 1651, in nativeEvent
    msg = wintypes.MSG.from_address(int(message))
          ^^^^^^^^
NameError: name 'wintypes' is not defined

[14:57:23] [CRITICAL] UNHANDLED GLOBAL EXCEPTION:
Traceback (most recent call last):
  File "D:\Somethings\ToolTest\gui.py", line 1651, in nativeEvent
    msg = wintypes.MSG.from_address(int(message))
          ^^^^^^^^
NameError: name 'wintypes' is not defined

[14:57:23] [CRITICAL] UNHANDLED GLOBAL EXCEPTION:
Traceback (most recent call last):
  File "D:\Somethings\ToolTest\gui.py", line 1651, in nativeEvent
    msg = wintypes.MSG.from_address(int(message))
          ^^^^^^^^
NameError: name 'wintypes' is not defined

[14:57:23] [CRITICAL] UNHANDLED GLOBAL EXCEPTION:
Traceback (most recent call last):
  File "D:\Somethings\ToolTest\gui.py", line 1651, in nativeEvent
    msg = wintypes.MSG.from_address(int(message))
          ^^^^^^^^
NameError: name 'wintypes' is not defined

[14:57:23] [CRITICAL] UNHANDLED GLOBAL EXCEPTION:
Traceback (most recent call last):
  File "D:\Somethings\ToolTest\gui.py", line 1651, in nativeEvent
    msg = wintypes.MSG.from_address(int(message))
          ^^^^^^^^
NameError: name 'wintypes' is not defined

[14:57:23] [CRITICAL] UNHANDLED GLOBAL EXCEPTION:
Traceback (most recent call last):
  File "D:\Somethings\ToolTest\gui.py", line 1651, in nativeEvent
    msg = wintypes.MSG.from_address(int(message))
          ^^^^^^^^
NameError: name 'wintypes' is not defined

[14:57:23] [CRITICAL] UNHANDLED GLOBAL EXCEPTION:
Traceback (most recent call last):
  File "D:\Somethings\ToolTest\gui.py", line 1651, in nativeEvent
    msg = wintypes.MSG.from_address(int(message))
          ^^^^^^^^
NameError: name 'wintypes' is not defined

[14:57:23] [CRITICAL] UNHANDLED GLOBAL EXCEPTION:
Traceback (most recent call last):
  File "D:\Somethings\ToolTest\gui.py", line 1651, in nativeEvent
    msg = wintypes.MSG.from_address(int(message))
          ^^^^^^^^
NameError: name 'wintypes' is not defined

[14:57:23] [CRITICAL] UNHANDLED GLOBAL EXCEPTION:
Traceback (most recent call last):
  File "D:\Somethings\ToolTest\gui.py", line 1651, in nativeEvent
    msg = wintypes.MSG.from_address(int(message))
          ^^^^^^^^
NameError: name 'wintypes' is not defined

[14:57:23] [CRITICAL] UNHANDLED GLOBAL EXCEPTION:
Traceback (most recent call last):
  File "D:\Somethings\ToolTest\gui.py", line 1651, in nativeEvent
    msg = wintypes.MSG.from_address(int(message))
          ^^^^^^^^
NameError: name 'wintypes' is not defined

[14:57:23] [CRITICAL] UNHANDLED GLOBAL EXCEPTION:
Traceback (most recent call last):
  File "D:\Somethings\ToolTest\gui.py", line 1651, in nativeEvent
    msg = wintypes.MSG.from_address(int(message))
          ^^^^^^^^
NameError: name 'wintypes' is not defined

[14:57:23] [CRITICAL] UNHANDLED GLOBAL EXCEPTION:
Traceback (most recent call last):
  File "D:\Somethings\ToolTest\gui.py", line 1651, in nativeEvent
    msg = wintypes.MSG.from_address(int(message))
          ^^^^^^^^
NameError: name 'wintypes' is not defined

[14:57:23] [CRITICAL] UNHANDLED GLOBAL EXCEPTION:
Traceback (most recent call last):
  File "D:\Somethings\ToolTest\gui.py", line 1651, in nativeEvent
    msg = wintypes.MSG.from_address(int(message))
          ^^^^^^^^
NameError: name 'wintypes' is not defined

[14:57:23] [CRITICAL] UNHANDLED GLOBAL EXCEPTION:
Traceback (most recent call last):
  File "D:\Somethings\ToolTest\gui.py", line 1651, in nativeEvent
    msg = wintypes.MSG.from_address(int(message))
          ^^^^^^^^
NameError: name 'wintypes' is not defined

[14:57:23] [CRITICAL] UNHANDLED GLOBAL EXCEPTION:
Traceback (most recent call last):
  File "D:\Somethings\ToolTest\gui.py", line 1651, in nativeEvent
    msg = wintypes.MSG.from_address(int(message))
          ^^^^^^^^
NameError: name 'wintypes' is not defined

[14:57:23] [CRITICAL] UNHANDLED GLOBAL EXCEPTION:
Traceback (most recent call last):
  File "D:\Somethings\ToolTest\gui.py", line 1651, in nativeEvent
    msg = wintypes.MSG.from_address(int(message))
          ^^^^^^^^
NameError: name 'wintypes' is not defined

[14:57:23] [CRITICAL] UNHANDLED GLOBAL EXCEPTION:
Traceback (most recent call last):
  File "D:\Somethings\ToolTest\gui.py", line 1651, in nativeEvent
    msg = wintypes.MSG.from_address(int(message))
          ^^^^^^^^
NameError: name 'wintypes' is not defined

[14:57:23] [CRITICAL] UNHANDLED GLOBAL EXCEPTION:
Traceback (most recent call last):
  File "D:\Somethings\ToolTest\gui.py", line 1651, in nativeEvent
    msg = wintypes.MSG.from_address(int(message))
          ^^^^^^^^
NameError: name 'wintypes' is not defined

[14:57:23] [CRITICAL] UNHANDLED GLOBAL EXCEPTION:
Traceback (most recent call last):
  File "D:\Somethings\ToolTest\gui.py", line 1651, in nativeEvent
    msg = wintypes.MSG.from_address(int(message))
          ^^^^^^^^
NameError: name 'wintypes' is not defined

[14:57:23] [CRITICAL] UNHANDLED GLOBAL EXCEPTION:
Traceback (most recent call last):
  File "D:\Somethings\ToolTest\gui.py", line 1651, in nativeEvent
    msg = wintypes.MSG.from_address(int(message))
          ^^^^^^^^
NameError: name 'wintypes' is not defined

[14:57:23] [CRITICAL] UNHANDLED GLOBAL EXCEPTION:
Traceback (most recent call last):
  File "D:\Somethings\ToolTest\gui.py", line 1651, in nativeEvent
    msg = wintypes.MSG.from_address(int(message))
          ^^^^^^^^
NameError: name 'wintypes' is not defined

[14:57:23] [CRITICAL] UNHANDLED GLOBAL EXCEPTION:
Traceback (most recent call last):
  File "D:\Somethings\ToolTest\gui.py", line 1651, in nativeEvent
    msg = wintypes.MSG.from_address(int(message))
          ^^^^^^^^
NameError: name 'wintypes' is not defined

[14:57:23] [CRITICAL] UNHANDLED GLOBAL EXCEPTION:
Traceback (most recent call last):
  File "D:\Somethings\ToolTest\gui.py", line 1651, in nativeEvent
    msg = wintypes.MSG.from_address(int(message))
          ^^^^^^^^
NameError: name 'wintypes' is not defined

[14:57:23] [CRITICAL] UNHANDLED GLOBAL EXCEPTION:
Traceback (most recent call last):
  File "D:\Somethings\ToolTest\gui.py", line 1651, in nativeEvent
    msg = wintypes.MSG.from_address(int(message))
          ^^^^^^^^
NameError: name 'wintypes' is not defined

[14:57:23] [CRITICAL] UNHANDLED GLOBAL EXCEPTION:
Traceback (most recent call last):
  File "D:\Somethings\ToolTest\gui.py", line 1651, in nativeEvent
    msg = wintypes.MSG.from_address(int(message))
          ^^^^^^^^
NameError: name 'wintypes' is not defined

[14:57:23] [CRITICAL] UNHANDLED GLOBAL EXCEPTION:
Traceback (most recent call last):
  File "D:\Somethings\ToolTest\gui.py", line 1651, in nativeEvent
    msg = wintypes.MSG.from_address(int(message))
          ^^^^^^^^
NameError: name 'wintypes' is not defined

[14:57:23] [CRITICAL] UNHANDLED GLOBAL EXCEPTION:
Traceback (most recent call last):
  File "D:\Somethings\ToolTest\gui.py", line 1651, in nativeEvent
    msg = wintypes.MSG.from_address(int(message))
          ^^^^^^^^
NameError: name 'wintypes' is not defined

[14:57:23] [CRITICAL] UNHANDLED GLOBAL EXCEPTION:
Traceback (most recent call last):
  File "D:\Somethings\ToolTest\gui.py", line 1651, in nativeEvent
    msg = wintypes.MSG.from_address(int(message))
          ^^^^^^^^
NameError: name 'wintypes' is not defined

[14:57:23] [CRITICAL] UNHANDLED GLOBAL EXCEPTION:
Traceback (most recent call last):
  File "D:\Somethings\ToolTest\gui.py", line 1651, in nativeEvent
    msg = wintypes.MSG.from_address(int(message))
          ^^^^^^^^
NameError: name 'wintypes' is not defined

[14:57:23] [CRITICAL] UNHANDLED GLOBAL EXCEPTION:
Traceback (most recent call last):
  File "D:\Somethings\ToolTest\gui.py", line 1651, in nativeEvent
    msg = wintypes.MSG.from_address(int(message))
          ^^^^^^^^
NameError: name 'wintypes' is not defined

[14:57:23] [CRITICAL] UNHANDLED GLOBAL EXCEPTION:
Traceback (most recent call last):
  File "D:\Somethings\ToolTest\gui.py", line 1651, in nativeEvent
    msg = wintypes.MSG.from_address(int(message))
          ^^^^^^^^
NameError: name 'wintypes' is not defined

[14:57:23] [CRITICAL] UNHANDLED GLOBAL EXCEPTION:
Traceback (most recent call last):
  File "D:\Somethings\ToolTest\gui.py", line 1651, in nativeEvent
    msg = wintypes.MSG.from_address(int(message))
          ^^^^^^^^
NameError: name 'wintypes' is not defined

[14:57:23] [CRITICAL] UNHANDLED GLOBAL EXCEPTION:
Traceback (most recent call last):
  File "D:\Somethings\ToolTest\gui.py", line 1651, in nativeEvent
    msg = wintypes.MSG.from_address(int(message))
          ^^^^^^^^
NameError: name 'wintypes' is not defined

[14:57:23] [CRITICAL] UNHANDLED GLOBAL EXCEPTION:
Traceback (most recent call last):
  File "D:\Somethings\ToolTest\gui.py", line 1651, in nativeEvent
    msg = wintypes.MSG.from_address(int(message))
          ^^^^^^^^
NameError: name 'wintypes' is not defined

[14:57:23] [CRITICAL] UNHANDLED GLOBAL EXCEPTION:
Traceback (most recent call last):
  File "D:\Somethings\ToolTest\gui.py", line 1651, in nativeEvent
    msg = wintypes.MSG.from_address(int(message))
          ^^^^^^^^
NameError: name 'wintypes' is not defined

[14:57:23] [CRITICAL] UNHANDLED GLOBAL EXCEPTION:
Traceback (most recent call last):
  File "D:\Somethings\ToolTest\gui.py", line 1651, in nativeEvent
    msg = wintypes.MSG.from_address(int(message))
          ^^^^^^^^
NameError: name 'wintypes' is not defined

[14:57:23] [CRITICAL] UNHANDLED GLOBAL EXCEPTION:
Traceback (most recent call last):
  File "D:\Somethings\ToolTest\gui.py", line 1651, in nativeEvent
    msg = wintypes.MSG.from_address(int(message))
          ^^^^^^^^
NameError: name 'wintypes' is not defined

[14:57:23] [CRITICAL] UNHANDLED GLOBAL EXCEPTION:
Traceback (most recent call last):
  File "D:\Somethings\ToolTest\gui.py", line 1651, in nativeEvent
    msg = wintypes.MSG.from_address(int(message))
          ^^^^^^^^
NameError: name 'wintypes' is not defined

[14:57:23] [CRITICAL] UNHANDLED GLOBAL EXCEPTION:
Traceback (most recent call last):
  File "D:\Somethings\ToolTest\gui.py", line 1651, in nativeEvent
    msg = wintypes.MSG.from_address(int(message))
          ^^^^^^^^
NameError: name 'wintypes' is not defined

[14:57:23] [CRITICAL] UNHANDLED GLOBAL EXCEPTION:
Traceback (most recent call last):
  File "D:\Somethings\ToolTest\gui.py", line 1651, in nativeEvent
    msg = wintypes.MSG.from_address(int(message))
          ^^^^^^^^
NameError: name 'wintypes' is not defined

[14:57:23] [CRITICAL] UNHANDLED GLOBAL EXCEPTION:
Traceback (most recent call last):
  File "D:\Somethings\ToolTest\gui.py", line 1651, in nativeEvent
    msg = wintypes.MSG.from_address(int(message))
          ^^^^^^^^
NameError: name 'wintypes' is not defined

[14:57:23] [CRITICAL] UNHANDLED GLOBAL EXCEPTION:
Traceback (most recent call last):
  File "D:\Somethings\ToolTest\gui.py", line 1651, in nativeEvent
    msg = wintypes.MSG.from_address(int(message))
          ^^^^^^^^
NameError: name 'wintypes' is not defined

[14:57:23] [CRITICAL] UNHANDLED GLOBAL EXCEPTION:
Traceback (most recent call last):
  File "D:\Somethings\ToolTest\gui.py", line 1651, in nativeEvent
    msg = wintypes.MSG.from_address(int(message))
          ^^^^^^^^
NameError: name 'wintypes' is not defined

[14:57:23] [CRITICAL] UNHANDLED GLOBAL EXCEPTION:
Traceback (most recent call last):
  File "D:\Somethings\ToolTest\gui.py", line 1651, in nativeEvent
    msg = wintypes.MSG.from_address(int(message))
          ^^^^^^^^
NameError: name 'wintypes' is not defined

[14:57:23] [CRITICAL] UNHANDLED GLOBAL EXCEPTION:
Traceback (most recent call last):
  File "D:\Somethings\ToolTest\gui.py", line 1651, in nativeEvent
    msg = wintypes.MSG.from_address(int(message))
          ^^^^^^^^
NameError: name 'wintypes' is not defined

[14:57:23] [CRITICAL] UNHANDLED GLOBAL EXCEPTION:
Traceback (most recent call last):
  File "D:\Somethings\ToolTest\gui.py", line 1651, in nativeEvent
    msg = wintypes.MSG.from_address(int(message))
          ^^^^^^^^
NameError: name 'wintypes' is not defined

[14:57:23] [CRITICAL] UNHANDLED GLOBAL EXCEPTION:
Traceback (most recent call last):
  File "D:\Somethings\ToolTest\gui.py", line 1651, in nativeEvent
    msg = wintypes.MSG.from_address(int(message))
          ^^^^^^^^
NameError: name 'wintypes' is not defined

[14:57:23] [CRITICAL] UNHANDLED GLOBAL EXCEPTION:
Traceback (most recent call last):
  File "D:\Somethings\ToolTest\gui.py", line 1651, in nativeEvent
    msg = wintypes.MSG.from_address(int(message))
          ^^^^^^^^
NameError: name 'wintypes' is not defined

[14:57:23] [CRITICAL] UNHANDLED GLOBAL EXCEPTION:
Traceback (most recent call last):
  File "D:\Somethings\ToolTest\gui.py", line 1651, in nativeEvent
    msg = wintypes.MSG.from_address(int(message))
          ^^^^^^^^
NameError: name 'wintypes' is not defined

[14:57:23] [CRITICAL] UNHANDLED GLOBAL EXCEPTION:
Traceback (most recent call last):
  File "D:\Somethings\ToolTest\gui.py", line 1651, in nativeEvent
    msg = wintypes.MSG.from_address(int(message))
          ^^^^^^^^
NameError: name 'wintypes' is not defined

[14:57:23] [CRITICAL] UNHANDLED GLOBAL EXCEPTION:
Traceback (most recent call last):
  File "D:\Somethings\ToolTest\gui.py", line 1651, in nativeEvent
    msg = wintypes.MSG.from_address(int(message))
          ^^^^^^^^
NameError: name 'wintypes' is not defined

[14:57:23] [CRITICAL] UNHANDLED GLOBAL EXCEPTION:
Traceback (most recent call last):
  File "D:\Somethings\ToolTest\gui.py", line 1651, in nativeEvent
    msg = wintypes.MSG.from_address(int(message))
          ^^^^^^^^
NameError: name 'wintypes' is not defined

[14:57:23] [CRITICAL] UNHANDLED GLOBAL EXCEPTION:
Traceback (most recent call last):
  File "D:\Somethings\ToolTest\gui.py", line 1651, in nativeEvent
    msg = wintypes.MSG.from_address(int(message))
          ^^^^^^^^
NameError: name 'wintypes' is not defined

[14:57:23] [CRITICAL] UNHANDLED GLOBAL EXCEPTION:
Traceback (most recent call last):
  File "D:\Somethings\ToolTest\gui.py", line 1651, in nativeEvent
    msg = wintypes.MSG.from_address(int(message))
          ^^^^^^^^
NameError: name 'wintypes' is not defined

[14:57:23] [CRITICAL] UNHANDLED GLOBAL EXCEPTION:
Traceback (most recent call last):
  File "D:\Somethings\ToolTest\gui.py", line 1651, in nativeEvent
    msg = wintypes.MSG.from_address(int(message))
          ^^^^^^^^
NameError: name 'wintypes' is not defined

[14:57:23] [CRITICAL] UNHANDLED GLOBAL EXCEPTION:
Traceback (most recent call last):
  File "D:\Somethings\ToolTest\gui.py", line 1651, in nativeEvent
    msg = wintypes.MSG.from_address(int(message))
          ^^^^^^^^
NameError: name 'wintypes' is not defined

[14:57:23] [CRITICAL] UNHANDLED GLOBAL EXCEPTION:
Traceback (most recent call last):
  File "D:\Somethings\ToolTest\gui.py", line 1651, in nativeEvent
    msg = wintypes.MSG.from_address(int(message))
          ^^^^^^^^
NameError: name 'wintypes' is not defined

[14:57:23] [CRITICAL] UNHANDLED GLOBAL EXCEPTION:
Traceback (most recent call last):
  File "D:\Somethings\ToolTest\gui.py", line 1651, in nativeEvent
    msg = wintypes.MSG.from_address(int(message))
          ^^^^^^^^
NameError: name 'wintypes' is not defined

[14:57:23] [CRITICAL] UNHANDLED GLOBAL EXCEPTION:
Traceback (most recent call last):
  File "D:\Somethings\ToolTest\gui.py", line 1651, in nativeEvent
    msg = wintypes.MSG.from_address(int(message))
          ^^^^^^^^
NameError: name 'wintypes' is not defined

[14:57:23] [CRITICAL] UNHANDLED GLOBAL EXCEPTION:
Traceback (most recent call last):
  File "D:\Somethings\ToolTest\gui.py", line 1651, in nativeEvent
    msg = wintypes.MSG.from_address(int(message))
          ^^^^^^^^
NameError: name 'wintypes' is not defined

[14:57:23] [CRITICAL] UNHANDLED GLOBAL EXCEPTION:
Traceback (most recent call last):
  File "D:\Somethings\ToolTest\gui.py", line 1651, in nativeEvent
    msg = wintypes.MSG.from_address(int(message))
          ^^^^^^^^
NameError: name 'wintypes' is not defined

[14:57:23] [CRITICAL] UNHANDLED GLOBAL EXCEPTION:
Traceback (most recent call last):
  File "D:\Somethings\ToolTest\gui.py", line 1651, in nativeEvent
    msg = wintypes.MSG.from_address(int(message))
          ^^^^^^^^
NameError: name 'wintypes' is not defined

[14:57:23] [CRITICAL] UNHANDLED GLOBAL EXCEPTION:
Traceback (most recent call last):
  File "D:\Somethings\ToolTest\gui.py", line 1651, in nativeEvent
    msg = wintypes.MSG.from_address(int(message))
          ^^^^^^^^
NameError: name 'wintypes' is not defined

[14:57:23] [CRITICAL] UNHANDLED GLOBAL EXCEPTION:
Traceback (most recent call last):
  File "D:\Somethings\ToolTest\gui.py", line 1651, in nativeEvent
    msg = wintypes.MSG.from_address(int(message))
          ^^^^^^^^
NameError: name 'wintypes' is not defined

[14:57:23] [CRITICAL] UNHANDLED GLOBAL EXCEPTION:
Traceback (most recent call last):
  File "D:\Somethings\ToolTest\gui.py", line 1651, in nativeEvent
    msg = wintypes.MSG.from_address(int(message))
          ^^^^^^^^
NameError: name 'wintypes' is not defined

[14:57:23] [CRITICAL] UNHANDLED GLOBAL EXCEPTION:
Traceback (most recent call last):
  File "D:\Somethings\ToolTest\gui.py", line 1651, in nativeEvent
    msg = wintypes.MSG.from_address(int(message))
          ^^^^^^^^
NameError: name 'wintypes' is not defined

[14:57:23] [CRITICAL] UNHANDLED GLOBAL EXCEPTION:
Traceback (most recent call last):
  File "D:\Somethings\ToolTest\gui.py", line 1651, in nativeEvent
    msg = wintypes.MSG.from_address(int(message))
          ^^^^^^^^
NameError: name 'wintypes' is not defined

[14:57:23] [CRITICAL] UNHANDLED GLOBAL EXCEPTION:
Traceback (most recent call last):
  File "D:\Somethings\ToolTest\gui.py", line 1651, in nativeEvent
    msg = wintypes.MSG.from_address(int(message))
          ^^^^^^^^
NameError: name 'wintypes' is not defined

[14:57:23] [CRITICAL] UNHANDLED GLOBAL EXCEPTION:
Traceback (most recent call last):
  File "D:\Somethings\ToolTest\gui.py", line 1651, in nativeEvent
    msg = wintypes.MSG.from_address(int(message))
          ^^^^^^^^
NameError: name 'wintypes' is not defined

[14:57:23] [CRITICAL] UNHANDLED GLOBAL EXCEPTION:
Traceback (most recent call last):
  File "D:\Somethings\ToolTest\gui.py", line 1651, in nativeEvent
    msg = wintypes.MSG.from_address(int(message))
          ^^^^^^^^
NameError: name 'wintypes' is not defined

[14:57:23] [CRITICAL] UNHANDLED GLOBAL EXCEPTION:
Traceback (most recent call last):
  File "D:\Somethings\ToolTest\gui.py", line 1651, in nativeEvent
    msg = wintypes.MSG.from_address(int(message))
          ^^^^^^^^
NameError: name 'wintypes' is not defined

[14:57:23] [CRITICAL] UNHANDLED GLOBAL EXCEPTION:
Traceback (most recent call last):
  File "D:\Somethings\ToolTest\gui.py", line 1651, in nativeEvent
    msg = wintypes.MSG.from_address(int(message))
          ^^^^^^^^
NameError: name 'wintypes' is not defined

[14:57:23] [CRITICAL] UNHANDLED GLOBAL EXCEPTION:
Traceback (most recent call last):
  File "D:\Somethings\ToolTest\gui.py", line 1651, in nativeEvent
    msg = wintypes.MSG.from_address(int(message))
          ^^^^^^^^
NameError: name 'wintypes' is not defined

[14:57:23] [CRITICAL] UNHANDLED GLOBAL EXCEPTION:
Traceback (most recent call last):
  File "D:\Somethings\ToolTest\gui.py", line 1651, in nativeEvent
    msg = wintypes.MSG.from_address(int(message))
          ^^^^^^^^
NameError: name 'wintypes' is not defined

[14:57:24] [CRITICAL] UNHANDLED GLOBAL EXCEPTION:
Traceback (most recent call last):
  File "D:\Somethings\ToolTest\gui.py", line 1651, in nativeEvent
    msg = wintypes.MSG.from_address(int(message))
          ^^^^^^^^
NameError: name 'wintypes' is not defined

[14:57:24] [CRITICAL] UNHANDLED GLOBAL EXCEPTION:
Traceback (most recent call last):
  File "D:\Somethings\ToolTest\gui.py", line 1651, in nativeEvent
    msg = wintypes.MSG.from_address(int(message))
          ^^^^^^^^
NameError: name 'wintypes' is not defined

[14:57:24] [CRITICAL] UNHANDLED GLOBAL EXCEPTION:
Traceback (most recent call last):
  File "D:\Somethings\ToolTest\gui.py", line 1651, in nativeEvent
    msg = wintypes.MSG.from_address(int(message))
          ^^^^^^^^
NameError: name 'wintypes' is not defined

[14:57:24] [CRITICAL] UNHANDLED GLOBAL EXCEPTION:
Traceback (most recent call last):
  File "D:\Somethings\ToolTest\gui.py", line 1651, in nativeEvent
    msg = wintypes.MSG.from_address(int(message))
          ^^^^^^^^
NameError: name 'wintypes' is not defined

[14:57:24] [CRITICAL] UNHANDLED GLOBAL EXCEPTION:
Traceback (most recent call last):
  File "D:\Somethings\ToolTest\gui.py", line 1651, in nativeEvent
    msg = wintypes.MSG.from_address(int(message))
          ^^^^^^^^
NameError: name 'wintypes' is not defined

[14:57:24] [CRITICAL] UNHANDLED GLOBAL EXCEPTION:
Traceback (most recent call last):
  File "D:\Somethings\ToolTest\gui.py", line 1651, in nativeEvent
    msg = wintypes.MSG.from_address(int(message))
          ^^^^^^^^
NameError: name 'wintypes' is not defined

[14:57:24] [CRITICAL] UNHANDLED GLOBAL EXCEPTION:
Traceback (most recent call last):
  File "D:\Somethings\ToolTest\gui.py", line 1651, in nativeEvent
    msg = wintypes.MSG.from_address(int(message))
          ^^^^^^^^
NameError: name 'wintypes' is not defined

[14:57:24] [CRITICAL] UNHANDLED GLOBAL EXCEPTION:
Traceback (most recent call last):
  File "D:\Somethings\ToolTest\gui.py", line 1651, in nativeEvent
    msg = wintypes.MSG.from_address(int(message))
          ^^^^^^^^
NameError: name 'wintypes' is not defined

[14:57:24] [CRITICAL] UNHANDLED GLOBAL EXCEPTION:
Traceback (most recent call last):
  File "D:\Somethings\ToolTest\gui.py", line 1651, in nativeEvent
    msg = wintypes.MSG.from_address(int(message))
          ^^^^^^^^
NameError: name 'wintypes' is not defined

[14:57:24] [CRITICAL] UNHANDLED GLOBAL EXCEPTION:
Traceback (most recent call last):
  File "D:\Somethings\ToolTest\gui.py", line 1651, in nativeEvent
    msg = wintypes.MSG.from_address(int(message))
          ^^^^^^^^
NameError: name 'wintypes' is not defined

[14:57:24] [CRITICAL] UNHANDLED GLOBAL EXCEPTION:
Traceback (most recent call last):
  File "D:\Somethings\ToolTest\gui.py", line 1651, in nativeEvent
    msg = wintypes.MSG.from_address(int(message))
          ^^^^^^^^
NameError: name 'wintypes' is not defined

[14:57:24] [CRITICAL] UNHANDLED GLOBAL EXCEPTION:
Traceback (most recent call last):
  File "D:\Somethings\ToolTest\gui.py", line 1651, in nativeEvent
    msg = wintypes.MSG.from_address(int(message))
          ^^^^^^^^
NameError: name 'wintypes' is not defined

[14:57:24] [CRITICAL] UNHANDLED GLOBAL EXCEPTION:
Traceback (most recent call last):
  File "D:\Somethings\ToolTest\gui.py", line 1651, in nativeEvent
    msg = wintypes.MSG.from_address(int(message))
          ^^^^^^^^
NameError: name 'wintypes' is not defined

[14:57:24] [CRITICAL] UNHANDLED GLOBAL EXCEPTION:
Traceback (most recent call last):
  File "D:\Somethings\ToolTest\gui.py", line 1651, in nativeEvent
    msg = wintypes.MSG.from_address(int(message))
          ^^^^^^^^
NameError: name 'wintypes' is not defined

[14:57:24] [CRITICAL] UNHANDLED GLOBAL EXCEPTION:
Traceback (most recent call last):
  File "D:\Somethings\ToolTest\gui.py", line 1651, in nativeEvent
    msg = wintypes.MSG.from_address(int(message))
          ^^^^^^^^
NameError: name 'wintypes' is not defined

[14:57:24] [CRITICAL] UNHANDLED GLOBAL EXCEPTION:
Traceback (most recent call last):
  File "D:\Somethings\ToolTest\gui.py", line 1651, in nativeEvent
    msg = wintypes.MSG.from_address(int(message))
          ^^^^^^^^
NameError: name 'wintypes' is not defined

[14:57:24] [CRITICAL] UNHANDLED GLOBAL EXCEPTION:
Traceback (most recent call last):
  File "D:\Somethings\ToolTest\gui.py", line 1651, in nativeEvent
    msg = wintypes.MSG.from_address(int(message))
          ^^^^^^^^
NameError: name 'wintypes' is not defined

[14:57:24] [CRITICAL] UNHANDLED GLOBAL EXCEPTION:
Traceback (most recent call last):
  File "D:\Somethings\ToolTest\gui.py", line 1651, in nativeEvent
    msg = wintypes.MSG.from_address(int(message))
          ^^^^^^^^
NameError: name 'wintypes' is not defined

[14:57:24] [CRITICAL] UNHANDLED GLOBAL EXCEPTION:
Traceback (most recent call last):
  File "D:\Somethings\ToolTest\gui.py", line 1651, in nativeEvent
    msg = wintypes.MSG.from_address(int(message))
          ^^^^^^^^
NameError: name 'wintypes' is not defined

[14:57:24] [CRITICAL] UNHANDLED GLOBAL EXCEPTION:
Traceback (most recent call last):
  File "D:\Somethings\ToolTest\gui.py", line 1651, in nativeEvent
    msg = wintypes.MSG.from_address(int(message))
          ^^^^^^^^
NameError: name 'wintypes' is not defined

[14:57:24] [CRITICAL] UNHANDLED GLOBAL EXCEPTION:
Traceback (most recent call last):
  File "D:\Somethings\ToolTest\gui.py", line 1651, in nativeEvent
    msg = wintypes.MSG.from_address(int(message))
          ^^^^^^^^
NameError: name 'wintypes' is not defined

[14:57:24] [CRITICAL] UNHANDLED GLOBAL EXCEPTION:
Traceback (most recent call last):
  File "D:\Somethings\ToolTest\gui.py", line 1651, in nativeEvent
    msg = wintypes.MSG.from_address(int(message))
          ^^^^^^^^
NameError: name 'wintypes' is not defined

[14:57:24] [CRITICAL] UNHANDLED GLOBAL EXCEPTION:
Traceback (most recent call last):
  File "D:\Somethings\ToolTest\gui.py", line 1651, in nativeEvent
    msg = wintypes.MSG.from_address(int(message))
          ^^^^^^^^
NameError: name 'wintypes' is not defined

[14:57:24] [CRITICAL] UNHANDLED GLOBAL EXCEPTION:
Traceback (most recent call last):
  File "D:\Somethings\ToolTest\gui.py", line 1651, in nativeEvent
    msg = wintypes.MSG.from_address(int(message))
          ^^^^^^^^
NameError: name 'wintypes' is not defined

[14:57:24] [CRITICAL] UNHANDLED GLOBAL EXCEPTION:
Traceback (most recent call last):
  File "D:\Somethings\ToolTest\gui.py", line 1651, in nativeEvent
    msg = wintypes.MSG.from_address(int(message))
          ^^^^^^^^
NameError: name 'wintypes' is not defined

[14:57:24] [CRITICAL] UNHANDLED GLOBAL EXCEPTION:
Traceback (most recent call last):
  File "D:\Somethings\ToolTest\gui.py", line 1651, in nativeEvent
    msg = wintypes.MSG.from_address(int(message))
          ^^^^^^^^
NameError: name 'wintypes' is not defined

[14:57:24] [CRITICAL] UNHANDLED GLOBAL EXCEPTION:
Traceback (most recent call last):
  File "D:\Somethings\ToolTest\gui.py", line 1651, in nativeEvent
    msg = wintypes.MSG.from_address(int(message))
          ^^^^^^^^
NameError: name 'wintypes' is not defined

[14:57:24] [CRITICAL] UNHANDLED GLOBAL EXCEPTION:
Traceback (most recent call last):
  File "D:\Somethings\ToolTest\gui.py", line 1651, in nativeEvent
    msg = wintypes.MSG.from_address(int(message))
          ^^^^^^^^
NameError: name 'wintypes' is not defined

[14:57:24] [CRITICAL] UNHANDLED GLOBAL EXCEPTION:
Traceback (most recent call last):
  File "D:\Somethings\ToolTest\gui.py", line 1651, in nativeEvent
    msg = wintypes.MSG.from_address(int(message))
          ^^^^^^^^
NameError: name 'wintypes' is not defined

[14:57:24] [CRITICAL] UNHANDLED GLOBAL EXCEPTION:
Traceback (most recent call last):
  File "D:\Somethings\ToolTest\gui.py", line 1651, in nativeEvent
    msg = wintypes.MSG.from_address(int(message))
          ^^^^^^^^
NameError: name 'wintypes' is not defined

[14:57:24] [CRITICAL] UNHANDLED GLOBAL EXCEPTION:
Traceback (most recent call last):
  File "D:\Somethings\ToolTest\gui.py", line 1651, in nativeEvent
    msg = wintypes.MSG.from_address(int(message))
          ^^^^^^^^
NameError: name 'wintypes' is not defined

[14:57:24] [CRITICAL] UNHANDLED GLOBAL EXCEPTION:
Traceback (most recent call last):
  File "D:\Somethings\ToolTest\gui.py", line 1651, in nativeEvent
    msg = wintypes.MSG.from_address(int(message))
          ^^^^^^^^
NameError: name 'wintypes' is not defined

[14:57:24] [CRITICAL] UNHANDLED GLOBAL EXCEPTION:
Traceback (most recent call last):
  File "D:\Somethings\ToolTest\gui.py", line 1651, in nativeEvent
    msg = wintypes.MSG.from_address(int(message))
          ^^^^^^^^
NameError: name 'wintypes' is not defined

[14:57:24] [CRITICAL] UNHANDLED GLOBAL EXCEPTION:
Traceback (most recent call last):
  File "D:\Somethings\ToolTest\gui.py", line 1651, in nativeEvent
    msg = wintypes.MSG.from_address(int(message))
          ^^^^^^^^
NameError: name 'wintypes' is not defined

[14:57:24] [CRITICAL] UNHANDLED GLOBAL EXCEPTION:
Traceback (most recent call last):
  File "D:\Somethings\ToolTest\gui.py", line 1651, in nativeEvent
    msg = wintypes.MSG.from_address(int(message))
          ^^^^^^^^
NameError: name 'wintypes' is not defined

[14:57:24] [CRITICAL] UNHANDLED GLOBAL EXCEPTION:
Traceback (most recent call last):
  File "D:\Somethings\ToolTest\gui.py", line 1651, in nativeEvent
    msg = wintypes.MSG.from_address(int(message))
          ^^^^^^^^
NameError: name 'wintypes' is not defined

[14:57:24] [CRITICAL] UNHANDLED GLOBAL EXCEPTION:
Traceback (most recent call last):
  File "D:\Somethings\ToolTest\gui.py", line 1651, in nativeEvent
    msg = wintypes.MSG.from_address(int(message))
          ^^^^^^^^
NameError: name 'wintypes' is not defined

[14:57:24] [CRITICAL] UNHANDLED GLOBAL EXCEPTION:
Traceback (most recent call last):
  File "D:\Somethings\ToolTest\gui.py", line 1651, in nativeEvent
    msg = wintypes.MSG.from_address(int(message))
          ^^^^^^^^
NameError: name 'wintypes' is not defined

[14:57:24] [CRITICAL] UNHANDLED GLOBAL EXCEPTION:
Traceback (most recent call last):
  File "D:\Somethings\ToolTest\gui.py", line 1651, in nativeEvent
    msg = wintypes.MSG.from_address(int(message))
          ^^^^^^^^
NameError: name 'wintypes' is not defined

[14:57:24] [CRITICAL] UNHANDLED GLOBAL EXCEPTION:
Traceback (most recent call last):
  File "D:\Somethings\ToolTest\gui.py", line 1651, in nativeEvent
    msg = wintypes.MSG.from_address(int(message))
          ^^^^^^^^
NameError: name 'wintypes' is not defined

[14:57:24] [CRITICAL] UNHANDLED GLOBAL EXCEPTION:
Traceback (most recent call last):
  File "D:\Somethings\ToolTest\gui.py", line 1651, in nativeEvent
    msg = wintypes.MSG.from_address(int(message))
          ^^^^^^^^
NameError: name 'wintypes' is not defined

[14:57:24] [CRITICAL] UNHANDLED GLOBAL EXCEPTION:
Traceback (most recent call last):
  File "D:\Somethings\ToolTest\gui.py", line 1651, in nativeEvent
    msg = wintypes.MSG.from_address(int(message))
          ^^^^^^^^
NameError: name 'wintypes' is not defined

[14:57:24] [CRITICAL] UNHANDLED GLOBAL EXCEPTION:
Traceback (most recent call last):
  File "D:\Somethings\ToolTest\gui.py", line 1651, in nativeEvent
    msg = wintypes.MSG.from_address(int(message))
          ^^^^^^^^
NameError: name 'wintypes' is not defined

[14:57:24] [CRITICAL] UNHANDLED GLOBAL EXCEPTION:
Traceback (most recent call last):
  File "D:\Somethings\ToolTest\gui.py", line 1651, in nativeEvent
    msg = wintypes.MSG.from_address(int(message))
          ^^^^^^^^
NameError: name 'wintypes' is not defined

[14:57:24] [CRITICAL] UNHANDLED GLOBAL EXCEPTION:
Traceback (most recent call last):
  File "D:\Somethings\ToolTest\gui.py", line 1651, in nativeEvent
    msg = wintypes.MSG.from_address(int(message))
          ^^^^^^^^
NameError: name 'wintypes' is not defined

[14:57:24] [CRITICAL] UNHANDLED GLOBAL EXCEPTION:
Traceback (most recent call last):
  File "D:\Somethings\ToolTest\gui.py", line 1651, in nativeEvent
    msg = wintypes.MSG.from_address(int(message))
          ^^^^^^^^
NameError: name 'wintypes' is not defined

[14:57:24] [CRITICAL] UNHANDLED GLOBAL EXCEPTION:
Traceback (most recent call last):
  File "D:\Somethings\ToolTest\gui.py", line 1651, in nativeEvent
    msg = wintypes.MSG.from_address(int(message))
          ^^^^^^^^
NameError: name 'wintypes' is not defined

[14:57:24] [CRITICAL] UNHANDLED GLOBAL EXCEPTION:
Traceback (most recent call last):
  File "D:\Somethings\ToolTest\gui.py", line 1651, in nativeEvent
    msg = wintypes.MSG.from_address(int(message))
          ^^^^^^^^
NameError: name 'wintypes' is not defined

[14:57:24] [CRITICAL] UNHANDLED GLOBAL EXCEPTION:
Traceback (most recent call last):
  File "D:\Somethings\ToolTest\gui.py", line 1651, in nativeEvent
    msg = wintypes.MSG.from_address(int(message))
          ^^^^^^^^
NameError: name 'wintypes' is not defined

[14:57:24] [CRITICAL] UNHANDLED GLOBAL EXCEPTION:
Traceback (most recent call last):
  File "D:\Somethings\ToolTest\gui.py", line 1651, in nativeEvent
    msg = wintypes.MSG.from_address(int(message))
          ^^^^^^^^
NameError: name 'wintypes' is not defined

[14:57:24] [CRITICAL] UNHANDLED GLOBAL EXCEPTION:
Traceback (most recent call last):
  File "D:\Somethings\ToolTest\gui.py", line 1651, in nativeEvent
    msg = wintypes.MSG.from_address(int(message))
          ^^^^^^^^
NameError: name 'wintypes' is not defined

[14:57:24] [CRITICAL] UNHANDLED GLOBAL EXCEPTION:
Traceback (most recent call last):
  File "D:\Somethings\ToolTest\gui.py", line 1651, in nativeEvent
    msg = wintypes.MSG.from_address(int(message))
          ^^^^^^^^
NameError: name 'wintypes' is not defined

[14:57:24] [CRITICAL] UNHANDLED GLOBAL EXCEPTION:
Traceback (most recent call last):
  File "D:\Somethings\ToolTest\gui.py", line 1651, in nativeEvent
    msg = wintypes.MSG.from_address(int(message))
          ^^^^^^^^
NameError: name 'wintypes' is not defined

[14:57:24] [CRITICAL] UNHANDLED GLOBAL EXCEPTION:
Traceback (most recent call last):
  File "D:\Somethings\ToolTest\gui.py", line 1651, in nativeEvent
    msg = wintypes.MSG.from_address(int(message))
          ^^^^^^^^
NameError: name 'wintypes' is not defined

[14:57:24] [CRITICAL] UNHANDLED GLOBAL EXCEPTION:
Traceback (most recent call last):
  File "D:\Somethings\ToolTest\gui.py", line 1651, in nativeEvent
    msg = wintypes.MSG.from_address(int(message))
          ^^^^^^^^
NameError: name 'wintypes' is not defined

[14:57:24] [CRITICAL] UNHANDLED GLOBAL EXCEPTION:
Traceback (most recent call last):
  File "D:\Somethings\ToolTest\gui.py", line 1651, in nativeEvent
    msg = wintypes.MSG.from_address(int(message))
          ^^^^^^^^
NameError: name 'wintypes' is not defined

[14:57:24] [CRITICAL] UNHANDLED GLOBAL EXCEPTION:
Traceback (most recent call last):
  File "D:\Somethings\ToolTest\gui.py", line 1651, in nativeEvent
    msg = wintypes.MSG.from_address(int(message))
          ^^^^^^^^
NameError: name 'wintypes' is not defined

[14:57:24] [CRITICAL] UNHANDLED GLOBAL EXCEPTION:
Traceback (most recent call last):
  File "D:\Somethings\ToolTest\gui.py", line 1651, in nativeEvent
    msg = wintypes.MSG.from_address(int(message))
          ^^^^^^^^
NameError: name 'wintypes' is not defined

[14:57:24] [CRITICAL] UNHANDLED GLOBAL EXCEPTION:
Traceback (most recent call last):
  File "D:\Somethings\ToolTest\gui.py", line 1651, in nativeEvent
    msg = wintypes.MSG.from_address(int(message))
          ^^^^^^^^
NameError: name 'wintypes' is not defined

[14:57:24] [CRITICAL] UNHANDLED GLOBAL EXCEPTION:
Traceback (most recent call last):
  File "D:\Somethings\ToolTest\gui.py", line 1651, in nativeEvent
    msg = wintypes.MSG.from_address(int(message))
          ^^^^^^^^
NameError: name 'wintypes' is not defined

[14:57:24] [CRITICAL] UNHANDLED GLOBAL EXCEPTION:
Traceback (most recent call last):
  File "D:\Somethings\ToolTest\gui.py", line 1651, in nativeEvent
    msg = wintypes.MSG.from_address(int(message))
          ^^^^^^^^
NameError: name 'wintypes' is not defined

[14:57:24] [CRITICAL] UNHANDLED GLOBAL EXCEPTION:
Traceback (most recent call last):
  File "D:\Somethings\ToolTest\gui.py", line 1651, in nativeEvent
    msg = wintypes.MSG.from_address(int(message))
          ^^^^^^^^
NameError: name 'wintypes' is not defined

[14:57:24] [CRITICAL] UNHANDLED GLOBAL EXCEPTION:
Traceback (most recent call last):
  File "D:\Somethings\ToolTest\gui.py", line 1651, in nativeEvent
    msg = wintypes.MSG.from_address(int(message))
          ^^^^^^^^
NameError: name 'wintypes' is not defined

[14:57:24] [CRITICAL] UNHANDLED GLOBAL EXCEPTION:
Traceback (most recent call last):
  File "D:\Somethings\ToolTest\gui.py", line 1651, in nativeEvent
    msg = wintypes.MSG.from_address(int(message))
          ^^^^^^^^
NameError: name 'wintypes' is not defined

[14:57:24] [CRITICAL] UNHANDLED GLOBAL EXCEPTION:
Traceback (most recent call last):
  File "D:\Somethings\ToolTest\gui.py", line 1651, in nativeEvent
    msg = wintypes.MSG.from_address(int(message))
          ^^^^^^^^
NameError: name 'wintypes' is not defined

[14:57:24] [CRITICAL] UNHANDLED GLOBAL EXCEPTION:
Traceback (most recent call last):
  File "D:\Somethings\ToolTest\gui.py", line 1651, in nativeEvent
    msg = wintypes.MSG.from_address(int(message))
          ^^^^^^^^
NameError: name 'wintypes' is not defined

[14:57:24] [CRITICAL] UNHANDLED GLOBAL EXCEPTION:
Traceback (most recent call last):
  File "D:\Somethings\ToolTest\gui.py", line 1651, in nativeEvent
    msg = wintypes.MSG.from_address(int(message))
          ^^^^^^^^
NameError: name 'wintypes' is not defined

[14:57:24] [CRITICAL] UNHANDLED GLOBAL EXCEPTION:
Traceback (most recent call last):
  File "D:\Somethings\ToolTest\gui.py", line 1651, in nativeEvent
    msg = wintypes.MSG.from_address(int(message))
          ^^^^^^^^
NameError: name 'wintypes' is not defined

[14:57:24] [CRITICAL] UNHANDLED GLOBAL EXCEPTION:
Traceback (most recent call last):
  File "D:\Somethings\ToolTest\gui.py", line 1651, in nativeEvent
    msg = wintypes.MSG.from_address(int(message))
          ^^^^^^^^
NameError: name 'wintypes' is not defined

[14:57:24] [CRITICAL] UNHANDLED GLOBAL EXCEPTION:
Traceback (most recent call last):
  File "D:\Somethings\ToolTest\gui.py", line 1651, in nativeEvent
    msg = wintypes.MSG.from_address(int(message))
          ^^^^^^^^
NameError: name 'wintypes' is not defined

[14:57:24] [CRITICAL] UNHANDLED GLOBAL EXCEPTION:
Traceback (most recent call last):
  File "D:\Somethings\ToolTest\gui.py", line 1651, in nativeEvent
    msg = wintypes.MSG.from_address(int(message))
          ^^^^^^^^
NameError: name 'wintypes' is not defined

[14:57:24] [CRITICAL] UNHANDLED GLOBAL EXCEPTION:
Traceback (most recent call last):
  File "D:\Somethings\ToolTest\gui.py", line 1651, in nativeEvent
    msg = wintypes.MSG.from_address(int(message))
          ^^^^^^^^
NameError: name 'wintypes' is not defined

[14:57:24] [CRITICAL] UNHANDLED GLOBAL EXCEPTION:
Traceback (most recent call last):
  File "D:\Somethings\ToolTest\gui.py", line 1651, in nativeEvent
    msg = wintypes.MSG.from_address(int(message))
          ^^^^^^^^
NameError: name 'wintypes' is not defined

[14:57:24] [CRITICAL] UNHANDLED GLOBAL EXCEPTION:
Traceback (most recent call last):
  File "D:\Somethings\ToolTest\gui.py", line 1651, in nativeEvent
    msg = wintypes.MSG.from_address(int(message))
          ^^^^^^^^
NameError: name 'wintypes' is not defined

[14:57:24] [CRITICAL] UNHANDLED GLOBAL EXCEPTION:
Traceback (most recent call last):
  File "D:\Somethings\ToolTest\gui.py", line 1651, in nativeEvent
    msg = wintypes.MSG.from_address(int(message))
          ^^^^^^^^
NameError: name 'wintypes' is not defined

[14:57:24] [CRITICAL] UNHANDLED GLOBAL EXCEPTION:
Traceback (most recent call last):
  File "D:\Somethings\ToolTest\gui.py", line 1651, in nativeEvent
    msg = wintypes.MSG.from_address(int(message))
          ^^^^^^^^
NameError: name 'wintypes' is not defined

[14:57:24] [CRITICAL] UNHANDLED GLOBAL EXCEPTION:
Traceback (most recent call last):
  File "D:\Somethings\ToolTest\gui.py", line 1651, in nativeEvent
    msg = wintypes.MSG.from_address(int(message))
          ^^^^^^^^
NameError: name 'wintypes' is not defined

[14:57:24] [CRITICAL] UNHANDLED GLOBAL EXCEPTION:
Traceback (most recent call last):
  File "D:\Somethings\ToolTest\gui.py", line 1651, in nativeEvent
    msg = wintypes.MSG.from_address(int(message))
          ^^^^^^^^
NameError: name 'wintypes' is not defined

[14:57:24] [CRITICAL] UNHANDLED GLOBAL EXCEPTION:
Traceback (most recent call last):
  File "D:\Somethings\ToolTest\gui.py", line 1651, in nativeEvent
    msg = wintypes.MSG.from_address(int(message))
          ^^^^^^^^
NameError: name 'wintypes' is not defined

[14:57:24] [CRITICAL] UNHANDLED GLOBAL EXCEPTION:
Traceback (most recent call last):
  File "D:\Somethings\ToolTest\gui.py", line 1651, in nativeEvent
    msg = wintypes.MSG.from_address(int(message))
          ^^^^^^^^
NameError: name 'wintypes' is not defined

[14:57:24] [CRITICAL] UNHANDLED GLOBAL EXCEPTION:
Traceback (most recent call last):
  File "D:\Somethings\ToolTest\gui.py", line 1651, in nativeEvent
    msg = wintypes.MSG.from_address(int(message))
          ^^^^^^^^
NameError: name 'wintypes' is not defined

[14:57:24] [CRITICAL] UNHANDLED GLOBAL EXCEPTION:
Traceback (most recent call last):
  File "D:\Somethings\ToolTest\gui.py", line 1651, in nativeEvent
    msg = wintypes.MSG.from_address(int(message))
          ^^^^^^^^
NameError: name 'wintypes' is not defined

[14:57:24] [CRITICAL] UNHANDLED GLOBAL EXCEPTION:
Traceback (most recent call last):
  File "D:\Somethings\ToolTest\gui.py", line 1651, in nativeEvent
    msg = wintypes.MSG.from_address(int(message))
          ^^^^^^^^
NameError: name 'wintypes' is not defined

[14:57:24] [CRITICAL] UNHANDLED GLOBAL EXCEPTION:
Traceback (most recent call last):
  File "D:\Somethings\ToolTest\gui.py", line 1651, in nativeEvent
    msg = wintypes.MSG.from_address(int(message))
          ^^^^^^^^
NameError: name 'wintypes' is not defined

[14:57:24] [CRITICAL] UNHANDLED GLOBAL EXCEPTION:
Traceback (most recent call last):
  File "D:\Somethings\ToolTest\gui.py", line 1651, in nativeEvent
    msg = wintypes.MSG.from_address(int(message))
          ^^^^^^^^
NameError: name 'wintypes' is not defined

[14:57:24] [CRITICAL] UNHANDLED GLOBAL EXCEPTION:
Traceback (most recent call last):
  File "D:\Somethings\ToolTest\gui.py", line 1651, in nativeEvent
    msg = wintypes.MSG.from_address(int(message))
          ^^^^^^^^
NameError: name 'wintypes' is not defined

[14:57:24] [CRITICAL] UNHANDLED GLOBAL EXCEPTION:
Traceback (most recent call last):
  File "D:\Somethings\ToolTest\gui.py", line 1651, in nativeEvent
    msg = wintypes.MSG.from_address(int(message))
          ^^^^^^^^
NameError: name 'wintypes' is not defined

[14:57:24] [CRITICAL] UNHANDLED GLOBAL EXCEPTION:
Traceback (most recent call last):
  File "D:\Somethings\ToolTest\gui.py", line 1651, in nativeEvent
    msg = wintypes.MSG.from_address(int(message))
          ^^^^^^^^
NameError: name 'wintypes' is not defined

[14:57:24] [CRITICAL] UNHANDLED GLOBAL EXCEPTION:
Traceback (most recent call last):
  File "D:\Somethings\ToolTest\gui.py", line 1651, in nativeEvent
    msg = wintypes.MSG.from_address(int(message))
          ^^^^^^^^
NameError: name 'wintypes' is not defined

[14:57:24] [CRITICAL] UNHANDLED GLOBAL EXCEPTION:
Traceback (most recent call last):
  File "D:\Somethings\ToolTest\gui.py", line 1651, in nativeEvent
    msg = wintypes.MSG.from_address(int(message))
          ^^^^^^^^
NameError: name 'wintypes' is not defined

[14:57:24] [CRITICAL] UNHANDLED GLOBAL EXCEPTION:
Traceback (most recent call last):
  File "D:\Somethings\ToolTest\gui.py", line 1651, in nativeEvent
    msg = wintypes.MSG.from_address(int(message))
          ^^^^^^^^
NameError: name 'wintypes' is not defined

[14:57:24] [CRITICAL] UNHANDLED GLOBAL EXCEPTION:
Traceback (most recent call last):
  File "D:\Somethings\ToolTest\gui.py", line 1651, in nativeEvent
    msg = wintypes.MSG.from_address(int(message))
          ^^^^^^^^
NameError: name 'wintypes' is not defined

[14:57:24] [CRITICAL] UNHANDLED GLOBAL EXCEPTION:
Traceback (most recent call last):
  File "D:\Somethings\ToolTest\gui.py", line 1651, in nativeEvent
    msg = wintypes.MSG.from_address(int(message))
          ^^^^^^^^
NameError: name 'wintypes' is not defined

[14:57:24] [CRITICAL] UNHANDLED GLOBAL EXCEPTION:
Traceback (most recent call last):
  File "D:\Somethings\ToolTest\gui.py", line 1651, in nativeEvent
    msg = wintypes.MSG.from_address(int(message))
          ^^^^^^^^
NameError: name 'wintypes' is not defined

[14:57:24] [CRITICAL] UNHANDLED GLOBAL EXCEPTION:
Traceback (most recent call last):
  File "D:\Somethings\ToolTest\gui.py", line 1651, in nativeEvent
    msg = wintypes.MSG.from_address(int(message))
          ^^^^^^^^
NameError: name 'wintypes' is not defined

[14:57:24] [CRITICAL] UNHANDLED GLOBAL EXCEPTION:
Traceback (most recent call last):
  File "D:\Somethings\ToolTest\gui.py", line 1651, in nativeEvent
    msg = wintypes.MSG.from_address(int(message))
          ^^^^^^^^
NameError: name 'wintypes' is not defined

[14:57:24] [CRITICAL] UNHANDLED GLOBAL EXCEPTION:
Traceback (most recent call last):
  File "D:\Somethings\ToolTest\gui.py", line 1651, in nativeEvent
    msg = wintypes.MSG.from_address(int(message))
          ^^^^^^^^
NameError: name 'wintypes' is not defined

[14:57:24] [CRITICAL] UNHANDLED GLOBAL EXCEPTION:
Traceback (most recent call last):
  File "D:\Somethings\ToolTest\gui.py", line 1651, in nativeEvent
    msg = wintypes.MSG.from_address(int(message))
          ^^^^^^^^
NameError: name 'wintypes' is not defined

[14:57:24] [CRITICAL] UNHANDLED GLOBAL EXCEPTION:
Traceback (most recent call last):
  File "D:\Somethings\ToolTest\gui.py", line 1651, in nativeEvent
    msg = wintypes.MSG.from_address(int(message))
          ^^^^^^^^
NameError: name 'wintypes' is not defined

[14:57:24] [CRITICAL] UNHANDLED GLOBAL EXCEPTION:
Traceback (most recent call last):
  File "D:\Somethings\ToolTest\gui.py", line 1651, in nativeEvent
    msg = wintypes.MSG.from_address(int(message))
          ^^^^^^^^
NameError: name 'wintypes' is not defined

[14:57:24] [CRITICAL] UNHANDLED GLOBAL EXCEPTION:
Traceback (most recent call last):
  File "D:\Somethings\ToolTest\gui.py", line 1651, in nativeEvent
    msg = wintypes.MSG.from_address(int(message))
          ^^^^^^^^
NameError: name 'wintypes' is not defined

[14:57:24] [CRITICAL] UNHANDLED GLOBAL EXCEPTION:
Traceback (most recent call last):
  File "D:\Somethings\ToolTest\gui.py", line 1651, in nativeEvent
    msg = wintypes.MSG.from_address(int(message))
          ^^^^^^^^
NameError: name 'wintypes' is not defined

[14:57:24] [CRITICAL] UNHANDLED GLOBAL EXCEPTION:
Traceback (most recent call last):
  File "D:\Somethings\ToolTest\gui.py", line 1651, in nativeEvent
    msg = wintypes.MSG.from_address(int(message))
          ^^^^^^^^
NameError: name 'wintypes' is not defined

[14:57:24] [CRITICAL] UNHANDLED GLOBAL EXCEPTION:
Traceback (most recent call last):
  File "D:\Somethings\ToolTest\gui.py", line 1651, in nativeEvent
    msg = wintypes.MSG.from_address(int(message))
          ^^^^^^^^
NameError: name 'wintypes' is not defined

[14:57:24] [CRITICAL] UNHANDLED GLOBAL EXCEPTION:
Traceback (most recent call last):
  File "D:\Somethings\ToolTest\gui.py", line 1651, in nativeEvent
    msg = wintypes.MSG.from_address(int(message))
          ^^^^^^^^
NameError: name 'wintypes' is not defined

[14:57:24] [CRITICAL] UNHANDLED GLOBAL EXCEPTION:
Traceback (most recent call last):
  File "D:\Somethings\ToolTest\gui.py", line 1651, in nativeEvent
    msg = wintypes.MSG.from_address(int(message))
          ^^^^^^^^
NameError: name 'wintypes' is not defined

[14:57:24] [CRITICAL] UNHANDLED GLOBAL EXCEPTION:
Traceback (most recent call last):
  File "D:\Somethings\ToolTest\gui.py", line 1651, in nativeEvent
    msg = wintypes.MSG.from_address(int(message))
          ^^^^^^^^
NameError: name 'wintypes' is not defined

[14:57:24] [CRITICAL] UNHANDLED GLOBAL EXCEPTION:
Traceback (most recent call last):
  File "D:\Somethings\ToolTest\gui.py", line 1651, in nativeEvent
    msg = wintypes.MSG.from_address(int(message))
          ^^^^^^^^
NameError: name 'wintypes' is not defined

[14:57:24] [CRITICAL] UNHANDLED GLOBAL EXCEPTION:
Traceback (most recent call last):
  File "D:\Somethings\ToolTest\gui.py", line 1651, in nativeEvent
    msg = wintypes.MSG.from_address(int(message))
          ^^^^^^^^
NameError: name 'wintypes' is not defined

[14:57:24] [CRITICAL] UNHANDLED GLOBAL EXCEPTION:
Traceback (most recent call last):
  File "D:\Somethings\ToolTest\gui.py", line 1651, in nativeEvent
    msg = wintypes.MSG.from_address(int(message))
          ^^^^^^^^
NameError: name 'wintypes' is not defined

[14:57:24] [CRITICAL] UNHANDLED GLOBAL EXCEPTION:
Traceback (most recent call last):
  File "D:\Somethings\ToolTest\gui.py", line 1651, in nativeEvent
    msg = wintypes.MSG.from_address(int(message))
          ^^^^^^^^
NameError: name 'wintypes' is not defined

[14:57:24] [CRITICAL] UNHANDLED GLOBAL EXCEPTION:
Traceback (most recent call last):
  File "D:\Somethings\ToolTest\gui.py", line 1651, in nativeEvent
    msg = wintypes.MSG.from_address(int(message))
          ^^^^^^^^
NameError: name 'wintypes' is not defined

[14:57:24] [CRITICAL] UNHANDLED GLOBAL EXCEPTION:
Traceback (most recent call last):
  File "D:\Somethings\ToolTest\gui.py", line 1651, in nativeEvent
    msg = wintypes.MSG.from_address(int(message))
          ^^^^^^^^
NameError: name 'wintypes' is not defined

[14:57:24] [CRITICAL] UNHANDLED GLOBAL EXCEPTION:
Traceback (most recent call last):
  File "D:\Somethings\ToolTest\gui.py", line 1651, in nativeEvent
    msg = wintypes.MSG.from_address(int(message))
          ^^^^^^^^
NameError: name 'wintypes' is not defined

[14:57:24] [CRITICAL] UNHANDLED GLOBAL EXCEPTION:
Traceback (most recent call last):
  File "D:\Somethings\ToolTest\gui.py", line 1651, in nativeEvent
    msg = wintypes.MSG.from_address(int(message))
          ^^^^^^^^
NameError: name 'wintypes' is not defined

[14:57:24] [CRITICAL] UNHANDLED GLOBAL EXCEPTION:
Traceback (most recent call last):
  File "D:\Somethings\ToolTest\gui.py", line 1651, in nativeEvent
    msg = wintypes.MSG.from_address(int(message))
          ^^^^^^^^
NameError: name 'wintypes' is not defined

[14:57:24] [CRITICAL] UNHANDLED GLOBAL EXCEPTION:
Traceback (most recent call last):
  File "D:\Somethings\ToolTest\gui.py", line 1651, in nativeEvent
    msg = wintypes.MSG.from_address(int(message))
          ^^^^^^^^
NameError: name 'wintypes' is not defined

[14:57:24] [CRITICAL] UNHANDLED GLOBAL EXCEPTION:
Traceback (most recent call last):
  File "D:\Somethings\ToolTest\gui.py", line 1651, in nativeEvent
    msg = wintypes.MSG.from_address(int(message))
          ^^^^^^^^
NameError: name 'wintypes' is not defined

[14:57:24] [CRITICAL] UNHANDLED GLOBAL EXCEPTION:
Traceback (most recent call last):
  File "D:\Somethings\ToolTest\gui.py", line 1651, in nativeEvent
    msg = wintypes.MSG.from_address(int(message))
          ^^^^^^^^
NameError: name 'wintypes' is not defined

[14:57:24] [CRITICAL] UNHANDLED GLOBAL EXCEPTION:
Traceback (most recent call last):
  File "D:\Somethings\ToolTest\gui.py", line 1651, in nativeEvent
    msg = wintypes.MSG.from_address(int(message))
          ^^^^^^^^
NameError: name 'wintypes' is not defined

[14:57:24] [CRITICAL] UNHANDLED GLOBAL EXCEPTION:
Traceback (most recent call last):
  File "D:\Somethings\ToolTest\gui.py", line 1651, in nativeEvent
    msg = wintypes.MSG.from_address(int(message))
          ^^^^^^^^
NameError: name 'wintypes' is not defined

[14:57:24] [CRITICAL] UNHANDLED GLOBAL EXCEPTION:
Traceback (most recent call last):
  File "D:\Somethings\ToolTest\gui.py", line 1651, in nativeEvent
    msg = wintypes.MSG.from_address(int(message))
          ^^^^^^^^
NameError: name 'wintypes' is not defined

[14:57:24] [CRITICAL] UNHANDLED GLOBAL EXCEPTION:
Traceback (most recent call last):
  File "D:\Somethings\ToolTest\gui.py", line 1651, in nativeEvent
    msg = wintypes.MSG.from_address(int(message))
          ^^^^^^^^
NameError: name 'wintypes' is not defined

[14:57:24] [CRITICAL] UNHANDLED GLOBAL EXCEPTION:
Traceback (most recent call last):
  File "D:\Somethings\ToolTest\gui.py", line 1651, in nativeEvent
    msg = wintypes.MSG.from_address(int(message))
          ^^^^^^^^
NameError: name 'wintypes' is not defined

[14:57:24] [CRITICAL] UNHANDLED GLOBAL EXCEPTION:
Traceback (most recent call last):
  File "D:\Somethings\ToolTest\gui.py", line 1651, in nativeEvent
    msg = wintypes.MSG.from_address(int(message))
          ^^^^^^^^
NameError: name 'wintypes' is not defined

[14:57:24] [CRITICAL] UNHANDLED GLOBAL EXCEPTION:
Traceback (most recent call last):
  File "D:\Somethings\ToolTest\gui.py", line 1651, in nativeEvent
    msg = wintypes.MSG.from_address(int(message))
          ^^^^^^^^
NameError: name 'wintypes' is not defined

[14:57:24] [CRITICAL] UNHANDLED GLOBAL EXCEPTION:
Traceback (most recent call last):
  File "D:\Somethings\ToolTest\gui.py", line 1651, in nativeEvent
    msg = wintypes.MSG.from_address(int(message))
          ^^^^^^^^
NameError: name 'wintypes' is not defined

[14:57:25] [CRITICAL] UNHANDLED GLOBAL EXCEPTION:
Traceback (most recent call last):
  File "D:\Somethings\ToolTest\gui.py", line 1651, in nativeEvent
    msg = wintypes.MSG.from_address(int(message))
          ^^^^^^^^
NameError: name 'wintypes' is not defined

[14:57:25] [CRITICAL] UNHANDLED GLOBAL EXCEPTION:
Traceback (most recent call last):
  File "D:\Somethings\ToolTest\gui.py", line 1651, in nativeEvent
    msg = wintypes.MSG.from_address(int(message))
          ^^^^^^^^
NameError: name 'wintypes' is not defined

[14:57:25] [CRITICAL] UNHANDLED GLOBAL EXCEPTION:
Traceback (most recent call last):
  File "D:\Somethings\ToolTest\gui.py", line 1651, in nativeEvent
    msg = wintypes.MSG.from_address(int(message))
          ^^^^^^^^
NameError: name 'wintypes' is not defined

[14:57:25] [CRITICAL] UNHANDLED GLOBAL EXCEPTION:
Traceback (most recent call last):
  File "D:\Somethings\ToolTest\gui.py", line 1651, in nativeEvent
    msg = wintypes.MSG.from_address(int(message))
          ^^^^^^^^
NameError: name 'wintypes' is not defined

[14:57:25] [CRITICAL] UNHANDLED GLOBAL EXCEPTION:
Traceback (most recent call last):
  File "D:\Somethings\ToolTest\gui.py", line 1651, in nativeEvent
    msg = wintypes.MSG.from_address(int(message))
          ^^^^^^^^
NameError: name 'wintypes' is not defined

[14:57:25] [CRITICAL] UNHANDLED GLOBAL EXCEPTION:
Traceback (most recent call last):
  File "D:\Somethings\ToolTest\gui.py", line 1651, in nativeEvent
    msg = wintypes.MSG.from_address(int(message))
          ^^^^^^^^
NameError: name 'wintypes' is not defined

[14:57:25] [CRITICAL] UNHANDLED GLOBAL EXCEPTION:
Traceback (most recent call last):
  File "D:\Somethings\ToolTest\gui.py", line 1651, in nativeEvent
    msg = wintypes.MSG.from_address(int(message))
          ^^^^^^^^
NameError: name 'wintypes' is not defined

[14:57:25] [CRITICAL] UNHANDLED GLOBAL EXCEPTION:
Traceback (most recent call last):
  File "D:\Somethings\ToolTest\gui.py", line 1651, in nativeEvent
    msg = wintypes.MSG.from_address(int(message))
          ^^^^^^^^
NameError: name 'wintypes' is not defined

[14:57:25] [CRITICAL] UNHANDLED GLOBAL EXCEPTION:
Traceback (most recent call last):
  File "D:\Somethings\ToolTest\gui.py", line 1651, in nativeEvent
    msg = wintypes.MSG.from_address(int(message))
          ^^^^^^^^
NameError: name 'wintypes' is not defined

[14:57:25] [CRITICAL] UNHANDLED GLOBAL EXCEPTION:
Traceback (most recent call last):
  File "D:\Somethings\ToolTest\gui.py", line 1651, in nativeEvent
    msg = wintypes.MSG.from_address(int(message))
          ^^^^^^^^
NameError: name 'wintypes' is not defined

[14:57:25] [CRITICAL] UNHANDLED GLOBAL EXCEPTION:
Traceback (most recent call last):
  File "D:\Somethings\ToolTest\gui.py", line 1651, in nativeEvent
    msg = wintypes.MSG.from_address(int(message))
          ^^^^^^^^
NameError: name 'wintypes' is not defined

[14:57:25] [CRITICAL] UNHANDLED GLOBAL EXCEPTION:
Traceback (most recent call last):
  File "D:\Somethings\ToolTest\gui.py", line 1651, in nativeEvent
    msg = wintypes.MSG.from_address(int(message))
          ^^^^^^^^
NameError: name 'wintypes' is not defined

[14:57:25] [CRITICAL] UNHANDLED GLOBAL EXCEPTION:
Traceback (most recent call last):
  File "D:\Somethings\ToolTest\gui.py", line 1651, in nativeEvent
    msg = wintypes.MSG.from_address(int(message))
          ^^^^^^^^
NameError: name 'wintypes' is not defined

[14:57:25] [CRITICAL] UNHANDLED GLOBAL EXCEPTION:
Traceback (most recent call last):
  File "D:\Somethings\ToolTest\gui.py", line 1651, in nativeEvent
    msg = wintypes.MSG.from_address(int(message))
          ^^^^^^^^
NameError: name 'wintypes' is not defined

[14:57:25] [CRITICAL] UNHANDLED GLOBAL EXCEPTION:
Traceback (most recent call last):
  File "D:\Somethings\ToolTest\gui.py", line 1651, in nativeEvent
    msg = wintypes.MSG.from_address(int(message))
          ^^^^^^^^
NameError: name 'wintypes' is not defined

[14:57:25] [CRITICAL] UNHANDLED GLOBAL EXCEPTION:
Traceback (most recent call last):
  File "D:\Somethings\ToolTest\gui.py", line 1651, in nativeEvent
    msg = wintypes.MSG.from_address(int(message))
          ^^^^^^^^
NameError: name 'wintypes' is not defined

[14:57:25] [CRITICAL] UNHANDLED GLOBAL EXCEPTION:
Traceback (most recent call last):
  File "D:\Somethings\ToolTest\gui.py", line 1651, in nativeEvent
    msg = wintypes.MSG.from_address(int(message))
          ^^^^^^^^
NameError: name 'wintypes' is not defined

[14:57:25] [CRITICAL] UNHANDLED GLOBAL EXCEPTION:
Traceback (most recent call last):
  File "D:\Somethings\ToolTest\gui.py", line 1651, in nativeEvent
    msg = wintypes.MSG.from_address(int(message))
          ^^^^^^^^
NameError: name 'wintypes' is not defined

[14:57:25] [CRITICAL] UNHANDLED GLOBAL EXCEPTION:
Traceback (most recent call last):
  File "D:\Somethings\ToolTest\gui.py", line 1651, in nativeEvent
    msg = wintypes.MSG.from_address(int(message))
          ^^^^^^^^
NameError: name 'wintypes' is not defined

[14:57:25] [CRITICAL] UNHANDLED GLOBAL EXCEPTION:
Traceback (most recent call last):
  File "D:\Somethings\ToolTest\gui.py", line 1651, in nativeEvent
    msg = wintypes.MSG.from_address(int(message))
          ^^^^^^^^
NameError: name 'wintypes' is not defined

[14:57:25] [CRITICAL] UNHANDLED GLOBAL EXCEPTION:
Traceback (most recent call last):
  File "D:\Somethings\ToolTest\gui.py", line 1651, in nativeEvent
    msg = wintypes.MSG.from_address(int(message))
          ^^^^^^^^
NameError: name 'wintypes' is not defined

[14:57:25] [CRITICAL] UNHANDLED GLOBAL EXCEPTION:
Traceback (most recent call last):
  File "D:\Somethings\ToolTest\gui.py", line 1651, in nativeEvent
    msg = wintypes.MSG.from_address(int(message))
          ^^^^^^^^
NameError: name 'wintypes' is not defined

[14:57:25] [CRITICAL] UNHANDLED GLOBAL EXCEPTION:
Traceback (most recent call last):
  File "D:\Somethings\ToolTest\gui.py", line 1651, in nativeEvent
    msg = wintypes.MSG.from_address(int(message))
          ^^^^^^^^
NameError: name 'wintypes' is not defined

[14:57:25] [CRITICAL] UNHANDLED GLOBAL EXCEPTION:
Traceback (most recent call last):
  File "D:\Somethings\ToolTest\gui.py", line 1651, in nativeEvent
    msg = wintypes.MSG.from_address(int(message))
          ^^^^^^^^
NameError: name 'wintypes' is not defined

[14:57:25] [CRITICAL] UNHANDLED GLOBAL EXCEPTION:
Traceback (most recent call last):
  File "D:\Somethings\ToolTest\gui.py", line 1651, in nativeEvent
    msg = wintypes.MSG.from_address(int(message))
          ^^^^^^^^
NameError: name 'wintypes' is not defined

[14:57:25] [CRITICAL] UNHANDLED GLOBAL EXCEPTION:
Traceback (most recent call last):
  File "D:\Somethings\ToolTest\gui.py", line 1651, in nativeEvent
    msg = wintypes.MSG.from_address(int(message))
          ^^^^^^^^
NameError: name 'wintypes' is not defined

[14:57:25] [CRITICAL] UNHANDLED GLOBAL EXCEPTION:
Traceback (most recent call last):
  File "D:\Somethings\ToolTest\gui.py", line 1651, in nativeEvent
    msg = wintypes.MSG.from_address(int(message))
          ^^^^^^^^
NameError: name 'wintypes' is not defined

[14:57:25] [CRITICAL] UNHANDLED GLOBAL EXCEPTION:
Traceback (most recent call last):
  File "D:\Somethings\ToolTest\gui.py", line 1651, in nativeEvent
    msg = wintypes.MSG.from_address(int(message))
          ^^^^^^^^
NameError: name 'wintypes' is not defined

[14:57:25] [CRITICAL] UNHANDLED GLOBAL EXCEPTION:
Traceback (most recent call last):
  File "D:\Somethings\ToolTest\gui.py", line 1651, in nativeEvent
    msg = wintypes.MSG.from_address(int(message))
          ^^^^^^^^
NameError: name 'wintypes' is not defined

[14:57:25] [CRITICAL] UNHANDLED GLOBAL EXCEPTION:
Traceback (most recent call last):
  File "D:\Somethings\ToolTest\gui.py", line 1651, in nativeEvent
    msg = wintypes.MSG.from_address(int(message))
          ^^^^^^^^
NameError: name 'wintypes' is not defined

[14:57:25] [CRITICAL] UNHANDLED GLOBAL EXCEPTION:
Traceback (most recent call last):
  File "D:\Somethings\ToolTest\gui.py", line 1651, in nativeEvent
    msg = wintypes.MSG.from_address(int(message))
          ^^^^^^^^
NameError: name 'wintypes' is not defined

[14:57:25] [CRITICAL] UNHANDLED GLOBAL EXCEPTION:
Traceback (most recent call last):
  File "D:\Somethings\ToolTest\gui.py", line 1651, in nativeEvent
    msg = wintypes.MSG.from_address(int(message))
          ^^^^^^^^
NameError: name 'wintypes' is not defined

[14:57:25] [CRITICAL] UNHANDLED GLOBAL EXCEPTION:
Traceback (most recent call last):
  File "D:\Somethings\ToolTest\gui.py", line 1651, in nativeEvent
    msg = wintypes.MSG.from_address(int(message))
          ^^^^^^^^
NameError: name 'wintypes' is not defined

[14:57:25] [CRITICAL] UNHANDLED GLOBAL EXCEPTION:
Traceback (most recent call last):
  File "D:\Somethings\ToolTest\gui.py", line 1651, in nativeEvent
    msg = wintypes.MSG.from_address(int(message))
          ^^^^^^^^
NameError: name 'wintypes' is not defined

[14:57:25] [CRITICAL] UNHANDLED GLOBAL EXCEPTION:
Traceback (most recent call last):
  File "D:\Somethings\ToolTest\gui.py", line 1651, in nativeEvent
    msg = wintypes.MSG.from_address(int(message))
          ^^^^^^^^
NameError: name 'wintypes' is not defined

[14:57:25] [CRITICAL] UNHANDLED GLOBAL EXCEPTION:
Traceback (most recent call last):
  File "D:\Somethings\ToolTest\gui.py", line 1651, in nativeEvent
    msg = wintypes.MSG.from_address(int(message))
          ^^^^^^^^
NameError: name 'wintypes' is not defined

[14:57:25] [CRITICAL] UNHANDLED GLOBAL EXCEPTION:
Traceback (most recent call last):
  File "D:\Somethings\ToolTest\gui.py", line 1651, in nativeEvent
    msg = wintypes.MSG.from_address(int(message))
          ^^^^^^^^
NameError: name 'wintypes' is not defined

[14:57:25] [CRITICAL] UNHANDLED GLOBAL EXCEPTION:
Traceback (most recent call last):
  File "D:\Somethings\ToolTest\gui.py", line 1651, in nativeEvent
    msg = wintypes.MSG.from_address(int(message))
          ^^^^^^^^
NameError: name 'wintypes' is not defined

[14:57:25] [CRITICAL] UNHANDLED GLOBAL EXCEPTION:
Traceback (most recent call last):
  File "D:\Somethings\ToolTest\gui.py", line 1651, in nativeEvent
    msg = wintypes.MSG.from_address(int(message))
          ^^^^^^^^
NameError: name 'wintypes' is not defined

[14:57:25] [CRITICAL] UNHANDLED GLOBAL EXCEPTION:
Traceback (most recent call last):
  File "D:\Somethings\ToolTest\gui.py", line 1651, in nativeEvent
    msg = wintypes.MSG.from_address(int(message))
          ^^^^^^^^
NameError: name 'wintypes' is not defined

[14:57:25] [CRITICAL] UNHANDLED GLOBAL EXCEPTION:
Traceback (most recent call last):
  File "D:\Somethings\ToolTest\gui.py", line 1651, in nativeEvent
    msg = wintypes.MSG.from_address(int(message))
          ^^^^^^^^
NameError: name 'wintypes' is not defined

[14:57:25] [CRITICAL] UNHANDLED GLOBAL EXCEPTION:
Traceback (most recent call last):
  File "D:\Somethings\ToolTest\gui.py", line 1651, in nativeEvent
    msg = wintypes.MSG.from_address(int(message))
          ^^^^^^^^
NameError: name 'wintypes' is not defined

[14:57:25] [CRITICAL] UNHANDLED GLOBAL EXCEPTION:
Traceback (most recent call last):
  File "D:\Somethings\ToolTest\gui.py", line 1651, in nativeEvent
    msg = wintypes.MSG.from_address(int(message))
          ^^^^^^^^
NameError: name 'wintypes' is not defined

[14:57:25] [CRITICAL] UNHANDLED GLOBAL EXCEPTION:
Traceback (most recent call last):
  File "D:\Somethings\ToolTest\gui.py", line 1651, in nativeEvent
    msg = wintypes.MSG.from_address(int(message))
          ^^^^^^^^
NameError: name 'wintypes' is not defined

[14:57:25] [CRITICAL] UNHANDLED GLOBAL EXCEPTION:
Traceback (most recent call last):
  File "D:\Somethings\ToolTest\gui.py", line 1651, in nativeEvent
    msg = wintypes.MSG.from_address(int(message))
          ^^^^^^^^
NameError: name 'wintypes' is not defined

[14:57:25] [CRITICAL] UNHANDLED GLOBAL EXCEPTION:
Traceback (most recent call last):
  File "D:\Somethings\ToolTest\gui.py", line 1651, in nativeEvent
    msg = wintypes.MSG.from_address(int(message))
          ^^^^^^^^
NameError: name 'wintypes' is not defined

[14:57:25] [CRITICAL] UNHANDLED GLOBAL EXCEPTION:
Traceback (most recent call last):
  File "D:\Somethings\ToolTest\gui.py", line 1651, in nativeEvent
    msg = wintypes.MSG.from_address(int(message))
          ^^^^^^^^
NameError: name 'wintypes' is not defined

[14:57:25] [CRITICAL] UNHANDLED GLOBAL EXCEPTION:
Traceback (most recent call last):
  File "D:\Somethings\ToolTest\gui.py", line 1651, in nativeEvent
    msg = wintypes.MSG.from_address(int(message))
          ^^^^^^^^
NameError: name 'wintypes' is not defined

[14:57:25] [CRITICAL] UNHANDLED GLOBAL EXCEPTION:
Traceback (most recent call last):
  File "D:\Somethings\ToolTest\gui.py", line 1651, in nativeEvent
    msg = wintypes.MSG.from_address(int(message))
          ^^^^^^^^
NameError: name 'wintypes' is not defined

[14:57:25] [CRITICAL] UNHANDLED GLOBAL EXCEPTION:
Traceback (most recent call last):
  File "D:\Somethings\ToolTest\gui.py", line 1651, in nativeEvent
    msg = wintypes.MSG.from_address(int(message))
          ^^^^^^^^
NameError: name 'wintypes' is not defined

[14:57:25] [CRITICAL] UNHANDLED GLOBAL EXCEPTION:
Traceback (most recent call last):
  File "D:\Somethings\ToolTest\gui.py", line 1651, in nativeEvent
    msg = wintypes.MSG.from_address(int(message))
          ^^^^^^^^
NameError: name 'wintypes' is not defined

[14:57:25] [CRITICAL] UNHANDLED GLOBAL EXCEPTION:
Traceback (most recent call last):
  File "D:\Somethings\ToolTest\gui.py", line 1651, in nativeEvent
    msg = wintypes.MSG.from_address(int(message))
          ^^^^^^^^
NameError: name 'wintypes' is not defined

[14:57:25] [CRITICAL] UNHANDLED GLOBAL EXCEPTION:
Traceback (most recent call last):
  File "D:\Somethings\ToolTest\gui.py", line 1651, in nativeEvent
    msg = wintypes.MSG.from_address(int(message))
          ^^^^^^^^
NameError: name 'wintypes' is not defined

[14:57:25] [CRITICAL] UNHANDLED GLOBAL EXCEPTION:
Traceback (most recent call last):
  File "D:\Somethings\ToolTest\gui.py", line 1651, in nativeEvent
    msg = wintypes.MSG.from_address(int(message))
          ^^^^^^^^
NameError: name 'wintypes' is not defined

[14:57:25] [CRITICAL] UNHANDLED GLOBAL EXCEPTION:
Traceback (most recent call last):
  File "D:\Somethings\ToolTest\gui.py", line 1651, in nativeEvent
    msg = wintypes.MSG.from_address(int(message))
          ^^^^^^^^
NameError: name 'wintypes' is not defined

[14:57:25] [CRITICAL] UNHANDLED GLOBAL EXCEPTION:
Traceback (most recent call last):
  File "D:\Somethings\ToolTest\gui.py", line 1651, in nativeEvent
    msg = wintypes.MSG.from_address(int(message))
          ^^^^^^^^
NameError: name 'wintypes' is not defined

[14:57:25] [CRITICAL] UNHANDLED GLOBAL EXCEPTION:
Traceback (most recent call last):
  File "D:\Somethings\ToolTest\gui.py", line 1651, in nativeEvent
    msg = wintypes.MSG.from_address(int(message))
          ^^^^^^^^
NameError: name 'wintypes' is not defined

[14:57:25] [CRITICAL] UNHANDLED GLOBAL EXCEPTION:
Traceback (most recent call last):
  File "D:\Somethings\ToolTest\gui.py", line 1651, in nativeEvent
    msg = wintypes.MSG.from_address(int(message))
          ^^^^^^^^
NameError: name 'wintypes' is not defined

[14:57:25] [CRITICAL] UNHANDLED GLOBAL EXCEPTION:
Traceback (most recent call last):
  File "D:\Somethings\ToolTest\gui.py", line 1651, in nativeEvent
    msg = wintypes.MSG.from_address(int(message))
          ^^^^^^^^
NameError: name 'wintypes' is not defined

[14:57:25] [CRITICAL] UNHANDLED GLOBAL EXCEPTION:
Traceback (most recent call last):
  File "D:\Somethings\ToolTest\gui.py", line 1651, in nativeEvent
    msg = wintypes.MSG.from_address(int(message))
          ^^^^^^^^
NameError: name 'wintypes' is not defined

[14:57:25] [CRITICAL] UNHANDLED GLOBAL EXCEPTION:
Traceback (most recent call last):
  File "D:\Somethings\ToolTest\gui.py", line 1651, in nativeEvent
    msg = wintypes.MSG.from_address(int(message))
          ^^^^^^^^
NameError: name 'wintypes' is not defined

[14:57:25] [CRITICAL] UNHANDLED GLOBAL EXCEPTION:
Traceback (most recent call last):
  File "D:\Somethings\ToolTest\gui.py", line 1651, in nativeEvent
    msg = wintypes.MSG.from_address(int(message))
          ^^^^^^^^
NameError: name 'wintypes' is not defined

[14:57:25] [CRITICAL] UNHANDLED GLOBAL EXCEPTION:
Traceback (most recent call last):
  File "D:\Somethings\ToolTest\gui.py", line 1651, in nativeEvent
    msg = wintypes.MSG.from_address(int(message))
          ^^^^^^^^
NameError: name 'wintypes' is not defined

[14:57:25] [CRITICAL] UNHANDLED GLOBAL EXCEPTION:
Traceback (most recent call last):
  File "D:\Somethings\ToolTest\gui.py", line 1651, in nativeEvent
    msg = wintypes.MSG.from_address(int(message))
          ^^^^^^^^
NameError: name 'wintypes' is not defined

[14:57:25] [CRITICAL] UNHANDLED GLOBAL EXCEPTION:
Traceback (most recent call last):
  File "D:\Somethings\ToolTest\gui.py", line 1651, in nativeEvent
    msg = wintypes.MSG.from_address(int(message))
          ^^^^^^^^
NameError: name 'wintypes' is not defined

[14:57:25] [CRITICAL] UNHANDLED GLOBAL EXCEPTION:
Traceback (most recent call last):
  File "D:\Somethings\ToolTest\gui.py", line 1651, in nativeEvent
    msg = wintypes.MSG.from_address(int(message))
          ^^^^^^^^
NameError: name 'wintypes' is not defined

[14:57:25] [CRITICAL] UNHANDLED GLOBAL EXCEPTION:
Traceback (most recent call last):
  File "D:\Somethings\ToolTest\gui.py", line 1651, in nativeEvent
    msg = wintypes.MSG.from_address(int(message))
          ^^^^^^^^
NameError: name 'wintypes' is not defined

[14:57:25] [CRITICAL] UNHANDLED GLOBAL EXCEPTION:
Traceback (most recent call last):
  File "D:\Somethings\ToolTest\gui.py", line 1651, in nativeEvent
    msg = wintypes.MSG.from_address(int(message))
          ^^^^^^^^
NameError: name 'wintypes' is not defined

[14:57:25] [CRITICAL] UNHANDLED GLOBAL EXCEPTION:
Traceback (most recent call last):
  File "D:\Somethings\ToolTest\gui.py", line 1651, in nativeEvent
    msg = wintypes.MSG.from_address(int(message))
          ^^^^^^^^
NameError: name 'wintypes' is not defined

[14:57:25] [CRITICAL] UNHANDLED GLOBAL EXCEPTION:
Traceback (most recent call last):
  File "D:\Somethings\ToolTest\gui.py", line 1651, in nativeEvent
    msg = wintypes.MSG.from_address(int(message))
          ^^^^^^^^
NameError: name 'wintypes' is not defined

[14:57:25] [CRITICAL] UNHANDLED GLOBAL EXCEPTION:
Traceback (most recent call last):
  File "D:\Somethings\ToolTest\gui.py", line 1651, in nativeEvent
    msg = wintypes.MSG.from_address(int(message))
          ^^^^^^^^
NameError: name 'wintypes' is not defined

[14:57:25] [CRITICAL] UNHANDLED GLOBAL EXCEPTION:
Traceback (most recent call last):
  File "D:\Somethings\ToolTest\gui.py", line 1651, in nativeEvent
    msg = wintypes.MSG.from_address(int(message))
          ^^^^^^^^
NameError: name 'wintypes' is not defined

[14:57:25] [CRITICAL] UNHANDLED GLOBAL EXCEPTION:
Traceback (most recent call last):
  File "D:\Somethings\ToolTest\gui.py", line 1651, in nativeEvent
    msg = wintypes.MSG.from_address(int(message))
          ^^^^^^^^
NameError: name 'wintypes' is not defined

[14:57:25] [CRITICAL] UNHANDLED GLOBAL EXCEPTION:
Traceback (most recent call last):
  File "D:\Somethings\ToolTest\gui.py", line 1651, in nativeEvent
    msg = wintypes.MSG.from_address(int(message))
          ^^^^^^^^
NameError: name 'wintypes' is not defined

[14:57:25] [CRITICAL] UNHANDLED GLOBAL EXCEPTION:
Traceback (most recent call last):
  File "D:\Somethings\ToolTest\gui.py", line 1651, in nativeEvent
    msg = wintypes.MSG.from_address(int(message))
          ^^^^^^^^
NameError: name 'wintypes' is not defined

[14:57:25] [CRITICAL] UNHANDLED GLOBAL EXCEPTION:
Traceback (most recent call last):
  File "D:\Somethings\ToolTest\gui.py", line 1651, in nativeEvent
    msg = wintypes.MSG.from_address(int(message))
          ^^^^^^^^
NameError: name 'wintypes' is not defined

[14:57:25] [CRITICAL] UNHANDLED GLOBAL EXCEPTION:
Traceback (most recent call last):
  File "D:\Somethings\ToolTest\gui.py", line 1651, in nativeEvent
    msg = wintypes.MSG.from_address(int(message))
          ^^^^^^^^
NameError: name 'wintypes' is not defined

[14:57:25] [CRITICAL] UNHANDLED GLOBAL EXCEPTION:
Traceback (most recent call last):
  File "D:\Somethings\ToolTest\gui.py", line 1651, in nativeEvent
    msg = wintypes.MSG.from_address(int(message))
          ^^^^^^^^
NameError: name 'wintypes' is not defined

[14:57:25] [CRITICAL] UNHANDLED GLOBAL EXCEPTION:
Traceback (most recent call last):
  File "D:\Somethings\ToolTest\gui.py", line 1651, in nativeEvent
    msg = wintypes.MSG.from_address(int(message))
          ^^^^^^^^
NameError: name 'wintypes' is not defined

[14:57:25] [CRITICAL] UNHANDLED GLOBAL EXCEPTION:
Traceback (most recent call last):
  File "D:\Somethings\ToolTest\gui.py", line 1651, in nativeEvent
    msg = wintypes.MSG.from_address(int(message))
          ^^^^^^^^
NameError: name 'wintypes' is not defined

[14:57:25] [CRITICAL] UNHANDLED GLOBAL EXCEPTION:
Traceback (most recent call last):
  File "D:\Somethings\ToolTest\gui.py", line 1651, in nativeEvent
    msg = wintypes.MSG.from_address(int(message))
          ^^^^^^^^
NameError: name 'wintypes' is not defined

[14:57:25] [CRITICAL] UNHANDLED GLOBAL EXCEPTION:
Traceback (most recent call last):
  File "D:\Somethings\ToolTest\gui.py", line 1651, in nativeEvent
    msg = wintypes.MSG.from_address(int(message))
          ^^^^^^^^
NameError: name 'wintypes' is not defined

[14:57:25] [CRITICAL] UNHANDLED GLOBAL EXCEPTION:
Traceback (most recent call last):
  File "D:\Somethings\ToolTest\gui.py", line 1651, in nativeEvent
    msg = wintypes.MSG.from_address(int(message))
          ^^^^^^^^
NameError: name 'wintypes' is not defined

[14:57:25] [CRITICAL] UNHANDLED GLOBAL EXCEPTION:
Traceback (most recent call last):
  File "D:\Somethings\ToolTest\gui.py", line 1651, in nativeEvent
    msg = wintypes.MSG.from_address(int(message))
          ^^^^^^^^
NameError: name 'wintypes' is not defined

[14:57:25] [CRITICAL] UNHANDLED GLOBAL EXCEPTION:
Traceback (most recent call last):
  File "D:\Somethings\ToolTest\gui.py", line 1651, in nativeEvent
    msg = wintypes.MSG.from_address(int(message))
          ^^^^^^^^
NameError: name 'wintypes' is not defined

[14:57:25] [CRITICAL] UNHANDLED GLOBAL EXCEPTION:
Traceback (most recent call last):
  File "D:\Somethings\ToolTest\gui.py", line 1651, in nativeEvent
    msg = wintypes.MSG.from_address(int(message))
          ^^^^^^^^
NameError: name 'wintypes' is not defined

[14:57:25] [CRITICAL] UNHANDLED GLOBAL EXCEPTION:
Traceback (most recent call last):
  File "D:\Somethings\ToolTest\gui.py", line 1651, in nativeEvent
    msg = wintypes.MSG.from_address(int(message))
          ^^^^^^^^
NameError: name 'wintypes' is not defined

[14:57:25] [CRITICAL] UNHANDLED GLOBAL EXCEPTION:
Traceback (most recent call last):
  File "D:\Somethings\ToolTest\gui.py", line 1651, in nativeEvent
    msg = wintypes.MSG.from_address(int(message))
          ^^^^^^^^
NameError: name 'wintypes' is not defined

[14:57:25] [CRITICAL] UNHANDLED GLOBAL EXCEPTION:
Traceback (most recent call last):
  File "D:\Somethings\ToolTest\gui.py", line 1651, in nativeEvent
    msg = wintypes.MSG.from_address(int(message))
          ^^^^^^^^
NameError: name 'wintypes' is not defined

[14:57:25] [CRITICAL] UNHANDLED GLOBAL EXCEPTION:
Traceback (most recent call last):
  File "D:\Somethings\ToolTest\gui.py", line 1651, in nativeEvent
    msg = wintypes.MSG.from_address(int(message))
          ^^^^^^^^
NameError: name 'wintypes' is not defined

[14:57:25] [CRITICAL] UNHANDLED GLOBAL EXCEPTION:
Traceback (most recent call last):
  File "D:\Somethings\ToolTest\gui.py", line 1651, in nativeEvent
    msg = wintypes.MSG.from_address(int(message))
          ^^^^^^^^
NameError: name 'wintypes' is not defined

[14:57:25] [CRITICAL] UNHANDLED GLOBAL EXCEPTION:
Traceback (most recent call last):
  File "D:\Somethings\ToolTest\gui.py", line 1651, in nativeEvent
    msg = wintypes.MSG.from_address(int(message))
          ^^^^^^^^
NameError: name 'wintypes' is not defined

[14:57:25] [CRITICAL] UNHANDLED GLOBAL EXCEPTION:
Traceback (most recent call last):
  File "D:\Somethings\ToolTest\gui.py", line 1651, in nativeEvent
    msg = wintypes.MSG.from_address(int(message))
          ^^^^^^^^
NameError: name 'wintypes' is not defined

[14:57:25] [CRITICAL] UNHANDLED GLOBAL EXCEPTION:
Traceback (most recent call last):
  File "D:\Somethings\ToolTest\gui.py", line 1651, in nativeEvent
    msg = wintypes.MSG.from_address(int(message))
          ^^^^^^^^
NameError: name 'wintypes' is not defined

[14:57:25] [CRITICAL] UNHANDLED GLOBAL EXCEPTION:
Traceback (most recent call last):
  File "D:\Somethings\ToolTest\gui.py", line 1651, in nativeEvent
    msg = wintypes.MSG.from_address(int(message))
          ^^^^^^^^
NameError: name 'wintypes' is not defined

[14:57:25] [CRITICAL] UNHANDLED GLOBAL EXCEPTION:
Traceback (most recent call last):
  File "D:\Somethings\ToolTest\gui.py", line 1651, in nativeEvent
    msg = wintypes.MSG.from_address(int(message))
          ^^^^^^^^
NameError: name 'wintypes' is not defined

[14:57:25] [CRITICAL] UNHANDLED GLOBAL EXCEPTION:
Traceback (most recent call last):
  File "D:\Somethings\ToolTest\gui.py", line 1651, in nativeEvent
    msg = wintypes.MSG.from_address(int(message))
          ^^^^^^^^
NameError: name 'wintypes' is not defined

[14:57:25] [CRITICAL] UNHANDLED GLOBAL EXCEPTION:
Traceback (most recent call last):
  File "D:\Somethings\ToolTest\gui.py", line 1651, in nativeEvent
    msg = wintypes.MSG.from_address(int(message))
          ^^^^^^^^
NameError: name 'wintypes' is not defined

[14:57:25] [CRITICAL] UNHANDLED GLOBAL EXCEPTION:
Traceback (most recent call last):
  File "D:\Somethings\ToolTest\gui.py", line 1651, in nativeEvent
    msg = wintypes.MSG.from_address(int(message))
          ^^^^^^^^
NameError: name 'wintypes' is not defined

[14:57:25] [CRITICAL] UNHANDLED GLOBAL EXCEPTION:
Traceback (most recent call last):
  File "D:\Somethings\ToolTest\gui.py", line 1651, in nativeEvent
    msg = wintypes.MSG.from_address(int(message))
          ^^^^^^^^
NameError: name 'wintypes' is not defined

[14:57:25] [CRITICAL] UNHANDLED GLOBAL EXCEPTION:
Traceback (most recent call last):
  File "D:\Somethings\ToolTest\gui.py", line 1651, in nativeEvent
    msg = wintypes.MSG.from_address(int(message))
          ^^^^^^^^
NameError: name 'wintypes' is not defined

[14:57:25] [CRITICAL] UNHANDLED GLOBAL EXCEPTION:
Traceback (most recent call last):
  File "D:\Somethings\ToolTest\gui.py", line 1651, in nativeEvent
    msg = wintypes.MSG.from_address(int(message))
          ^^^^^^^^
NameError: name 'wintypes' is not defined

[14:57:25] [CRITICAL] UNHANDLED GLOBAL EXCEPTION:
Traceback (most recent call last):
  File "D:\Somethings\ToolTest\gui.py", line 1651, in nativeEvent
    msg = wintypes.MSG.from_address(int(message))
          ^^^^^^^^
NameError: name 'wintypes' is not defined

[14:57:25] [CRITICAL] UNHANDLED GLOBAL EXCEPTION:
Traceback (most recent call last):
  File "D:\Somethings\ToolTest\gui.py", line 1651, in nativeEvent
    msg = wintypes.MSG.from_address(int(message))
          ^^^^^^^^
NameError: name 'wintypes' is not defined

[14:57:25] [CRITICAL] UNHANDLED GLOBAL EXCEPTION:
Traceback (most recent call last):
  File "D:\Somethings\ToolTest\gui.py", line 1651, in nativeEvent
    msg = wintypes.MSG.from_address(int(message))
          ^^^^^^^^
NameError: name 'wintypes' is not defined

[14:57:25] [CRITICAL] UNHANDLED GLOBAL EXCEPTION:
Traceback (most recent call last):
  File "D:\Somethings\ToolTest\gui.py", line 1651, in nativeEvent
    msg = wintypes.MSG.from_address(int(message))
          ^^^^^^^^
NameError: name 'wintypes' is not defined

[14:57:26] [CRITICAL] UNHANDLED GLOBAL EXCEPTION:
Traceback (most recent call last):
  File "D:\Somethings\ToolTest\gui.py", line 1651, in nativeEvent
    msg = wintypes.MSG.from_address(int(message))
          ^^^^^^^^
NameError: name 'wintypes' is not defined

[14:57:26] [CRITICAL] UNHANDLED GLOBAL EXCEPTION:
Traceback (most recent call last):
  File "D:\Somethings\ToolTest\gui.py", line 1651, in nativeEvent
    msg = wintypes.MSG.from_address(int(message))
          ^^^^^^^^
NameError: name 'wintypes' is not defined

[14:57:26] [CRITICAL] UNHANDLED GLOBAL EXCEPTION:
Traceback (most recent call last):
  File "D:\Somethings\ToolTest\gui.py", line 1651, in nativeEvent
    msg = wintypes.MSG.from_address(int(message))
          ^^^^^^^^
NameError: name 'wintypes' is not defined

[14:57:26] [CRITICAL] UNHANDLED GLOBAL EXCEPTION:
Traceback (most recent call last):
  File "D:\Somethings\ToolTest\gui.py", line 1651, in nativeEvent
    msg = wintypes.MSG.from_address(int(message))
          ^^^^^^^^
NameError: name 'wintypes' is not defined

[14:57:26] [CRITICAL] UNHANDLED GLOBAL EXCEPTION:
Traceback (most recent call last):
  File "D:\Somethings\ToolTest\gui.py", line 1651, in nativeEvent
    msg = wintypes.MSG.from_address(int(message))
          ^^^^^^^^
NameError: name 'wintypes' is not defined

[14:57:26] [CRITICAL] UNHANDLED GLOBAL EXCEPTION:
Traceback (most recent call last):
  File "D:\Somethings\ToolTest\gui.py", line 1651, in nativeEvent
    msg = wintypes.MSG.from_address(int(message))
          ^^^^^^^^
NameError: name 'wintypes' is not defined

[14:57:26] [CRITICAL] UNHANDLED GLOBAL EXCEPTION:
Traceback (most recent call last):
  File "D:\Somethings\ToolTest\gui.py", line 1651, in nativeEvent
    msg = wintypes.MSG.from_address(int(message))
          ^^^^^^^^
NameError: name 'wintypes' is not defined

[14:57:26] [CRITICAL] UNHANDLED GLOBAL EXCEPTION:
Traceback (most recent call last):
  File "D:\Somethings\ToolTest\gui.py", line 1651, in nativeEvent
    msg = wintypes.MSG.from_address(int(message))
          ^^^^^^^^
NameError: name 'wintypes' is not defined

[14:57:26] [CRITICAL] UNHANDLED GLOBAL EXCEPTION:
Traceback (most recent call last):
  File "D:\Somethings\ToolTest\gui.py", line 1651, in nativeEvent
    msg = wintypes.MSG.from_address(int(message))
          ^^^^^^^^
NameError: name 'wintypes' is not defined

[14:57:26] [CRITICAL] UNHANDLED GLOBAL EXCEPTION:
Traceback (most recent call last):
  File "D:\Somethings\ToolTest\gui.py", line 1651, in nativeEvent
    msg = wintypes.MSG.from_address(int(message))
          ^^^^^^^^
NameError: name 'wintypes' is not defined

[14:57:26] [CRITICAL] UNHANDLED GLOBAL EXCEPTION:
Traceback (most recent call last):
  File "D:\Somethings\ToolTest\gui.py", line 1651, in nativeEvent
    msg = wintypes.MSG.from_address(int(message))
          ^^^^^^^^
NameError: name 'wintypes' is not defined

[14:57:26] [CRITICAL] UNHANDLED GLOBAL EXCEPTION:
Traceback (most recent call last):
  File "D:\Somethings\ToolTest\gui.py", line 1651, in nativeEvent
    msg = wintypes.MSG.from_address(int(message))
          ^^^^^^^^
NameError: name 'wintypes' is not defined

[14:57:26] [CRITICAL] UNHANDLED GLOBAL EXCEPTION:
Traceback (most recent call last):
  File "D:\Somethings\ToolTest\gui.py", line 1651, in nativeEvent
    msg = wintypes.MSG.from_address(int(message))
          ^^^^^^^^
NameError: name 'wintypes' is not defined

[14:57:26] [CRITICAL] UNHANDLED GLOBAL EXCEPTION:
Traceback (most recent call last):
  File "D:\Somethings\ToolTest\gui.py", line 1651, in nativeEvent
    msg = wintypes.MSG.from_address(int(message))
          ^^^^^^^^
NameError: name 'wintypes' is not defined

[14:57:26] [CRITICAL] UNHANDLED GLOBAL EXCEPTION:
Traceback (most recent call last):
  File "D:\Somethings\ToolTest\gui.py", line 1651, in nativeEvent
    msg = wintypes.MSG.from_address(int(message))
          ^^^^^^^^
NameError: name 'wintypes' is not defined

[14:57:26] [CRITICAL] UNHANDLED GLOBAL EXCEPTION:
Traceback (most recent call last):
  File "D:\Somethings\ToolTest\gui.py", line 1651, in nativeEvent
    msg = wintypes.MSG.from_address(int(message))
          ^^^^^^^^
NameError: name 'wintypes' is not defined

[14:57:26] [CRITICAL] UNHANDLED GLOBAL EXCEPTION:
Traceback (most recent call last):
  File "D:\Somethings\ToolTest\gui.py", line 1651, in nativeEvent
    msg = wintypes.MSG.from_address(int(message))
          ^^^^^^^^
NameError: name 'wintypes' is not defined

[14:57:26] [CRITICAL] UNHANDLED GLOBAL EXCEPTION:
Traceback (most recent call last):
  File "D:\Somethings\ToolTest\gui.py", line 1651, in nativeEvent
    msg = wintypes.MSG.from_address(int(message))
          ^^^^^^^^
NameError: name 'wintypes' is not defined

[14:57:26] [CRITICAL] UNHANDLED GLOBAL EXCEPTION:
Traceback (most recent call last):
  File "D:\Somethings\ToolTest\gui.py", line 1651, in nativeEvent
    msg = wintypes.MSG.from_address(int(message))
          ^^^^^^^^
NameError: name 'wintypes' is not defined

[14:57:26] [CRITICAL] UNHANDLED GLOBAL EXCEPTION:
Traceback (most recent call last):
  File "D:\Somethings\ToolTest\gui.py", line 1651, in nativeEvent
    msg = wintypes.MSG.from_address(int(message))
          ^^^^^^^^
NameError: name 'wintypes' is not defined

[14:57:26] [CRITICAL] UNHANDLED GLOBAL EXCEPTION:
Traceback (most recent call last):
  File "D:\Somethings\ToolTest\gui.py", line 1651, in nativeEvent
    msg = wintypes.MSG.from_address(int(message))
          ^^^^^^^^
NameError: name 'wintypes' is not defined

[14:57:26] [CRITICAL] UNHANDLED GLOBAL EXCEPTION:
Traceback (most recent call last):
  File "D:\Somethings\ToolTest\gui.py", line 1651, in nativeEvent
    msg = wintypes.MSG.from_address(int(message))
          ^^^^^^^^
NameError: name 'wintypes' is not defined

[14:57:26] [CRITICAL] UNHANDLED GLOBAL EXCEPTION:
Traceback (most recent call last):
  File "D:\Somethings\ToolTest\gui.py", line 1651, in nativeEvent
    msg = wintypes.MSG.from_address(int(message))
          ^^^^^^^^
NameError: name 'wintypes' is not defined

[14:57:26] [CRITICAL] UNHANDLED GLOBAL EXCEPTION:
Traceback (most recent call last):
  File "D:\Somethings\ToolTest\gui.py", line 1651, in nativeEvent
    msg = wintypes.MSG.from_address(int(message))
          ^^^^^^^^
NameError: name 'wintypes' is not defined

[14:57:26] [CRITICAL] UNHANDLED GLOBAL EXCEPTION:
Traceback (most recent call last):
  File "D:\Somethings\ToolTest\gui.py", line 1651, in nativeEvent
    msg = wintypes.MSG.from_address(int(message))
          ^^^^^^^^
NameError: name 'wintypes' is not defined

[14:57:26] [CRITICAL] UNHANDLED GLOBAL EXCEPTION:
Traceback (most recent call last):
  File "D:\Somethings\ToolTest\gui.py", line 1651, in nativeEvent
    msg = wintypes.MSG.from_address(int(message))
          ^^^^^^^^
NameError: name 'wintypes' is not defined

[14:57:26] [CRITICAL] UNHANDLED GLOBAL EXCEPTION:
Traceback (most recent call last):
  File "D:\Somethings\ToolTest\gui.py", line 1651, in nativeEvent
    msg = wintypes.MSG.from_address(int(message))
          ^^^^^^^^
NameError: name 'wintypes' is not defined

[14:57:26] [CRITICAL] UNHANDLED GLOBAL EXCEPTION:
Traceback (most recent call last):
  File "D:\Somethings\ToolTest\gui.py", line 1651, in nativeEvent
    msg = wintypes.MSG.from_address(int(message))
          ^^^^^^^^
NameError: name 'wintypes' is not defined

[14:57:26] [CRITICAL] UNHANDLED GLOBAL EXCEPTION:
Traceback (most recent call last):
  File "D:\Somethings\ToolTest\gui.py", line 1651, in nativeEvent
    msg = wintypes.MSG.from_address(int(message))
          ^^^^^^^^
NameError: name 'wintypes' is not defined

[14:57:26] [CRITICAL] UNHANDLED GLOBAL EXCEPTION:
Traceback (most recent call last):
  File "D:\Somethings\ToolTest\gui.py", line 1651, in nativeEvent
    msg = wintypes.MSG.from_address(int(message))
          ^^^^^^^^
NameError: name 'wintypes' is not defined

[14:57:26] [CRITICAL] UNHANDLED GLOBAL EXCEPTION:
Traceback (most recent call last):
  File "D:\Somethings\ToolTest\gui.py", line 1651, in nativeEvent
    msg = wintypes.MSG.from_address(int(message))
          ^^^^^^^^
NameError: name 'wintypes' is not defined

[14:57:26] [CRITICAL] UNHANDLED GLOBAL EXCEPTION:
Traceback (most recent call last):
  File "D:\Somethings\ToolTest\gui.py", line 1651, in nativeEvent
    msg = wintypes.MSG.from_address(int(message))
          ^^^^^^^^
NameError: name 'wintypes' is not defined

[14:57:26] [CRITICAL] UNHANDLED GLOBAL EXCEPTION:
Traceback (most recent call last):
  File "D:\Somethings\ToolTest\gui.py", line 1651, in nativeEvent
    msg = wintypes.MSG.from_address(int(message))
          ^^^^^^^^
NameError: name 'wintypes' is not defined

[14:57:26] [CRITICAL] UNHANDLED GLOBAL EXCEPTION:
Traceback (most recent call last):
  File "D:\Somethings\ToolTest\gui.py", line 1651, in nativeEvent
    msg = wintypes.MSG.from_address(int(message))
          ^^^^^^^^
NameError: name 'wintypes' is not defined

[14:57:26] [CRITICAL] UNHANDLED GLOBAL EXCEPTION:
Traceback (most recent call last):
  File "D:\Somethings\ToolTest\gui.py", line 1651, in nativeEvent
    msg = wintypes.MSG.from_address(int(message))
          ^^^^^^^^
NameError: name 'wintypes' is not defined

[14:57:26] [CRITICAL] UNHANDLED GLOBAL EXCEPTION:
Traceback (most recent call last):
  File "D:\Somethings\ToolTest\gui.py", line 1651, in nativeEvent
    msg = wintypes.MSG.from_address(int(message))
          ^^^^^^^^
NameError: name 'wintypes' is not defined

[14:57:26] [CRITICAL] UNHANDLED GLOBAL EXCEPTION:
Traceback (most recent call last):
  File "D:\Somethings\ToolTest\gui.py", line 1651, in nativeEvent
    msg = wintypes.MSG.from_address(int(message))
          ^^^^^^^^
NameError: name 'wintypes' is not defined

[14:57:26] [CRITICAL] UNHANDLED GLOBAL EXCEPTION:
Traceback (most recent call last):
  File "D:\Somethings\ToolTest\gui.py", line 1651, in nativeEvent
    msg = wintypes.MSG.from_address(int(message))
          ^^^^^^^^
NameError: name 'wintypes' is not defined

[14:57:26] [CRITICAL] UNHANDLED GLOBAL EXCEPTION:
Traceback (most recent call last):
  File "D:\Somethings\ToolTest\gui.py", line 1651, in nativeEvent
    msg = wintypes.MSG.from_address(int(message))
          ^^^^^^^^
NameError: name 'wintypes' is not defined

[14:57:26] [CRITICAL] UNHANDLED GLOBAL EXCEPTION:
Traceback (most recent call last):
  File "D:\Somethings\ToolTest\gui.py", line 1651, in nativeEvent
    msg = wintypes.MSG.from_address(int(message))
          ^^^^^^^^
NameError: name 'wintypes' is not defined

[14:57:26] [CRITICAL] UNHANDLED GLOBAL EXCEPTION:
Traceback (most recent call last):
  File "D:\Somethings\ToolTest\gui.py", line 1651, in nativeEvent
    msg = wintypes.MSG.from_address(int(message))
          ^^^^^^^^
NameError: name 'wintypes' is not defined

[14:57:26] [CRITICAL] UNHANDLED GLOBAL EXCEPTION:
Traceback (most recent call last):
  File "D:\Somethings\ToolTest\gui.py", line 1651, in nativeEvent
    msg = wintypes.MSG.from_address(int(message))
          ^^^^^^^^
NameError: name 'wintypes' is not defined

[14:57:26] [CRITICAL] UNHANDLED GLOBAL EXCEPTION:
Traceback (most recent call last):
  File "D:\Somethings\ToolTest\gui.py", line 1651, in nativeEvent
    msg = wintypes.MSG.from_address(int(message))
          ^^^^^^^^
NameError: name 'wintypes' is not defined

[14:57:26] [CRITICAL] UNHANDLED GLOBAL EXCEPTION:
Traceback (most recent call last):
  File "D:\Somethings\ToolTest\gui.py", line 1651, in nativeEvent
    msg = wintypes.MSG.from_address(int(message))
          ^^^^^^^^
NameError: name 'wintypes' is not defined

[14:57:26] [CRITICAL] UNHANDLED GLOBAL EXCEPTION:
Traceback (most recent call last):
  File "D:\Somethings\ToolTest\gui.py", line 1651, in nativeEvent
    msg = wintypes.MSG.from_address(int(message))
          ^^^^^^^^
NameError: name 'wintypes' is not defined

[14:57:26] [CRITICAL] UNHANDLED GLOBAL EXCEPTION:
Traceback (most recent call last):
  File "D:\Somethings\ToolTest\gui.py", line 1651, in nativeEvent
    msg = wintypes.MSG.from_address(int(message))
          ^^^^^^^^
NameError: name 'wintypes' is not defined

[14:57:26] [CRITICAL] UNHANDLED GLOBAL EXCEPTION:
Traceback (most recent call last):
  File "D:\Somethings\ToolTest\gui.py", line 1651, in nativeEvent
    msg = wintypes.MSG.from_address(int(message))
          ^^^^^^^^
NameError: name 'wintypes' is not defined

[14:57:26] [CRITICAL] UNHANDLED GLOBAL EXCEPTION:
Traceback (most recent call last):
  File "D:\Somethings\ToolTest\gui.py", line 1651, in nativeEvent
    msg = wintypes.MSG.from_address(int(message))
          ^^^^^^^^
NameError: name 'wintypes' is not defined

[14:57:26] [CRITICAL] UNHANDLED GLOBAL EXCEPTION:
Traceback (most recent call last):
  File "D:\Somethings\ToolTest\gui.py", line 1651, in nativeEvent
    msg = wintypes.MSG.from_address(int(message))
          ^^^^^^^^
NameError: name 'wintypes' is not defined

[14:57:26] [CRITICAL] UNHANDLED GLOBAL EXCEPTION:
Traceback (most recent call last):
  File "D:\Somethings\ToolTest\gui.py", line 1651, in nativeEvent
    msg = wintypes.MSG.from_address(int(message))
          ^^^^^^^^
NameError: name 'wintypes' is not defined

[14:57:26] [CRITICAL] UNHANDLED GLOBAL EXCEPTION:
Traceback (most recent call last):
  File "D:\Somethings\ToolTest\gui.py", line 1651, in nativeEvent
    msg = wintypes.MSG.from_address(int(message))
          ^^^^^^^^
NameError: name 'wintypes' is not defined

[14:57:26] [CRITICAL] UNHANDLED GLOBAL EXCEPTION:
Traceback (most recent call last):
  File "D:\Somethings\ToolTest\gui.py", line 1651, in nativeEvent
    msg = wintypes.MSG.from_address(int(message))
          ^^^^^^^^
NameError: name 'wintypes' is not defined

[14:57:26] [CRITICAL] UNHANDLED GLOBAL EXCEPTION:
Traceback (most recent call last):
  File "D:\Somethings\ToolTest\gui.py", line 1651, in nativeEvent
    msg = wintypes.MSG.from_address(int(message))
          ^^^^^^^^
NameError: name 'wintypes' is not defined

[14:57:26] [CRITICAL] UNHANDLED GLOBAL EXCEPTION:
Traceback (most recent call last):
  File "D:\Somethings\ToolTest\gui.py", line 1651, in nativeEvent
    msg = wintypes.MSG.from_address(int(message))
          ^^^^^^^^
NameError: name 'wintypes' is not defined

[14:57:26] [CRITICAL] UNHANDLED GLOBAL EXCEPTION:
Traceback (most recent call last):
  File "D:\Somethings\ToolTest\gui.py", line 1651, in nativeEvent
    msg = wintypes.MSG.from_address(int(message))
          ^^^^^^^^
NameError: name 'wintypes' is not defined

[14:57:26] [CRITICAL] UNHANDLED GLOBAL EXCEPTION:
Traceback (most recent call last):
  File "D:\Somethings\ToolTest\gui.py", line 1651, in nativeEvent
    msg = wintypes.MSG.from_address(int(message))
          ^^^^^^^^
NameError: name 'wintypes' is not defined

[14:57:26] [CRITICAL] UNHANDLED GLOBAL EXCEPTION:
Traceback (most recent call last):
  File "D:\Somethings\ToolTest\gui.py", line 1651, in nativeEvent
    msg = wintypes.MSG.from_address(int(message))
          ^^^^^^^^
NameError: name 'wintypes' is not defined

[14:57:26] [CRITICAL] UNHANDLED GLOBAL EXCEPTION:
Traceback (most recent call last):
  File "D:\Somethings\ToolTest\gui.py", line 1651, in nativeEvent
    msg = wintypes.MSG.from_address(int(message))
          ^^^^^^^^
NameError: name 'wintypes' is not defined

[14:57:26] [CRITICAL] UNHANDLED GLOBAL EXCEPTION:
Traceback (most recent call last):
  File "D:\Somethings\ToolTest\gui.py", line 1651, in nativeEvent
    msg = wintypes.MSG.from_address(int(message))
          ^^^^^^^^
NameError: name 'wintypes' is not defined

[14:57:26] [CRITICAL] UNHANDLED GLOBAL EXCEPTION:
Traceback (most recent call last):
  File "D:\Somethings\ToolTest\gui.py", line 1651, in nativeEvent
    msg = wintypes.MSG.from_address(int(message))
          ^^^^^^^^
NameError: name 'wintypes' is not defined

[14:57:26] [CRITICAL] UNHANDLED GLOBAL EXCEPTION:
Traceback (most recent call last):
  File "D:\Somethings\ToolTest\gui.py", line 1651, in nativeEvent
    msg = wintypes.MSG.from_address(int(message))
          ^^^^^^^^
NameError: name 'wintypes' is not defined

[14:57:26] [CRITICAL] UNHANDLED GLOBAL EXCEPTION:
Traceback (most recent call last):
  File "D:\Somethings\ToolTest\gui.py", line 1651, in nativeEvent
    msg = wintypes.MSG.from_address(int(message))
          ^^^^^^^^
NameError: name 'wintypes' is not defined

[14:57:26] [CRITICAL] UNHANDLED GLOBAL EXCEPTION:
Traceback (most recent call last):
  File "D:\Somethings\ToolTest\gui.py", line 1651, in nativeEvent
    msg = wintypes.MSG.from_address(int(message))
          ^^^^^^^^
NameError: name 'wintypes' is not defined

[14:57:26] [CRITICAL] UNHANDLED GLOBAL EXCEPTION:
Traceback (most recent call last):
  File "D:\Somethings\ToolTest\gui.py", line 1651, in nativeEvent
    msg = wintypes.MSG.from_address(int(message))
          ^^^^^^^^
NameError: name 'wintypes' is not defined

[14:57:26] [CRITICAL] UNHANDLED GLOBAL EXCEPTION:
Traceback (most recent call last):
  File "D:\Somethings\ToolTest\gui.py", line 1651, in nativeEvent
    msg = wintypes.MSG.from_address(int(message))
          ^^^^^^^^
NameError: name 'wintypes' is not defined

[14:57:26] [CRITICAL] UNHANDLED GLOBAL EXCEPTION:
Traceback (most recent call last):
  File "D:\Somethings\ToolTest\gui.py", line 1651, in nativeEvent
    msg = wintypes.MSG.from_address(int(message))
          ^^^^^^^^
NameError: name 'wintypes' is not defined

[14:57:26] [CRITICAL] UNHANDLED GLOBAL EXCEPTION:
Traceback (most recent call last):
  File "D:\Somethings\ToolTest\gui.py", line 1651, in nativeEvent
    msg = wintypes.MSG.from_address(int(message))
          ^^^^^^^^
NameError: name 'wintypes' is not defined

[14:57:26] [CRITICAL] UNHANDLED GLOBAL EXCEPTION:
Traceback (most recent call last):
  File "D:\Somethings\ToolTest\gui.py", line 1651, in nativeEvent
    msg = wintypes.MSG.from_address(int(message))
          ^^^^^^^^
NameError: name 'wintypes' is not defined

[14:57:26] [CRITICAL] UNHANDLED GLOBAL EXCEPTION:
Traceback (most recent call last):
  File "D:\Somethings\ToolTest\gui.py", line 1651, in nativeEvent
    msg = wintypes.MSG.from_address(int(message))
          ^^^^^^^^
NameError: name 'wintypes' is not defined

[14:57:26] [CRITICAL] UNHANDLED GLOBAL EXCEPTION:
Traceback (most recent call last):
  File "D:\Somethings\ToolTest\gui.py", line 1651, in nativeEvent
    msg = wintypes.MSG.from_address(int(message))
          ^^^^^^^^
NameError: name 'wintypes' is not defined

[14:57:26] [CRITICAL] UNHANDLED GLOBAL EXCEPTION:
Traceback (most recent call last):
  File "D:\Somethings\ToolTest\gui.py", line 1651, in nativeEvent
    msg = wintypes.MSG.from_address(int(message))
          ^^^^^^^^
NameError: name 'wintypes' is not defined

[14:57:26] [CRITICAL] UNHANDLED GLOBAL EXCEPTION:
Traceback (most recent call last):
  File "D:\Somethings\ToolTest\gui.py", line 1651, in nativeEvent
    msg = wintypes.MSG.from_address(int(message))
          ^^^^^^^^
NameError: name 'wintypes' is not defined

[14:57:26] [CRITICAL] UNHANDLED GLOBAL EXCEPTION:
Traceback (most recent call last):
  File "D:\Somethings\ToolTest\gui.py", line 1651, in nativeEvent
    msg = wintypes.MSG.from_address(int(message))
          ^^^^^^^^
NameError: name 'wintypes' is not defined

[14:57:26] [CRITICAL] UNHANDLED GLOBAL EXCEPTION:
Traceback (most recent call last):
  File "D:\Somethings\ToolTest\gui.py", line 1651, in nativeEvent
    msg = wintypes.MSG.from_address(int(message))
          ^^^^^^^^
NameError: name 'wintypes' is not defined

[14:57:26] [CRITICAL] UNHANDLED GLOBAL EXCEPTION:
Traceback (most recent call last):
  File "D:\Somethings\ToolTest\gui.py", line 1651, in nativeEvent
    msg = wintypes.MSG.from_address(int(message))
          ^^^^^^^^
NameError: name 'wintypes' is not defined

[14:57:26] [CRITICAL] UNHANDLED GLOBAL EXCEPTION:
Traceback (most recent call last):
  File "D:\Somethings\ToolTest\gui.py", line 1651, in nativeEvent
    msg = wintypes.MSG.from_address(int(message))
          ^^^^^^^^
NameError: name 'wintypes' is not defined

[14:57:26] [CRITICAL] UNHANDLED GLOBAL EXCEPTION:
Traceback (most recent call last):
  File "D:\Somethings\ToolTest\gui.py", line 1651, in nativeEvent
    msg = wintypes.MSG.from_address(int(message))
          ^^^^^^^^
NameError: name 'wintypes' is not defined

[14:57:26] [CRITICAL] UNHANDLED GLOBAL EXCEPTION:
Traceback (most recent call last):
  File "D:\Somethings\ToolTest\gui.py", line 1651, in nativeEvent
    msg = wintypes.MSG.from_address(int(message))
          ^^^^^^^^
NameError: name 'wintypes' is not defined

[14:57:26] [CRITICAL] UNHANDLED GLOBAL EXCEPTION:
Traceback (most recent call last):
  File "D:\Somethings\ToolTest\gui.py", line 1651, in nativeEvent
    msg = wintypes.MSG.from_address(int(message))
          ^^^^^^^^
NameError: name 'wintypes' is not defined

[14:57:26] [CRITICAL] UNHANDLED GLOBAL EXCEPTION:
Traceback (most recent call last):
  File "D:\Somethings\ToolTest\gui.py", line 1651, in nativeEvent
    msg = wintypes.MSG.from_address(int(message))
          ^^^^^^^^
NameError: name 'wintypes' is not defined

[14:57:26] [CRITICAL] UNHANDLED GLOBAL EXCEPTION:
Traceback (most recent call last):
  File "D:\Somethings\ToolTest\gui.py", line 1651, in nativeEvent
    msg = wintypes.MSG.from_address(int(message))
          ^^^^^^^^
NameError: name 'wintypes' is not defined

[14:57:26] [CRITICAL] UNHANDLED GLOBAL EXCEPTION:
Traceback (most recent call last):
  File "D:\Somethings\ToolTest\gui.py", line 1651, in nativeEvent
    msg = wintypes.MSG.from_address(int(message))
          ^^^^^^^^
NameError: name 'wintypes' is not defined

[14:57:26] [CRITICAL] UNHANDLED GLOBAL EXCEPTION:
Traceback (most recent call last):
  File "D:\Somethings\ToolTest\gui.py", line 1651, in nativeEvent
    msg = wintypes.MSG.from_address(int(message))
          ^^^^^^^^
NameError: name 'wintypes' is not defined

[14:57:26] [CRITICAL] UNHANDLED GLOBAL EXCEPTION:
Traceback (most recent call last):
  File "D:\Somethings\ToolTest\gui.py", line 1651, in nativeEvent
    msg = wintypes.MSG.from_address(int(message))
          ^^^^^^^^
NameError: name 'wintypes' is not defined

[14:57:26] [CRITICAL] UNHANDLED GLOBAL EXCEPTION:
Traceback (most recent call last):
  File "D:\Somethings\ToolTest\gui.py", line 1651, in nativeEvent
    msg = wintypes.MSG.from_address(int(message))
          ^^^^^^^^
NameError: name 'wintypes' is not defined

[14:57:26] [CRITICAL] UNHANDLED GLOBAL EXCEPTION:
Traceback (most recent call last):
  File "D:\Somethings\ToolTest\gui.py", line 1651, in nativeEvent
    msg = wintypes.MSG.from_address(int(message))
          ^^^^^^^^
NameError: name 'wintypes' is not defined

[14:57:26] [CRITICAL] UNHANDLED GLOBAL EXCEPTION:
Traceback (most recent call last):
  File "D:\Somethings\ToolTest\gui.py", line 1651, in nativeEvent
    msg = wintypes.MSG.from_address(int(message))
          ^^^^^^^^
NameError: name 'wintypes' is not defined

[14:57:26] [CRITICAL] UNHANDLED GLOBAL EXCEPTION:
Traceback (most recent call last):
  File "D:\Somethings\ToolTest\gui.py", line 1651, in nativeEvent
    msg = wintypes.MSG.from_address(int(message))
          ^^^^^^^^
NameError: name 'wintypes' is not defined

[14:57:26] [CRITICAL] UNHANDLED GLOBAL EXCEPTION:
Traceback (most recent call last):
  File "D:\Somethings\ToolTest\gui.py", line 1651, in nativeEvent
    msg = wintypes.MSG.from_address(int(message))
          ^^^^^^^^
NameError: name 'wintypes' is not defined

[14:57:26] [CRITICAL] UNHANDLED GLOBAL EXCEPTION:
Traceback (most recent call last):
  File "D:\Somethings\ToolTest\gui.py", line 1651, in nativeEvent
    msg = wintypes.MSG.from_address(int(message))
          ^^^^^^^^
NameError: name 'wintypes' is not defined

[14:57:26] [CRITICAL] UNHANDLED GLOBAL EXCEPTION:
Traceback (most recent call last):
  File "D:\Somethings\ToolTest\gui.py", line 1651, in nativeEvent
    msg = wintypes.MSG.from_address(int(message))
          ^^^^^^^^
NameError: name 'wintypes' is not defined

[14:57:26] [CRITICAL] UNHANDLED GLOBAL EXCEPTION:
Traceback (most recent call last):
  File "D:\Somethings\ToolTest\gui.py", line 1651, in nativeEvent
    msg = wintypes.MSG.from_address(int(message))
          ^^^^^^^^
NameError: name 'wintypes' is not defined

[14:57:26] [CRITICAL] UNHANDLED GLOBAL EXCEPTION:
Traceback (most recent call last):
  File "D:\Somethings\ToolTest\gui.py", line 1651, in nativeEvent
    msg = wintypes.MSG.from_address(int(message))
          ^^^^^^^^
NameError: name 'wintypes' is not defined

[14:57:26] [CRITICAL] UNHANDLED GLOBAL EXCEPTION:
Traceback (most recent call last):
  File "D:\Somethings\ToolTest\gui.py", line 1651, in nativeEvent
    msg = wintypes.MSG.from_address(int(message))
          ^^^^^^^^
NameError: name 'wintypes' is not defined

[14:57:26] [CRITICAL] UNHANDLED GLOBAL EXCEPTION:
Traceback (most recent call last):
  File "D:\Somethings\ToolTest\gui.py", line 1651, in nativeEvent
    msg = wintypes.MSG.from_address(int(message))
          ^^^^^^^^
NameError: name 'wintypes' is not defined

[14:57:26] [CRITICAL] UNHANDLED GLOBAL EXCEPTION:
Traceback (most recent call last):
  File "D:\Somethings\ToolTest\gui.py", line 1651, in nativeEvent
    msg = wintypes.MSG.from_address(int(message))
          ^^^^^^^^
NameError: name 'wintypes' is not defined

[14:57:26] [CRITICAL] UNHANDLED GLOBAL EXCEPTION:
Traceback (most recent call last):
  File "D:\Somethings\ToolTest\gui.py", line 1651, in nativeEvent
    msg = wintypes.MSG.from_address(int(message))
          ^^^^^^^^
NameError: name 'wintypes' is not defined

[14:57:26] [CRITICAL] UNHANDLED GLOBAL EXCEPTION:
Traceback (most recent call last):
  File "D:\Somethings\ToolTest\gui.py", line 1651, in nativeEvent
    msg = wintypes.MSG.from_address(int(message))
          ^^^^^^^^
NameError: name 'wintypes' is not defined

[14:57:26] [CRITICAL] UNHANDLED GLOBAL EXCEPTION:
Traceback (most recent call last):
  File "D:\Somethings\ToolTest\gui.py", line 1651, in nativeEvent
    msg = wintypes.MSG.from_address(int(message))
          ^^^^^^^^
NameError: name 'wintypes' is not defined

[14:57:26] [CRITICAL] UNHANDLED GLOBAL EXCEPTION:
Traceback (most recent call last):
  File "D:\Somethings\ToolTest\gui.py", line 1651, in nativeEvent
    msg = wintypes.MSG.from_address(int(message))
          ^^^^^^^^
NameError: name 'wintypes' is not defined

[14:57:26] [CRITICAL] UNHANDLED GLOBAL EXCEPTION:
Traceback (most recent call last):
  File "D:\Somethings\ToolTest\gui.py", line 1651, in nativeEvent
    msg = wintypes.MSG.from_address(int(message))
          ^^^^^^^^
NameError: name 'wintypes' is not defined

[14:57:26] [CRITICAL] UNHANDLED GLOBAL EXCEPTION:
Traceback (most recent call last):
  File "D:\Somethings\ToolTest\gui.py", line 1651, in nativeEvent
    msg = wintypes.MSG.from_address(int(message))
          ^^^^^^^^
NameError: name 'wintypes' is not defined

[14:57:26] [CRITICAL] UNHANDLED GLOBAL EXCEPTION:
Traceback (most recent call last):
  File "D:\Somethings\ToolTest\gui.py", line 1651, in nativeEvent
    msg = wintypes.MSG.from_address(int(message))
          ^^^^^^^^
NameError: name 'wintypes' is not defined

[14:57:26] [CRITICAL] UNHANDLED GLOBAL EXCEPTION:
Traceback (most recent call last):
  File "D:\Somethings\ToolTest\gui.py", line 1651, in nativeEvent
    msg = wintypes.MSG.from_address(int(message))
          ^^^^^^^^
NameError: name 'wintypes' is not defined

[14:57:26] [CRITICAL] UNHANDLED GLOBAL EXCEPTION:
Traceback (most recent call last):
  File "D:\Somethings\ToolTest\gui.py", line 1651, in nativeEvent
    msg = wintypes.MSG.from_address(int(message))
          ^^^^^^^^
NameError: name 'wintypes' is not defined

[14:57:26] [CRITICAL] UNHANDLED GLOBAL EXCEPTION:
Traceback (most recent call last):
  File "D:\Somethings\ToolTest\gui.py", line 1651, in nativeEvent
    msg = wintypes.MSG.from_address(int(message))
          ^^^^^^^^
NameError: name 'wintypes' is not defined

[14:57:26] [CRITICAL] UNHANDLED GLOBAL EXCEPTION:
Traceback (most recent call last):
  File "D:\Somethings\ToolTest\gui.py", line 1651, in nativeEvent
    msg = wintypes.MSG.from_address(int(message))
          ^^^^^^^^
NameError: name 'wintypes' is not defined

[14:57:26] [CRITICAL] UNHANDLED GLOBAL EXCEPTION:
Traceback (most recent call last):
  File "D:\Somethings\ToolTest\gui.py", line 1651, in nativeEvent
    msg = wintypes.MSG.from_address(int(message))
          ^^^^^^^^
NameError: name 'wintypes' is not defined

[14:57:26] [CRITICAL] UNHANDLED GLOBAL EXCEPTION:
Traceback (most recent call last):
  File "D:\Somethings\ToolTest\gui.py", line 1651, in nativeEvent
    msg = wintypes.MSG.from_address(int(message))
          ^^^^^^^^
NameError: name 'wintypes' is not defined

[14:57:26] [CRITICAL] UNHANDLED GLOBAL EXCEPTION:
Traceback (most recent call last):
  File "D:\Somethings\ToolTest\gui.py", line 1651, in nativeEvent
    msg = wintypes.MSG.from_address(int(message))
          ^^^^^^^^
NameError: name 'wintypes' is not defined

[14:57:26] [CRITICAL] UNHANDLED GLOBAL EXCEPTION:
Traceback (most recent call last):
  File "D:\Somethings\ToolTest\gui.py", line 1651, in nativeEvent
    msg = wintypes.MSG.from_address(int(message))
          ^^^^^^^^
NameError: name 'wintypes' is not defined

[14:57:26] [CRITICAL] UNHANDLED GLOBAL EXCEPTION:
Traceback (most recent call last):
  File "D:\Somethings\ToolTest\gui.py", line 1651, in nativeEvent
    msg = wintypes.MSG.from_address(int(message))
          ^^^^^^^^
NameError: name 'wintypes' is not defined

[14:57:26] [CRITICAL] UNHANDLED GLOBAL EXCEPTION:
Traceback (most recent call last):
  File "D:\Somethings\ToolTest\gui.py", line 1651, in nativeEvent
    msg = wintypes.MSG.from_address(int(message))
          ^^^^^^^^
NameError: name 'wintypes' is not defined

[14:57:26] [CRITICAL] UNHANDLED GLOBAL EXCEPTION:
Traceback (most recent call last):
  File "D:\Somethings\ToolTest\gui.py", line 1651, in nativeEvent
    msg = wintypes.MSG.from_address(int(message))
          ^^^^^^^^
NameError: name 'wintypes' is not defined

[14:57:26] [CRITICAL] UNHANDLED GLOBAL EXCEPTION:
Traceback (most recent call last):
  File "D:\Somethings\ToolTest\gui.py", line 1651, in nativeEvent
    msg = wintypes.MSG.from_address(int(message))
          ^^^^^^^^
NameError: name 'wintypes' is not defined

[14:57:26] [CRITICAL] UNHANDLED GLOBAL EXCEPTION:
Traceback (most recent call last):
  File "D:\Somethings\ToolTest\gui.py", line 1651, in nativeEvent
    msg = wintypes.MSG.from_address(int(message))
          ^^^^^^^^
NameError: name 'wintypes' is not defined

[14:57:26] [CRITICAL] UNHANDLED GLOBAL EXCEPTION:
Traceback (most recent call last):
  File "D:\Somethings\ToolTest\gui.py", line 1651, in nativeEvent
    msg = wintypes.MSG.from_address(int(message))
          ^^^^^^^^
NameError: name 'wintypes' is not defined

[14:57:26] [CRITICAL] UNHANDLED GLOBAL EXCEPTION:
Traceback (most recent call last):
  File "D:\Somethings\ToolTest\gui.py", line 1651, in nativeEvent
    msg = wintypes.MSG.from_address(int(message))
          ^^^^^^^^
NameError: name 'wintypes' is not defined

[14:57:26] [CRITICAL] UNHANDLED GLOBAL EXCEPTION:
Traceback (most recent call last):
  File "D:\Somethings\ToolTest\gui.py", line 1651, in nativeEvent
    msg = wintypes.MSG.from_address(int(message))
          ^^^^^^^^
NameError: name 'wintypes' is not defined

[14:57:26] [CRITICAL] UNHANDLED GLOBAL EXCEPTION:
Traceback (most recent call last):
  File "D:\Somethings\ToolTest\gui.py", line 1651, in nativeEvent
    msg = wintypes.MSG.from_address(int(message))
          ^^^^^^^^
NameError: name 'wintypes' is not defined

[14:57:26] [CRITICAL] UNHANDLED GLOBAL EXCEPTION:
Traceback (most recent call last):
  File "D:\Somethings\ToolTest\gui.py", line 1651, in nativeEvent
    msg = wintypes.MSG.from_address(int(message))
          ^^^^^^^^
NameError: name 'wintypes' is not defined

[14:57:26] [CRITICAL] UNHANDLED GLOBAL EXCEPTION:
Traceback (most recent call last):
  File "D:\Somethings\ToolTest\gui.py", line 1651, in nativeEvent
    msg = wintypes.MSG.from_address(int(message))
          ^^^^^^^^
NameError: name 'wintypes' is not defined

[14:57:26] [CRITICAL] UNHANDLED GLOBAL EXCEPTION:
Traceback (most recent call last):
  File "D:\Somethings\ToolTest\gui.py", line 1651, in nativeEvent
    msg = wintypes.MSG.from_address(int(message))
          ^^^^^^^^
NameError: name 'wintypes' is not defined

[14:57:26] [CRITICAL] UNHANDLED GLOBAL EXCEPTION:
Traceback (most recent call last):
  File "D:\Somethings\ToolTest\gui.py", line 1651, in nativeEvent
    msg = wintypes.MSG.from_address(int(message))
          ^^^^^^^^
NameError: name 'wintypes' is not defined

[14:57:26] [CRITICAL] UNHANDLED GLOBAL EXCEPTION:
Traceback (most recent call last):
  File "D:\Somethings\ToolTest\gui.py", line 1651, in nativeEvent
    msg = wintypes.MSG.from_address(int(message))
          ^^^^^^^^
NameError: name 'wintypes' is not defined

[14:57:27] [CRITICAL] UNHANDLED GLOBAL EXCEPTION:
Traceback (most recent call last):
  File "D:\Somethings\ToolTest\gui.py", line 1651, in nativeEvent
    msg = wintypes.MSG.from_address(int(message))
          ^^^^^^^^
NameError: name 'wintypes' is not defined

[14:57:27] [CRITICAL] UNHANDLED GLOBAL EXCEPTION:
Traceback (most recent call last):
  File "D:\Somethings\ToolTest\gui.py", line 1651, in nativeEvent
    msg = wintypes.MSG.from_address(int(message))
          ^^^^^^^^
NameError: name 'wintypes' is not defined

[14:57:27] [CRITICAL] UNHANDLED GLOBAL EXCEPTION:
Traceback (most recent call last):
  File "D:\Somethings\ToolTest\gui.py", line 1651, in nativeEvent
    msg = wintypes.MSG.from_address(int(message))
          ^^^^^^^^
NameError: name 'wintypes' is not defined

[14:57:27] [CRITICAL] UNHANDLED GLOBAL EXCEPTION:
Traceback (most recent call last):
  File "D:\Somethings\ToolTest\gui.py", line 1651, in nativeEvent
    msg = wintypes.MSG.from_address(int(message))
          ^^^^^^^^
NameError: name 'wintypes' is not defined

[14:57:27] [CRITICAL] UNHANDLED GLOBAL EXCEPTION:
Traceback (most recent call last):
  File "D:\Somethings\ToolTest\gui.py", line 1651, in nativeEvent
    msg = wintypes.MSG.from_address(int(message))
          ^^^^^^^^
NameError: name 'wintypes' is not defined

[14:57:27] [CRITICAL] UNHANDLED GLOBAL EXCEPTION:
Traceback (most recent call last):
  File "D:\Somethings\ToolTest\gui.py", line 1651, in nativeEvent
    msg = wintypes.MSG.from_address(int(message))
          ^^^^^^^^
NameError: name 'wintypes' is not defined

[14:57:27] [CRITICAL] UNHANDLED GLOBAL EXCEPTION:
Traceback (most recent call last):
  File "D:\Somethings\ToolTest\gui.py", line 1651, in nativeEvent
    msg = wintypes.MSG.from_address(int(message))
          ^^^^^^^^
NameError: name 'wintypes' is not defined

[14:57:27] [CRITICAL] UNHANDLED GLOBAL EXCEPTION:
Traceback (most recent call last):
  File "D:\Somethings\ToolTest\gui.py", line 1651, in nativeEvent
    msg = wintypes.MSG.from_address(int(message))
          ^^^^^^^^
NameError: name 'wintypes' is not defined

[14:57:27] [CRITICAL] UNHANDLED GLOBAL EXCEPTION:
Traceback (most recent call last):
  File "D:\Somethings\ToolTest\gui.py", line 1651, in nativeEvent
    msg = wintypes.MSG.from_address(int(message))
          ^^^^^^^^
NameError: name 'wintypes' is not defined

[14:57:27] [CRITICAL] UNHANDLED GLOBAL EXCEPTION:
Traceback (most recent call last):
  File "D:\Somethings\ToolTest\gui.py", line 1651, in nativeEvent
    msg = wintypes.MSG.from_address(int(message))
          ^^^^^^^^
NameError: name 'wintypes' is not defined

[14:57:27] [CRITICAL] UNHANDLED GLOBAL EXCEPTION:
Traceback (most recent call last):
  File "D:\Somethings\ToolTest\gui.py", line 1651, in nativeEvent
    msg = wintypes.MSG.from_address(int(message))
          ^^^^^^^^
NameError: name 'wintypes' is not defined

[14:57:27] [CRITICAL] UNHANDLED GLOBAL EXCEPTION:
Traceback (most recent call last):
  File "D:\Somethings\ToolTest\gui.py", line 1651, in nativeEvent
    msg = wintypes.MSG.from_address(int(message))
          ^^^^^^^^
NameError: name 'wintypes' is not defined

[14:57:27] [CRITICAL] UNHANDLED GLOBAL EXCEPTION:
Traceback (most recent call last):
  File "D:\Somethings\ToolTest\gui.py", line 1651, in nativeEvent
    msg = wintypes.MSG.from_address(int(message))
          ^^^^^^^^
NameError: name 'wintypes' is not defined

[14:57:27] [CRITICAL] UNHANDLED GLOBAL EXCEPTION:
Traceback (most recent call last):
  File "D:\Somethings\ToolTest\gui.py", line 1651, in nativeEvent
    msg = wintypes.MSG.from_address(int(message))
          ^^^^^^^^
NameError: name 'wintypes' is not defined

[14:57:27] [CRITICAL] UNHANDLED GLOBAL EXCEPTION:
Traceback (most recent call last):
  File "D:\Somethings\ToolTest\gui.py", line 1651, in nativeEvent
    msg = wintypes.MSG.from_address(int(message))
          ^^^^^^^^
NameError: name 'wintypes' is not defined

[14:57:27] [CRITICAL] UNHANDLED GLOBAL EXCEPTION:
Traceback (most recent call last):
  File "D:\Somethings\ToolTest\gui.py", line 1651, in nativeEvent
    msg = wintypes.MSG.from_address(int(message))
          ^^^^^^^^
NameError: name 'wintypes' is not defined

[14:57:27] [CRITICAL] UNHANDLED GLOBAL EXCEPTION:
Traceback (most recent call last):
  File "D:\Somethings\ToolTest\gui.py", line 1651, in nativeEvent
    msg = wintypes.MSG.from_address(int(message))
          ^^^^^^^^
NameError: name 'wintypes' is not defined

[14:57:27] [CRITICAL] UNHANDLED GLOBAL EXCEPTION:
Traceback (most recent call last):
  File "D:\Somethings\ToolTest\gui.py", line 1651, in nativeEvent
    msg = wintypes.MSG.from_address(int(message))
          ^^^^^^^^
NameError: name 'wintypes' is not defined

[14:57:27] [CRITICAL] UNHANDLED GLOBAL EXCEPTION:
Traceback (most recent call last):
  File "D:\Somethings\ToolTest\gui.py", line 1651, in nativeEvent
    msg = wintypes.MSG.from_address(int(message))
          ^^^^^^^^
NameError: name 'wintypes' is not defined

[14:57:27] [CRITICAL] UNHANDLED GLOBAL EXCEPTION:
Traceback (most recent call last):
  File "D:\Somethings\ToolTest\gui.py", line 1651, in nativeEvent
    msg = wintypes.MSG.from_address(int(message))
          ^^^^^^^^
NameError: name 'wintypes' is not defined

[14:57:27] [CRITICAL] UNHANDLED GLOBAL EXCEPTION:
Traceback (most recent call last):
  File "D:\Somethings\ToolTest\gui.py", line 1651, in nativeEvent
    msg = wintypes.MSG.from_address(int(message))
          ^^^^^^^^
NameError: name 'wintypes' is not defined

[14:57:27] [CRITICAL] UNHANDLED GLOBAL EXCEPTION:
Traceback (most recent call last):
  File "D:\Somethings\ToolTest\gui.py", line 1651, in nativeEvent
    msg = wintypes.MSG.from_address(int(message))
          ^^^^^^^^
NameError: name 'wintypes' is not defined

[14:57:27] [CRITICAL] UNHANDLED GLOBAL EXCEPTION:
Traceback (most recent call last):
  File "D:\Somethings\ToolTest\gui.py", line 1651, in nativeEvent
    msg = wintypes.MSG.from_address(int(message))
          ^^^^^^^^
NameError: name 'wintypes' is not defined

[14:57:27] [CRITICAL] UNHANDLED GLOBAL EXCEPTION:
Traceback (most recent call last):
  File "D:\Somethings\ToolTest\gui.py", line 1651, in nativeEvent
    msg = wintypes.MSG.from_address(int(message))
          ^^^^^^^^
NameError: name 'wintypes' is not defined

[14:57:27] [CRITICAL] UNHANDLED GLOBAL EXCEPTION:
Traceback (most recent call last):
  File "D:\Somethings\ToolTest\gui.py", line 1651, in nativeEvent
    msg = wintypes.MSG.from_address(int(message))
          ^^^^^^^^
NameError: name 'wintypes' is not defined

[14:57:27] [CRITICAL] UNHANDLED GLOBAL EXCEPTION:
Traceback (most recent call last):
  File "D:\Somethings\ToolTest\gui.py", line 1651, in nativeEvent
    msg = wintypes.MSG.from_address(int(message))
          ^^^^^^^^
NameError: name 'wintypes' is not defined

[14:57:27] [CRITICAL] UNHANDLED GLOBAL EXCEPTION:
Traceback (most recent call last):
  File "D:\Somethings\ToolTest\gui.py", line 1651, in nativeEvent
    msg = wintypes.MSG.from_address(int(message))
          ^^^^^^^^
NameError: name 'wintypes' is not defined

[14:57:27] [CRITICAL] UNHANDLED GLOBAL EXCEPTION:
Traceback (most recent call last):
  File "D:\Somethings\ToolTest\gui.py", line 1651, in nativeEvent
    msg = wintypes.MSG.from_address(int(message))
          ^^^^^^^^
NameError: name 'wintypes' is not defined

[14:57:27] [CRITICAL] UNHANDLED GLOBAL EXCEPTION:
Traceback (most recent call last):
  File "D:\Somethings\ToolTest\gui.py", line 1651, in nativeEvent
    msg = wintypes.MSG.from_address(int(message))
          ^^^^^^^^
NameError: name 'wintypes' is not defined

[14:57:27] [CRITICAL] UNHANDLED GLOBAL EXCEPTION:
Traceback (most recent call last):
  File "D:\Somethings\ToolTest\gui.py", line 1651, in nativeEvent
    msg = wintypes.MSG.from_address(int(message))
          ^^^^^^^^
NameError: name 'wintypes' is not defined

[14:57:27] [CRITICAL] UNHANDLED GLOBAL EXCEPTION:
Traceback (most recent call last):
  File "D:\Somethings\ToolTest\gui.py", line 1651, in nativeEvent
    msg = wintypes.MSG.from_address(int(message))
          ^^^^^^^^
NameError: name 'wintypes' is not defined

[14:57:27] [CRITICAL] UNHANDLED GLOBAL EXCEPTION:
Traceback (most recent call last):
  File "D:\Somethings\ToolTest\gui.py", line 1651, in nativeEvent
    msg = wintypes.MSG.from_address(int(message))
          ^^^^^^^^
NameError: name 'wintypes' is not defined

[14:57:27] [CRITICAL] UNHANDLED GLOBAL EXCEPTION:
Traceback (most recent call last):
  File "D:\Somethings\ToolTest\gui.py", line 1651, in nativeEvent
    msg = wintypes.MSG.from_address(int(message))
          ^^^^^^^^
NameError: name 'wintypes' is not defined

[14:57:27] [CRITICAL] UNHANDLED GLOBAL EXCEPTION:
Traceback (most recent call last):
  File "D:\Somethings\ToolTest\gui.py", line 1651, in nativeEvent
    msg = wintypes.MSG.from_address(int(message))
          ^^^^^^^^
NameError: name 'wintypes' is not defined

[14:57:27] [CRITICAL] UNHANDLED GLOBAL EXCEPTION:
Traceback (most recent call last):
  File "D:\Somethings\ToolTest\gui.py", line 1651, in nativeEvent
    msg = wintypes.MSG.from_address(int(message))
          ^^^^^^^^
NameError: name 'wintypes' is not defined

[14:57:27] [CRITICAL] UNHANDLED GLOBAL EXCEPTION:
Traceback (most recent call last):
  File "D:\Somethings\ToolTest\gui.py", line 1651, in nativeEvent
    msg = wintypes.MSG.from_address(int(message))
          ^^^^^^^^
NameError: name 'wintypes' is not defined

[14:57:27] [CRITICAL] UNHANDLED GLOBAL EXCEPTION:
Traceback (most recent call last):
  File "D:\Somethings\ToolTest\gui.py", line 1651, in nativeEvent
    msg = wintypes.MSG.from_address(int(message))
          ^^^^^^^^
NameError: name 'wintypes' is not defined

[14:57:27] [CRITICAL] UNHANDLED GLOBAL EXCEPTION:
Traceback (most recent call last):
  File "D:\Somethings\ToolTest\gui.py", line 1651, in nativeEvent
    msg = wintypes.MSG.from_address(int(message))
          ^^^^^^^^
NameError: name 'wintypes' is not defined

[14:57:27] [CRITICAL] UNHANDLED GLOBAL EXCEPTION:
Traceback (most recent call last):
  File "D:\Somethings\ToolTest\gui.py", line 1651, in nativeEvent
    msg = wintypes.MSG.from_address(int(message))
          ^^^^^^^^
NameError: name 'wintypes' is not defined

[14:57:27] [CRITICAL] UNHANDLED GLOBAL EXCEPTION:
Traceback (most recent call last):
  File "D:\Somethings\ToolTest\gui.py", line 1651, in nativeEvent
    msg = wintypes.MSG.from_address(int(message))
          ^^^^^^^^
NameError: name 'wintypes' is not defined

[14:57:27] [CRITICAL] UNHANDLED GLOBAL EXCEPTION:
Traceback (most recent call last):
  File "D:\Somethings\ToolTest\gui.py", line 1651, in nativeEvent
    msg = wintypes.MSG.from_address(int(message))
          ^^^^^^^^
NameError: name 'wintypes' is not defined

[14:57:27] [CRITICAL] UNHANDLED GLOBAL EXCEPTION:
Traceback (most recent call last):
  File "D:\Somethings\ToolTest\gui.py", line 1651, in nativeEvent
    msg = wintypes.MSG.from_address(int(message))
          ^^^^^^^^
NameError: name 'wintypes' is not defined

[14:57:27] [CRITICAL] UNHANDLED GLOBAL EXCEPTION:
Traceback (most recent call last):
  File "D:\Somethings\ToolTest\gui.py", line 1651, in nativeEvent
    msg = wintypes.MSG.from_address(int(message))
          ^^^^^^^^
NameError: name 'wintypes' is not defined

[14:57:27] [CRITICAL] UNHANDLED GLOBAL EXCEPTION:
Traceback (most recent call last):
  File "D:\Somethings\ToolTest\gui.py", line 1651, in nativeEvent
    msg = wintypes.MSG.from_address(int(message))
          ^^^^^^^^
NameError: name 'wintypes' is not defined

[14:57:27] [CRITICAL] UNHANDLED GLOBAL EXCEPTION:
Traceback (most recent call last):
  File "D:\Somethings\ToolTest\gui.py", line 1651, in nativeEvent
    msg = wintypes.MSG.from_address(int(message))
          ^^^^^^^^
NameError: name 'wintypes' is not defined

[14:57:27] [CRITICAL] UNHANDLED GLOBAL EXCEPTION:
Traceback (most recent call last):
  File "D:\Somethings\ToolTest\gui.py", line 1651, in nativeEvent
    msg = wintypes.MSG.from_address(int(message))
          ^^^^^^^^
NameError: name 'wintypes' is not defined

[14:57:27] [CRITICAL] UNHANDLED GLOBAL EXCEPTION:
Traceback (most recent call last):
  File "D:\Somethings\ToolTest\gui.py", line 1651, in nativeEvent
    msg = wintypes.MSG.from_address(int(message))
          ^^^^^^^^
NameError: name 'wintypes' is not defined

[14:57:27] [CRITICAL] UNHANDLED GLOBAL EXCEPTION:
Traceback (most recent call last):
  File "D:\Somethings\ToolTest\gui.py", line 1651, in nativeEvent
    msg = wintypes.MSG.from_address(int(message))
          ^^^^^^^^
NameError: name 'wintypes' is not defined

[14:57:27] [CRITICAL] UNHANDLED GLOBAL EXCEPTION:
Traceback (most recent call last):
  File "D:\Somethings\ToolTest\gui.py", line 1651, in nativeEvent
    msg = wintypes.MSG.from_address(int(message))
          ^^^^^^^^
NameError: name 'wintypes' is not defined

[14:57:27] [CRITICAL] UNHANDLED GLOBAL EXCEPTION:
Traceback (most recent call last):
  File "D:\Somethings\ToolTest\gui.py", line 1651, in nativeEvent
    msg = wintypes.MSG.from_address(int(message))
          ^^^^^^^^
NameError: name 'wintypes' is not defined

[14:57:27] [CRITICAL] UNHANDLED GLOBAL EXCEPTION:
Traceback (most recent call last):
  File "D:\Somethings\ToolTest\gui.py", line 1651, in nativeEvent
    msg = wintypes.MSG.from_address(int(message))
          ^^^^^^^^
NameError: name 'wintypes' is not defined

[14:57:27] [CRITICAL] UNHANDLED GLOBAL EXCEPTION:
Traceback (most recent call last):
  File "D:\Somethings\ToolTest\gui.py", line 1651, in nativeEvent
    msg = wintypes.MSG.from_address(int(message))
          ^^^^^^^^
NameError: name 'wintypes' is not defined

[14:57:27] [CRITICAL] UNHANDLED GLOBAL EXCEPTION:
Traceback (most recent call last):
  File "D:\Somethings\ToolTest\gui.py", line 1651, in nativeEvent
    msg = wintypes.MSG.from_address(int(message))
          ^^^^^^^^
NameError: name 'wintypes' is not defined

[14:57:27] [CRITICAL] UNHANDLED GLOBAL EXCEPTION:
Traceback (most recent call last):
  File "D:\Somethings\ToolTest\gui.py", line 1651, in nativeEvent
    msg = wintypes.MSG.from_address(int(message))
          ^^^^^^^^
NameError: name 'wintypes' is not defined

[14:57:27] [CRITICAL] UNHANDLED GLOBAL EXCEPTION:
Traceback (most recent call last):
  File "D:\Somethings\ToolTest\gui.py", line 1651, in nativeEvent
    msg = wintypes.MSG.from_address(int(message))
          ^^^^^^^^
NameError: name 'wintypes' is not defined

[14:57:27] [CRITICAL] UNHANDLED GLOBAL EXCEPTION:
Traceback (most recent call last):
  File "D:\Somethings\ToolTest\gui.py", line 1651, in nativeEvent
    msg = wintypes.MSG.from_address(int(message))
          ^^^^^^^^
NameError: name 'wintypes' is not defined

[14:57:27] [CRITICAL] UNHANDLED GLOBAL EXCEPTION:
Traceback (most recent call last):
  File "D:\Somethings\ToolTest\gui.py", line 1651, in nativeEvent
    msg = wintypes.MSG.from_address(int(message))
          ^^^^^^^^
NameError: name 'wintypes' is not defined

[14:57:27] [CRITICAL] UNHANDLED GLOBAL EXCEPTION:
Traceback (most recent call last):
  File "D:\Somethings\ToolTest\gui.py", line 1651, in nativeEvent
    msg = wintypes.MSG.from_address(int(message))
          ^^^^^^^^
NameError: name 'wintypes' is not defined

[14:57:27] [CRITICAL] UNHANDLED GLOBAL EXCEPTION:
Traceback (most recent call last):
  File "D:\Somethings\ToolTest\gui.py", line 1651, in nativeEvent
    msg = wintypes.MSG.from_address(int(message))
          ^^^^^^^^
NameError: name 'wintypes' is not defined

[14:57:27] [CRITICAL] UNHANDLED GLOBAL EXCEPTION:
Traceback (most recent call last):
  File "D:\Somethings\ToolTest\gui.py", line 1651, in nativeEvent
    msg = wintypes.MSG.from_address(int(message))
          ^^^^^^^^
NameError: name 'wintypes' is not defined

[14:57:27] [CRITICAL] UNHANDLED GLOBAL EXCEPTION:
Traceback (most recent call last):
  File "D:\Somethings\ToolTest\gui.py", line 1651, in nativeEvent
    msg = wintypes.MSG.from_address(int(message))
          ^^^^^^^^
NameError: name 'wintypes' is not defined

[14:57:27] [CRITICAL] UNHANDLED GLOBAL EXCEPTION:
Traceback (most recent call last):
  File "D:\Somethings\ToolTest\gui.py", line 1651, in nativeEvent
    msg = wintypes.MSG.from_address(int(message))
          ^^^^^^^^
NameError: name 'wintypes' is not defined

[14:57:27] [CRITICAL] UNHANDLED GLOBAL EXCEPTION:
Traceback (most recent call last):
  File "D:\Somethings\ToolTest\gui.py", line 1651, in nativeEvent
    msg = wintypes.MSG.from_address(int(message))
          ^^^^^^^^
NameError: name 'wintypes' is not defined

[14:57:27] [CRITICAL] UNHANDLED GLOBAL EXCEPTION:
Traceback (most recent call last):
  File "D:\Somethings\ToolTest\gui.py", line 1651, in nativeEvent
    msg = wintypes.MSG.from_address(int(message))
          ^^^^^^^^
NameError: name 'wintypes' is not defined

[14:57:27] [CRITICAL] UNHANDLED GLOBAL EXCEPTION:
Traceback (most recent call last):
  File "D:\Somethings\ToolTest\gui.py", line 1651, in nativeEvent
    msg = wintypes.MSG.from_address(int(message))
          ^^^^^^^^
NameError: name 'wintypes' is not defined

[14:57:27] [CRITICAL] UNHANDLED GLOBAL EXCEPTION:
Traceback (most recent call last):
  File "D:\Somethings\ToolTest\gui.py", line 1651, in nativeEvent
    msg = wintypes.MSG.from_address(int(message))
          ^^^^^^^^
NameError: name 'wintypes' is not defined

[14:57:27] [CRITICAL] UNHANDLED GLOBAL EXCEPTION:
Traceback (most recent call last):
  File "D:\Somethings\ToolTest\gui.py", line 1651, in nativeEvent
    msg = wintypes.MSG.from_address(int(message))
          ^^^^^^^^
NameError: name 'wintypes' is not defined

[14:57:27] [CRITICAL] UNHANDLED GLOBAL EXCEPTION:
Traceback (most recent call last):
  File "D:\Somethings\ToolTest\gui.py", line 1651, in nativeEvent
    msg = wintypes.MSG.from_address(int(message))
          ^^^^^^^^
NameError: name 'wintypes' is not defined

[14:57:27] [CRITICAL] UNHANDLED GLOBAL EXCEPTION:
Traceback (most recent call last):
  File "D:\Somethings\ToolTest\gui.py", line 1651, in nativeEvent
    msg = wintypes.MSG.from_address(int(message))
          ^^^^^^^^
NameError: name 'wintypes' is not defined

[14:57:27] [CRITICAL] UNHANDLED GLOBAL EXCEPTION:
Traceback (most recent call last):
  File "D:\Somethings\ToolTest\gui.py", line 1651, in nativeEvent
    msg = wintypes.MSG.from_address(int(message))
          ^^^^^^^^
NameError: name 'wintypes' is not defined

[14:57:27] [CRITICAL] UNHANDLED GLOBAL EXCEPTION:
Traceback (most recent call last):
  File "D:\Somethings\ToolTest\gui.py", line 1651, in nativeEvent
    msg = wintypes.MSG.from_address(int(message))
          ^^^^^^^^
NameError: name 'wintypes' is not defined

[14:57:27] [CRITICAL] UNHANDLED GLOBAL EXCEPTION:
Traceback (most recent call last):
  File "D:\Somethings\ToolTest\gui.py", line 1651, in nativeEvent
    msg = wintypes.MSG.from_address(int(message))
          ^^^^^^^^
NameError: name 'wintypes' is not defined

[14:57:27] [CRITICAL] UNHANDLED GLOBAL EXCEPTION:
Traceback (most recent call last):
  File "D:\Somethings\ToolTest\gui.py", line 1651, in nativeEvent
    msg = wintypes.MSG.from_address(int(message))
          ^^^^^^^^
NameError: name 'wintypes' is not defined

[14:57:27] [CRITICAL] UNHANDLED GLOBAL EXCEPTION:
Traceback (most recent call last):
  File "D:\Somethings\ToolTest\gui.py", line 1651, in nativeEvent
    msg = wintypes.MSG.from_address(int(message))
          ^^^^^^^^
NameError: name 'wintypes' is not defined

[14:57:27] [CRITICAL] UNHANDLED GLOBAL EXCEPTION:
Traceback (most recent call last):
  File "D:\Somethings\ToolTest\gui.py", line 1651, in nativeEvent
    msg = wintypes.MSG.from_address(int(message))
          ^^^^^^^^
NameError: name 'wintypes' is not defined

[14:57:27] [CRITICAL] UNHANDLED GLOBAL EXCEPTION:
Traceback (most recent call last):
  File "D:\Somethings\ToolTest\gui.py", line 1651, in nativeEvent
    msg = wintypes.MSG.from_address(int(message))
          ^^^^^^^^
NameError: name 'wintypes' is not defined

[14:57:27] [CRITICAL] UNHANDLED GLOBAL EXCEPTION:
Traceback (most recent call last):
  File "D:\Somethings\ToolTest\gui.py", line 1651, in nativeEvent
    msg = wintypes.MSG.from_address(int(message))
          ^^^^^^^^
NameError: name 'wintypes' is not defined

[14:57:27] [CRITICAL] UNHANDLED GLOBAL EXCEPTION:
Traceback (most recent call last):
  File "D:\Somethings\ToolTest\gui.py", line 1651, in nativeEvent
    msg = wintypes.MSG.from_address(int(message))
          ^^^^^^^^
NameError: name 'wintypes' is not defined

[14:57:27] [CRITICAL] UNHANDLED GLOBAL EXCEPTION:
Traceback (most recent call last):
  File "D:\Somethings\ToolTest\gui.py", line 1651, in nativeEvent
    msg = wintypes.MSG.from_address(int(message))
          ^^^^^^^^
NameError: name 'wintypes' is not defined

[14:57:27] [CRITICAL] UNHANDLED GLOBAL EXCEPTION:
Traceback (most recent call last):
  File "D:\Somethings\ToolTest\gui.py", line 1651, in nativeEvent
    msg = wintypes.MSG.from_address(int(message))
          ^^^^^^^^
NameError: name 'wintypes' is not defined

[14:57:27] [CRITICAL] UNHANDLED GLOBAL EXCEPTION:
Traceback (most recent call last):
  File "D:\Somethings\ToolTest\gui.py", line 1651, in nativeEvent
    msg = wintypes.MSG.from_address(int(message))
          ^^^^^^^^
NameError: name 'wintypes' is not defined

[14:57:27] [CRITICAL] UNHANDLED GLOBAL EXCEPTION:
Traceback (most recent call last):
  File "D:\Somethings\ToolTest\gui.py", line 1651, in nativeEvent
    msg = wintypes.MSG.from_address(int(message))
          ^^^^^^^^
NameError: name 'wintypes' is not defined

[14:57:27] [CRITICAL] UNHANDLED GLOBAL EXCEPTION:
Traceback (most recent call last):
  File "D:\Somethings\ToolTest\gui.py", line 1651, in nativeEvent
    msg = wintypes.MSG.from_address(int(message))
          ^^^^^^^^
NameError: name 'wintypes' is not defined

[14:57:27] [CRITICAL] UNHANDLED GLOBAL EXCEPTION:
Traceback (most recent call last):
  File "D:\Somethings\ToolTest\gui.py", line 1651, in nativeEvent
    msg = wintypes.MSG.from_address(int(message))
          ^^^^^^^^
NameError: name 'wintypes' is not defined

[14:57:27] [CRITICAL] UNHANDLED GLOBAL EXCEPTION:
Traceback (most recent call last):
  File "D:\Somethings\ToolTest\gui.py", line 1651, in nativeEvent
    msg = wintypes.MSG.from_address(int(message))
          ^^^^^^^^
NameError: name 'wintypes' is not defined

[14:57:27] [CRITICAL] UNHANDLED GLOBAL EXCEPTION:
Traceback (most recent call last):
  File "D:\Somethings\ToolTest\gui.py", line 1651, in nativeEvent
    msg = wintypes.MSG.from_address(int(message))
          ^^^^^^^^
NameError: name 'wintypes' is not defined

[14:57:27] [CRITICAL] UNHANDLED GLOBAL EXCEPTION:
Traceback (most recent call last):
  File "D:\Somethings\ToolTest\gui.py", line 1651, in nativeEvent
    msg = wintypes.MSG.from_address(int(message))
          ^^^^^^^^
NameError: name 'wintypes' is not defined

[14:57:27] [CRITICAL] UNHANDLED GLOBAL EXCEPTION:
Traceback (most recent call last):
  File "D:\Somethings\ToolTest\gui.py", line 1651, in nativeEvent
    msg = wintypes.MSG.from_address(int(message))
          ^^^^^^^^
NameError: name 'wintypes' is not defined

[14:57:27] [CRITICAL] UNHANDLED GLOBAL EXCEPTION:
Traceback (most recent call last):
  File "D:\Somethings\ToolTest\gui.py", line 1651, in nativeEvent
    msg = wintypes.MSG.from_address(int(message))
          ^^^^^^^^
NameError: name 'wintypes' is not defined

[14:57:27] [CRITICAL] UNHANDLED GLOBAL EXCEPTION:
Traceback (most recent call last):
  File "D:\Somethings\ToolTest\gui.py", line 1651, in nativeEvent
    msg = wintypes.MSG.from_address(int(message))
          ^^^^^^^^
NameError: name 'wintypes' is not defined

[14:57:27] [CRITICAL] UNHANDLED GLOBAL EXCEPTION:
Traceback (most recent call last):
  File "D:\Somethings\ToolTest\gui.py", line 1651, in nativeEvent
    msg = wintypes.MSG.from_address(int(message))
          ^^^^^^^^
NameError: name 'wintypes' is not defined

[14:57:27] [CRITICAL] UNHANDLED GLOBAL EXCEPTION:
Traceback (most recent call last):
  File "D:\Somethings\ToolTest\gui.py", line 1651, in nativeEvent
    msg = wintypes.MSG.from_address(int(message))
          ^^^^^^^^
NameError: name 'wintypes' is not defined

[14:57:27] [CRITICAL] UNHANDLED GLOBAL EXCEPTION:
Traceback (most recent call last):
  File "D:\Somethings\ToolTest\gui.py", line 1651, in nativeEvent
    msg = wintypes.MSG.from_address(int(message))
          ^^^^^^^^
NameError: name 'wintypes' is not defined

[14:57:27] [CRITICAL] UNHANDLED GLOBAL EXCEPTION:
Traceback (most recent call last):
  File "D:\Somethings\ToolTest\gui.py", line 1651, in nativeEvent
    msg = wintypes.MSG.from_address(int(message))
          ^^^^^^^^
NameError: name 'wintypes' is not defined

[14:57:27] [CRITICAL] UNHANDLED GLOBAL EXCEPTION:
Traceback (most recent call last):
  File "D:\Somethings\ToolTest\gui.py", line 1651, in nativeEvent
    msg = wintypes.MSG.from_address(int(message))
          ^^^^^^^^
NameError: name 'wintypes' is not defined

[14:57:27] [CRITICAL] UNHANDLED GLOBAL EXCEPTION:
Traceback (most recent call last):
  File "D:\Somethings\ToolTest\gui.py", line 1651, in nativeEvent
    msg = wintypes.MSG.from_address(int(message))
          ^^^^^^^^
NameError: name 'wintypes' is not defined

[14:57:27] [CRITICAL] UNHANDLED GLOBAL EXCEPTION:
Traceback (most recent call last):
  File "D:\Somethings\ToolTest\gui.py", line 1651, in nativeEvent
    msg = wintypes.MSG.from_address(int(message))
          ^^^^^^^^
NameError: name 'wintypes' is not defined

[14:57:27] [CRITICAL] UNHANDLED GLOBAL EXCEPTION:
Traceback (most recent call last):
  File "D:\Somethings\ToolTest\gui.py", line 1651, in nativeEvent
    msg = wintypes.MSG.from_address(int(message))
          ^^^^^^^^
NameError: name 'wintypes' is not defined

[14:57:27] [CRITICAL] UNHANDLED GLOBAL EXCEPTION:
Traceback (most recent call last):
  File "D:\Somethings\ToolTest\gui.py", line 1651, in nativeEvent
    msg = wintypes.MSG.from_address(int(message))
          ^^^^^^^^
NameError: name 'wintypes' is not defined

[14:57:27] [CRITICAL] UNHANDLED GLOBAL EXCEPTION:
Traceback (most recent call last):
  File "D:\Somethings\ToolTest\gui.py", line 1651, in nativeEvent
    msg = wintypes.MSG.from_address(int(message))
          ^^^^^^^^
NameError: name 'wintypes' is not defined

[14:57:27] [CRITICAL] UNHANDLED GLOBAL EXCEPTION:
Traceback (most recent call last):
  File "D:\Somethings\ToolTest\gui.py", line 1651, in nativeEvent
    msg = wintypes.MSG.from_address(int(message))
          ^^^^^^^^
NameError: name 'wintypes' is not defined

[14:57:27] [CRITICAL] UNHANDLED GLOBAL EXCEPTION:
Traceback (most recent call last):
  File "D:\Somethings\ToolTest\gui.py", line 1651, in nativeEvent
    msg = wintypes.MSG.from_address(int(message))
          ^^^^^^^^
NameError: name 'wintypes' is not defined

[14:57:27] [CRITICAL] UNHANDLED GLOBAL EXCEPTION:
Traceback (most recent call last):
  File "D:\Somethings\ToolTest\gui.py", line 1651, in nativeEvent
    msg = wintypes.MSG.from_address(int(message))
          ^^^^^^^^
NameError: name 'wintypes' is not defined

[14:57:27] [CRITICAL] UNHANDLED GLOBAL EXCEPTION:
Traceback (most recent call last):
  File "D:\Somethings\ToolTest\gui.py", line 1651, in nativeEvent
    msg = wintypes.MSG.from_address(int(message))
          ^^^^^^^^
NameError: name 'wintypes' is not defined

[14:57:27] [CRITICAL] UNHANDLED GLOBAL EXCEPTION:
Traceback (most recent call last):
  File "D:\Somethings\ToolTest\gui.py", line 1651, in nativeEvent
    msg = wintypes.MSG.from_address(int(message))
          ^^^^^^^^
NameError: name 'wintypes' is not defined

[14:57:27] [CRITICAL] UNHANDLED GLOBAL EXCEPTION:
Traceback (most recent call last):
  File "D:\Somethings\ToolTest\gui.py", line 1651, in nativeEvent
    msg = wintypes.MSG.from_address(int(message))
          ^^^^^^^^
NameError: name 'wintypes' is not defined

[14:57:27] [CRITICAL] UNHANDLED GLOBAL EXCEPTION:
Traceback (most recent call last):
  File "D:\Somethings\ToolTest\gui.py", line 1651, in nativeEvent
    msg = wintypes.MSG.from_address(int(message))
          ^^^^^^^^
NameError: name 'wintypes' is not defined

[14:57:27] [CRITICAL] UNHANDLED GLOBAL EXCEPTION:
Traceback (most recent call last):
  File "D:\Somethings\ToolTest\gui.py", line 1651, in nativeEvent
    msg = wintypes.MSG.from_address(int(message))
          ^^^^^^^^
NameError: name 'wintypes' is not defined

[14:57:27] [CRITICAL] UNHANDLED GLOBAL EXCEPTION:
Traceback (most recent call last):
  File "D:\Somethings\ToolTest\gui.py", line 1651, in nativeEvent
    msg = wintypes.MSG.from_address(int(message))
          ^^^^^^^^
NameError: name 'wintypes' is not defined

[14:57:27] [CRITICAL] UNHANDLED GLOBAL EXCEPTION:
Traceback (most recent call last):
  File "D:\Somethings\ToolTest\gui.py", line 1651, in nativeEvent
    msg = wintypes.MSG.from_address(int(message))
          ^^^^^^^^
NameError: name 'wintypes' is not defined

[14:57:27] [CRITICAL] UNHANDLED GLOBAL EXCEPTION:
Traceback (most recent call last):
  File "D:\Somethings\ToolTest\gui.py", line 1651, in nativeEvent
    msg = wintypes.MSG.from_address(int(message))
          ^^^^^^^^
NameError: name 'wintypes' is not defined

[14:57:27] [CRITICAL] UNHANDLED GLOBAL EXCEPTION:
Traceback (most recent call last):
  File "D:\Somethings\ToolTest\gui.py", line 1651, in nativeEvent
    msg = wintypes.MSG.from_address(int(message))
          ^^^^^^^^
NameError: name 'wintypes' is not defined

[14:57:27] [CRITICAL] UNHANDLED GLOBAL EXCEPTION:
Traceback (most recent call last):
  File "D:\Somethings\ToolTest\gui.py", line 1651, in nativeEvent
    msg = wintypes.MSG.from_address(int(message))
          ^^^^^^^^
NameError: name 'wintypes' is not defined

[14:57:27] [CRITICAL] UNHANDLED GLOBAL EXCEPTION:
Traceback (most recent call last):
  File "D:\Somethings\ToolTest\gui.py", line 1651, in nativeEvent
    msg = wintypes.MSG.from_address(int(message))
          ^^^^^^^^
NameError: name 'wintypes' is not defined

[14:57:27] [CRITICAL] UNHANDLED GLOBAL EXCEPTION:
Traceback (most recent call last):
  File "D:\Somethings\ToolTest\gui.py", line 1651, in nativeEvent
    msg = wintypes.MSG.from_address(int(message))
          ^^^^^^^^
NameError: name 'wintypes' is not defined

[14:57:27] [CRITICAL] UNHANDLED GLOBAL EXCEPTION:
Traceback (most recent call last):
  File "D:\Somethings\ToolTest\gui.py", line 1651, in nativeEvent
    msg = wintypes.MSG.from_address(int(message))
          ^^^^^^^^
NameError: name 'wintypes' is not defined

[14:57:27] [CRITICAL] UNHANDLED GLOBAL EXCEPTION:
Traceback (most recent call last):
  File "D:\Somethings\ToolTest\gui.py", line 1651, in nativeEvent
    msg = wintypes.MSG.from_address(int(message))
          ^^^^^^^^
NameError: name 'wintypes' is not defined

[14:57:27] [CRITICAL] UNHANDLED GLOBAL EXCEPTION:
Traceback (most recent call last):
  File "D:\Somethings\ToolTest\gui.py", line 1651, in nativeEvent
    msg = wintypes.MSG.from_address(int(message))
          ^^^^^^^^
NameError: name 'wintypes' is not defined

[14:57:27] [CRITICAL] UNHANDLED GLOBAL EXCEPTION:
Traceback (most recent call last):
  File "D:\Somethings\ToolTest\gui.py", line 1651, in nativeEvent
    msg = wintypes.MSG.from_address(int(message))
          ^^^^^^^^
NameError: name 'wintypes' is not defined

[14:57:27] [CRITICAL] UNHANDLED GLOBAL EXCEPTION:
Traceback (most recent call last):
  File "D:\Somethings\ToolTest\gui.py", line 1651, in nativeEvent
    msg = wintypes.MSG.from_address(int(message))
          ^^^^^^^^
NameError: name 'wintypes' is not defined

[14:57:27] [CRITICAL] UNHANDLED GLOBAL EXCEPTION:
Traceback (most recent call last):
  File "D:\Somethings\ToolTest\gui.py", line 1651, in nativeEvent
    msg = wintypes.MSG.from_address(int(message))
          ^^^^^^^^
NameError: name 'wintypes' is not defined

[14:57:27] [CRITICAL] UNHANDLED GLOBAL EXCEPTION:
Traceback (most recent call last):
  File "D:\Somethings\ToolTest\gui.py", line 1651, in nativeEvent
    msg = wintypes.MSG.from_address(int(message))
          ^^^^^^^^
NameError: name 'wintypes' is not defined

[14:57:27] [CRITICAL] UNHANDLED GLOBAL EXCEPTION:
Traceback (most recent call last):
  File "D:\Somethings\ToolTest\gui.py", line 1651, in nativeEvent
    msg = wintypes.MSG.from_address(int(message))
          ^^^^^^^^
NameError: name 'wintypes' is not defined

[14:57:27] [CRITICAL] UNHANDLED GLOBAL EXCEPTION:
Traceback (most recent call last):
  File "D:\Somethings\ToolTest\gui.py", line 1651, in nativeEvent
    msg = wintypes.MSG.from_address(int(message))
          ^^^^^^^^
NameError: name 'wintypes' is not defined

[14:57:27] [CRITICAL] UNHANDLED GLOBAL EXCEPTION:
Traceback (most recent call last):
  File "D:\Somethings\ToolTest\gui.py", line 1651, in nativeEvent
    msg = wintypes.MSG.from_address(int(message))
          ^^^^^^^^
NameError: name 'wintypes' is not defined

[14:57:27] [CRITICAL] UNHANDLED GLOBAL EXCEPTION:
Traceback (most recent call last):
  File "D:\Somethings\ToolTest\gui.py", line 1651, in nativeEvent
    msg = wintypes.MSG.from_address(int(message))
          ^^^^^^^^
NameError: name 'wintypes' is not defined

[14:57:27] [CRITICAL] UNHANDLED GLOBAL EXCEPTION:
Traceback (most recent call last):
  File "D:\Somethings\ToolTest\gui.py", line 1651, in nativeEvent
    msg = wintypes.MSG.from_address(int(message))
          ^^^^^^^^
NameError: name 'wintypes' is not defined

[14:57:27] [CRITICAL] UNHANDLED GLOBAL EXCEPTION:
Traceback (most recent call last):
  File "D:\Somethings\ToolTest\gui.py", line 1651, in nativeEvent
    msg = wintypes.MSG.from_address(int(message))
          ^^^^^^^^
NameError: name 'wintypes' is not defined

[14:57:27] [CRITICAL] UNHANDLED GLOBAL EXCEPTION:
Traceback (most recent call last):
  File "D:\Somethings\ToolTest\gui.py", line 1651, in nativeEvent
    msg = wintypes.MSG.from_address(int(message))
          ^^^^^^^^
NameError: name 'wintypes' is not defined

[14:57:27] [CRITICAL] UNHANDLED GLOBAL EXCEPTION:
Traceback (most recent call last):
  File "D:\Somethings\ToolTest\gui.py", line 1651, in nativeEvent
    msg = wintypes.MSG.from_address(int(message))
          ^^^^^^^^
NameError: name 'wintypes' is not defined

[14:57:27] [CRITICAL] UNHANDLED GLOBAL EXCEPTION:
Traceback (most recent call last):
  File "D:\Somethings\ToolTest\gui.py", line 1651, in nativeEvent
    msg = wintypes.MSG.from_address(int(message))
          ^^^^^^^^
NameError: name 'wintypes' is not defined

[14:57:27] [CRITICAL] UNHANDLED GLOBAL EXCEPTION:
Traceback (most recent call last):
  File "D:\Somethings\ToolTest\gui.py", line 1651, in nativeEvent
    msg = wintypes.MSG.from_address(int(message))
          ^^^^^^^^
NameError: name 'wintypes' is not defined

[14:57:27] [CRITICAL] UNHANDLED GLOBAL EXCEPTION:
Traceback (most recent call last):
  File "D:\Somethings\ToolTest\gui.py", line 1651, in nativeEvent
    msg = wintypes.MSG.from_address(int(message))
          ^^^^^^^^
NameError: name 'wintypes' is not defined

[14:57:27] [CRITICAL] UNHANDLED GLOBAL EXCEPTION:
Traceback (most recent call last):
  File "D:\Somethings\ToolTest\gui.py", line 1651, in nativeEvent
    msg = wintypes.MSG.from_address(int(message))
          ^^^^^^^^
NameError: name 'wintypes' is not defined

[14:57:27] [CRITICAL] UNHANDLED GLOBAL EXCEPTION:
Traceback (most recent call last):
  File "D:\Somethings\ToolTest\gui.py", line 1651, in nativeEvent
    msg = wintypes.MSG.from_address(int(message))
          ^^^^^^^^
NameError: name 'wintypes' is not defined

[14:57:27] [CRITICAL] UNHANDLED GLOBAL EXCEPTION:
Traceback (most recent call last):
  File "D:\Somethings\ToolTest\gui.py", line 1651, in nativeEvent
    msg = wintypes.MSG.from_address(int(message))
          ^^^^^^^^
NameError: name 'wintypes' is not defined

[14:57:27] [CRITICAL] UNHANDLED GLOBAL EXCEPTION:
Traceback (most recent call last):
  File "D:\Somethings\ToolTest\gui.py", line 1651, in nativeEvent
    msg = wintypes.MSG.from_address(int(message))
          ^^^^^^^^
NameError: name 'wintypes' is not defined

[14:57:27] [CRITICAL] UNHANDLED GLOBAL EXCEPTION:
Traceback (most recent call last):
  File "D:\Somethings\ToolTest\gui.py", line 1651, in nativeEvent
    msg = wintypes.MSG.from_address(int(message))
          ^^^^^^^^
NameError: name 'wintypes' is not defined

[14:57:27] [CRITICAL] UNHANDLED GLOBAL EXCEPTION:
Traceback (most recent call last):
  File "D:\Somethings\ToolTest\gui.py", line 1651, in nativeEvent
    msg = wintypes.MSG.from_address(int(message))
          ^^^^^^^^
NameError: name 'wintypes' is not defined

[14:57:27] [CRITICAL] UNHANDLED GLOBAL EXCEPTION:
Traceback (most recent call last):
  File "D:\Somethings\ToolTest\gui.py", line 1651, in nativeEvent
    msg = wintypes.MSG.from_address(int(message))
          ^^^^^^^^
NameError: name 'wintypes' is not defined

[14:57:27] [CRITICAL] UNHANDLED GLOBAL EXCEPTION:
Traceback (most recent call last):
  File "D:\Somethings\ToolTest\gui.py", line 1651, in nativeEvent
    msg = wintypes.MSG.from_address(int(message))
          ^^^^^^^^
NameError: name 'wintypes' is not defined

[14:57:27] [CRITICAL] UNHANDLED GLOBAL EXCEPTION:
Traceback (most recent call last):
  File "D:\Somethings\ToolTest\gui.py", line 1651, in nativeEvent
    msg = wintypes.MSG.from_address(int(message))
          ^^^^^^^^
NameError: name 'wintypes' is not defined

[14:57:27] [CRITICAL] UNHANDLED GLOBAL EXCEPTION:
Traceback (most recent call last):
  File "D:\Somethings\ToolTest\gui.py", line 1651, in nativeEvent
    msg = wintypes.MSG.from_address(int(message))
          ^^^^^^^^
NameError: name 'wintypes' is not defined

[14:57:27] [CRITICAL] UNHANDLED GLOBAL EXCEPTION:
Traceback (most recent call last):
  File "D:\Somethings\ToolTest\gui.py", line 1651, in nativeEvent
    msg = wintypes.MSG.from_address(int(message))
          ^^^^^^^^
NameError: name 'wintypes' is not defined

[14:57:27] [CRITICAL] UNHANDLED GLOBAL EXCEPTION:
Traceback (most recent call last):
  File "D:\Somethings\ToolTest\gui.py", line 1651, in nativeEvent
    msg = wintypes.MSG.from_address(int(message))
          ^^^^^^^^
NameError: name 'wintypes' is not defined

[14:57:27] [CRITICAL] UNHANDLED GLOBAL EXCEPTION:
Traceback (most recent call last):
  File "D:\Somethings\ToolTest\gui.py", line 1651, in nativeEvent
    msg = wintypes.MSG.from_address(int(message))
          ^^^^^^^^
NameError: name 'wintypes' is not defined

[14:57:27] [CRITICAL] UNHANDLED GLOBAL EXCEPTION:
Traceback (most recent call last):
  File "D:\Somethings\ToolTest\gui.py", line 1651, in nativeEvent
    msg = wintypes.MSG.from_address(int(message))
          ^^^^^^^^
NameError: name 'wintypes' is not defined

[14:57:27] [CRITICAL] UNHANDLED GLOBAL EXCEPTION:
Traceback (most recent call last):
  File "D:\Somethings\ToolTest\gui.py", line 1651, in nativeEvent
    msg = wintypes.MSG.from_address(int(message))
          ^^^^^^^^
NameError: name 'wintypes' is not defined

[14:57:27] [CRITICAL] UNHANDLED GLOBAL EXCEPTION:
Traceback (most recent call last):
  File "D:\Somethings\ToolTest\gui.py", line 1651, in nativeEvent
    msg = wintypes.MSG.from_address(int(message))
          ^^^^^^^^
NameError: name 'wintypes' is not defined

[14:57:27] [CRITICAL] UNHANDLED GLOBAL EXCEPTION:
Traceback (most recent call last):
  File "D:\Somethings\ToolTest\gui.py", line 1651, in nativeEvent
    msg = wintypes.MSG.from_address(int(message))
          ^^^^^^^^
NameError: name 'wintypes' is not defined

[14:57:27] [CRITICAL] UNHANDLED GLOBAL EXCEPTION:
Traceback (most recent call last):
  File "D:\Somethings\ToolTest\gui.py", line 1651, in nativeEvent
    msg = wintypes.MSG.from_address(int(message))
          ^^^^^^^^
NameError: name 'wintypes' is not defined

[14:57:27] [CRITICAL] UNHANDLED GLOBAL EXCEPTION:
Traceback (most recent call last):
  File "D:\Somethings\ToolTest\gui.py", line 1651, in nativeEvent
    msg = wintypes.MSG.from_address(int(message))
          ^^^^^^^^
NameError: name 'wintypes' is not defined

[14:57:27] [CRITICAL] UNHANDLED GLOBAL EXCEPTION:
Traceback (most recent call last):
  File "D:\Somethings\ToolTest\gui.py", line 1651, in nativeEvent
    msg = wintypes.MSG.from_address(int(message))
          ^^^^^^^^
NameError: name 'wintypes' is not defined

[14:57:27] [CRITICAL] UNHANDLED GLOBAL EXCEPTION:
Traceback (most recent call last):
  File "D:\Somethings\ToolTest\gui.py", line 1651, in nativeEvent
    msg = wintypes.MSG.from_address(int(message))
          ^^^^^^^^
NameError: name 'wintypes' is not defined

[14:57:27] [CRITICAL] UNHANDLED GLOBAL EXCEPTION:
Traceback (most recent call last):
  File "D:\Somethings\ToolTest\gui.py", line 1651, in nativeEvent
    msg = wintypes.MSG.from_address(int(message))
          ^^^^^^^^
NameError: name 'wintypes' is not defined

[14:57:27] [CRITICAL] UNHANDLED GLOBAL EXCEPTION:
Traceback (most recent call last):
  File "D:\Somethings\ToolTest\gui.py", line 1651, in nativeEvent
    msg = wintypes.MSG.from_address(int(message))
          ^^^^^^^^
NameError: name 'wintypes' is not defined

[14:57:27] [CRITICAL] UNHANDLED GLOBAL EXCEPTION:
Traceback (most recent call last):
  File "D:\Somethings\ToolTest\gui.py", line 1651, in nativeEvent
    msg = wintypes.MSG.from_address(int(message))
          ^^^^^^^^
NameError: name 'wintypes' is not defined

[14:57:27] [CRITICAL] UNHANDLED GLOBAL EXCEPTION:
Traceback (most recent call last):
  File "D:\Somethings\ToolTest\gui.py", line 1651, in nativeEvent
    msg = wintypes.MSG.from_address(int(message))
          ^^^^^^^^
NameError: name 'wintypes' is not defined

[14:57:28] [CRITICAL] UNHANDLED GLOBAL EXCEPTION:
Traceback (most recent call last):
  File "D:\Somethings\ToolTest\gui.py", line 1651, in nativeEvent
    msg = wintypes.MSG.from_address(int(message))
          ^^^^^^^^
NameError: name 'wintypes' is not defined

[14:57:28] [CRITICAL] UNHANDLED GLOBAL EXCEPTION:
Traceback (most recent call last):
  File "D:\Somethings\ToolTest\gui.py", line 1651, in nativeEvent
    msg = wintypes.MSG.from_address(int(message))
          ^^^^^^^^
NameError: name 'wintypes' is not defined

[14:57:28] [CRITICAL] UNHANDLED GLOBAL EXCEPTION:
Traceback (most recent call last):
  File "D:\Somethings\ToolTest\gui.py", line 1651, in nativeEvent
    msg = wintypes.MSG.from_address(int(message))
          ^^^^^^^^
NameError: name 'wintypes' is not defined

[14:57:28] [CRITICAL] UNHANDLED GLOBAL EXCEPTION:
Traceback (most recent call last):
  File "D:\Somethings\ToolTest\gui.py", line 1651, in nativeEvent
    msg = wintypes.MSG.from_address(int(message))
          ^^^^^^^^
NameError: name 'wintypes' is not defined

[14:57:28] [CRITICAL] UNHANDLED GLOBAL EXCEPTION:
Traceback (most recent call last):
  File "D:\Somethings\ToolTest\gui.py", line 1651, in nativeEvent
    msg = wintypes.MSG.from_address(int(message))
          ^^^^^^^^
NameError: name 'wintypes' is not defined

[14:57:28] [CRITICAL] UNHANDLED GLOBAL EXCEPTION:
Traceback (most recent call last):
  File "D:\Somethings\ToolTest\gui.py", line 1651, in nativeEvent
    msg = wintypes.MSG.from_address(int(message))
          ^^^^^^^^
NameError: name 'wintypes' is not defined

[14:57:28] [CRITICAL] UNHANDLED GLOBAL EXCEPTION:
Traceback (most recent call last):
  File "D:\Somethings\ToolTest\gui.py", line 1651, in nativeEvent
    msg = wintypes.MSG.from_address(int(message))
          ^^^^^^^^
NameError: name 'wintypes' is not defined

[14:57:28] [CRITICAL] UNHANDLED GLOBAL EXCEPTION:
Traceback (most recent call last):
  File "D:\Somethings\ToolTest\gui.py", line 1651, in nativeEvent
    msg = wintypes.MSG.from_address(int(message))
          ^^^^^^^^
NameError: name 'wintypes' is not defined

[14:57:28] [CRITICAL] UNHANDLED GLOBAL EXCEPTION:
Traceback (most recent call last):
  File "D:\Somethings\ToolTest\gui.py", line 1651, in nativeEvent
    msg = wintypes.MSG.from_address(int(message))
          ^^^^^^^^
NameError: name 'wintypes' is not defined

[14:57:28] [CRITICAL] UNHANDLED GLOBAL EXCEPTION:
Traceback (most recent call last):
  File "D:\Somethings\ToolTest\gui.py", line 1651, in nativeEvent
    msg = wintypes.MSG.from_address(int(message))
          ^^^^^^^^
NameError: name 'wintypes' is not defined

[14:57:28] [CRITICAL] UNHANDLED GLOBAL EXCEPTION:
Traceback (most recent call last):
  File "D:\Somethings\ToolTest\gui.py", line 1651, in nativeEvent
    msg = wintypes.MSG.from_address(int(message))
          ^^^^^^^^
NameError: name 'wintypes' is not defined

[14:57:28] [CRITICAL] UNHANDLED GLOBAL EXCEPTION:
Traceback (most recent call last):
  File "D:\Somethings\ToolTest\gui.py", line 1651, in nativeEvent
    msg = wintypes.MSG.from_address(int(message))
          ^^^^^^^^
NameError: name 'wintypes' is not defined

[14:57:28] [CRITICAL] UNHANDLED GLOBAL EXCEPTION:
Traceback (most recent call last):
  File "D:\Somethings\ToolTest\gui.py", line 1651, in nativeEvent
    msg = wintypes.MSG.from_address(int(message))
          ^^^^^^^^
NameError: name 'wintypes' is not defined

[14:57:28] [CRITICAL] UNHANDLED GLOBAL EXCEPTION:
Traceback (most recent call last):
  File "D:\Somethings\ToolTest\gui.py", line 1651, in nativeEvent
    msg = wintypes.MSG.from_address(int(message))
          ^^^^^^^^
NameError: name 'wintypes' is not defined

[14:57:28] [CRITICAL] UNHANDLED GLOBAL EXCEPTION:
Traceback (most recent call last):
  File "D:\Somethings\ToolTest\gui.py", line 1651, in nativeEvent
    msg = wintypes.MSG.from_address(int(message))
          ^^^^^^^^
NameError: name 'wintypes' is not defined

[14:57:28] [CRITICAL] UNHANDLED GLOBAL EXCEPTION:
Traceback (most recent call last):
  File "D:\Somethings\ToolTest\gui.py", line 1651, in nativeEvent
    msg = wintypes.MSG.from_address(int(message))
          ^^^^^^^^
NameError: name 'wintypes' is not defined

[14:57:28] [CRITICAL] UNHANDLED GLOBAL EXCEPTION:
Traceback (most recent call last):
  File "D:\Somethings\ToolTest\gui.py", line 1651, in nativeEvent
    msg = wintypes.MSG.from_address(int(message))
          ^^^^^^^^
NameError: name 'wintypes' is not defined

[14:57:28] [CRITICAL] UNHANDLED GLOBAL EXCEPTION:
Traceback (most recent call last):
  File "D:\Somethings\ToolTest\gui.py", line 1651, in nativeEvent
    msg = wintypes.MSG.from_address(int(message))
          ^^^^^^^^
NameError: name 'wintypes' is not defined

[14:57:28] [CRITICAL] UNHANDLED GLOBAL EXCEPTION:
Traceback (most recent call last):
  File "D:\Somethings\ToolTest\gui.py", line 1651, in nativeEvent
    msg = wintypes.MSG.from_address(int(message))
          ^^^^^^^^
NameError: name 'wintypes' is not defined

[14:57:28] [CRITICAL] UNHANDLED GLOBAL EXCEPTION:
Traceback (most recent call last):
  File "D:\Somethings\ToolTest\gui.py", line 1651, in nativeEvent
    msg = wintypes.MSG.from_address(int(message))
          ^^^^^^^^
NameError: name 'wintypes' is not defined

[14:57:28] [CRITICAL] UNHANDLED GLOBAL EXCEPTION:
Traceback (most recent call last):
  File "D:\Somethings\ToolTest\gui.py", line 1651, in nativeEvent
    msg = wintypes.MSG.from_address(int(message))
          ^^^^^^^^
NameError: name 'wintypes' is not defined

[14:57:28] [CRITICAL] UNHANDLED GLOBAL EXCEPTION:
Traceback (most recent call last):
  File "D:\Somethings\ToolTest\gui.py", line 1651, in nativeEvent
    msg = wintypes.MSG.from_address(int(message))
          ^^^^^^^^
NameError: name 'wintypes' is not defined

[14:57:28] [CRITICAL] UNHANDLED GLOBAL EXCEPTION:
Traceback (most recent call last):
  File "D:\Somethings\ToolTest\gui.py", line 1651, in nativeEvent
    msg = wintypes.MSG.from_address(int(message))
          ^^^^^^^^
NameError: name 'wintypes' is not defined

[14:57:28] [CRITICAL] UNHANDLED GLOBAL EXCEPTION:
Traceback (most recent call last):
  File "D:\Somethings\ToolTest\gui.py", line 1651, in nativeEvent
    msg = wintypes.MSG.from_address(int(message))
          ^^^^^^^^
NameError: name 'wintypes' is not defined

[14:57:28] [CRITICAL] UNHANDLED GLOBAL EXCEPTION:
Traceback (most recent call last):
  File "D:\Somethings\ToolTest\gui.py", line 1651, in nativeEvent
    msg = wintypes.MSG.from_address(int(message))
          ^^^^^^^^
NameError: name 'wintypes' is not defined

[14:57:28] [CRITICAL] UNHANDLED GLOBAL EXCEPTION:
Traceback (most recent call last):
  File "D:\Somethings\ToolTest\gui.py", line 1651, in nativeEvent
    msg = wintypes.MSG.from_address(int(message))
          ^^^^^^^^
NameError: name 'wintypes' is not defined

[14:57:28] [CRITICAL] UNHANDLED GLOBAL EXCEPTION:
Traceback (most recent call last):
  File "D:\Somethings\ToolTest\gui.py", line 1651, in nativeEvent
    msg = wintypes.MSG.from_address(int(message))
          ^^^^^^^^
NameError: name 'wintypes' is not defined

[14:57:28] [CRITICAL] UNHANDLED GLOBAL EXCEPTION:
Traceback (most recent call last):
  File "D:\Somethings\ToolTest\gui.py", line 1651, in nativeEvent
    msg = wintypes.MSG.from_address(int(message))
          ^^^^^^^^
NameError: name 'wintypes' is not defined

[14:57:28] [CRITICAL] UNHANDLED GLOBAL EXCEPTION:
Traceback (most recent call last):
  File "D:\Somethings\ToolTest\gui.py", line 1651, in nativeEvent
    msg = wintypes.MSG.from_address(int(message))
          ^^^^^^^^
NameError: name 'wintypes' is not defined

[14:57:28] [CRITICAL] UNHANDLED GLOBAL EXCEPTION:
Traceback (most recent call last):
  File "D:\Somethings\ToolTest\gui.py", line 1651, in nativeEvent
    msg = wintypes.MSG.from_address(int(message))
          ^^^^^^^^
NameError: name 'wintypes' is not defined

[14:57:28] [CRITICAL] UNHANDLED GLOBAL EXCEPTION:
Traceback (most recent call last):
  File "D:\Somethings\ToolTest\gui.py", line 1651, in nativeEvent
    msg = wintypes.MSG.from_address(int(message))
          ^^^^^^^^
NameError: name 'wintypes' is not defined

[14:57:28] [CRITICAL] UNHANDLED GLOBAL EXCEPTION:
Traceback (most recent call last):
  File "D:\Somethings\ToolTest\gui.py", line 1651, in nativeEvent
    msg = wintypes.MSG.from_address(int(message))
          ^^^^^^^^
NameError: name 'wintypes' is not defined

[14:57:28] [CRITICAL] UNHANDLED GLOBAL EXCEPTION:
Traceback (most recent call last):
  File "D:\Somethings\ToolTest\gui.py", line 1651, in nativeEvent
    msg = wintypes.MSG.from_address(int(message))
          ^^^^^^^^
NameError: name 'wintypes' is not defined

[14:57:28] [CRITICAL] UNHANDLED GLOBAL EXCEPTION:
Traceback (most recent call last):
  File "D:\Somethings\ToolTest\gui.py", line 1651, in nativeEvent
    msg = wintypes.MSG.from_address(int(message))
          ^^^^^^^^
NameError: name 'wintypes' is not defined

[14:57:28] [CRITICAL] UNHANDLED GLOBAL EXCEPTION:
Traceback (most recent call last):
  File "D:\Somethings\ToolTest\gui.py", line 1651, in nativeEvent
    msg = wintypes.MSG.from_address(int(message))
          ^^^^^^^^
NameError: name 'wintypes' is not defined

[14:57:28] [CRITICAL] UNHANDLED GLOBAL EXCEPTION:
Traceback (most recent call last):
  File "D:\Somethings\ToolTest\gui.py", line 1651, in nativeEvent
    msg = wintypes.MSG.from_address(int(message))
          ^^^^^^^^
NameError: name 'wintypes' is not defined

[14:57:28] [CRITICAL] UNHANDLED GLOBAL EXCEPTION:
Traceback (most recent call last):
  File "D:\Somethings\ToolTest\gui.py", line 1651, in nativeEvent
    msg = wintypes.MSG.from_address(int(message))
          ^^^^^^^^
NameError: name 'wintypes' is not defined

[14:57:28] [CRITICAL] UNHANDLED GLOBAL EXCEPTION:
Traceback (most recent call last):
  File "D:\Somethings\ToolTest\gui.py", line 1651, in nativeEvent
    msg = wintypes.MSG.from_address(int(message))
          ^^^^^^^^
NameError: name 'wintypes' is not defined

[14:57:28] [CRITICAL] UNHANDLED GLOBAL EXCEPTION:
Traceback (most recent call last):
  File "D:\Somethings\ToolTest\gui.py", line 1651, in nativeEvent
    msg = wintypes.MSG.from_address(int(message))
          ^^^^^^^^
NameError: name 'wintypes' is not defined

[14:57:28] [CRITICAL] UNHANDLED GLOBAL EXCEPTION:
Traceback (most recent call last):
  File "D:\Somethings\ToolTest\gui.py", line 1651, in nativeEvent
    msg = wintypes.MSG.from_address(int(message))
          ^^^^^^^^
NameError: name 'wintypes' is not defined

[14:57:28] [CRITICAL] UNHANDLED GLOBAL EXCEPTION:
Traceback (most recent call last):
  File "D:\Somethings\ToolTest\gui.py", line 1651, in nativeEvent
    msg = wintypes.MSG.from_address(int(message))
          ^^^^^^^^
NameError: name 'wintypes' is not defined

[14:57:28] [CRITICAL] UNHANDLED GLOBAL EXCEPTION:
Traceback (most recent call last):
  File "D:\Somethings\ToolTest\gui.py", line 1651, in nativeEvent
    msg = wintypes.MSG.from_address(int(message))
          ^^^^^^^^
NameError: name 'wintypes' is not defined

[14:57:28] [CRITICAL] UNHANDLED GLOBAL EXCEPTION:
Traceback (most recent call last):
  File "D:\Somethings\ToolTest\gui.py", line 1651, in nativeEvent
    msg = wintypes.MSG.from_address(int(message))
          ^^^^^^^^
NameError: name 'wintypes' is not defined

[14:57:28] [CRITICAL] UNHANDLED GLOBAL EXCEPTION:
Traceback (most recent call last):
  File "D:\Somethings\ToolTest\gui.py", line 1651, in nativeEvent
    msg = wintypes.MSG.from_address(int(message))
          ^^^^^^^^
NameError: name 'wintypes' is not defined

[14:57:28] [CRITICAL] UNHANDLED GLOBAL EXCEPTION:
Traceback (most recent call last):
  File "D:\Somethings\ToolTest\gui.py", line 1651, in nativeEvent
    msg = wintypes.MSG.from_address(int(message))
          ^^^^^^^^
NameError: name 'wintypes' is not defined

[14:57:28] [CRITICAL] UNHANDLED GLOBAL EXCEPTION:
Traceback (most recent call last):
  File "D:\Somethings\ToolTest\gui.py", line 1651, in nativeEvent
    msg = wintypes.MSG.from_address(int(message))
          ^^^^^^^^
NameError: name 'wintypes' is not defined

[14:57:28] [CRITICAL] UNHANDLED GLOBAL EXCEPTION:
Traceback (most recent call last):
  File "D:\Somethings\ToolTest\gui.py", line 1651, in nativeEvent
    msg = wintypes.MSG.from_address(int(message))
          ^^^^^^^^
NameError: name 'wintypes' is not defined

[14:57:28] [CRITICAL] UNHANDLED GLOBAL EXCEPTION:
Traceback (most recent call last):
  File "D:\Somethings\ToolTest\gui.py", line 1651, in nativeEvent
    msg = wintypes.MSG.from_address(int(message))
          ^^^^^^^^
NameError: name 'wintypes' is not defined

[14:57:28] [CRITICAL] UNHANDLED GLOBAL EXCEPTION:
Traceback (most recent call last):
  File "D:\Somethings\ToolTest\gui.py", line 1651, in nativeEvent
    msg = wintypes.MSG.from_address(int(message))
          ^^^^^^^^
NameError: name 'wintypes' is not defined

[14:57:28] [CRITICAL] UNHANDLED GLOBAL EXCEPTION:
Traceback (most recent call last):
  File "D:\Somethings\ToolTest\gui.py", line 1651, in nativeEvent
    msg = wintypes.MSG.from_address(int(message))
          ^^^^^^^^
NameError: name 'wintypes' is not defined

[14:57:28] [CRITICAL] UNHANDLED GLOBAL EXCEPTION:
Traceback (most recent call last):
  File "D:\Somethings\ToolTest\gui.py", line 1651, in nativeEvent
    msg = wintypes.MSG.from_address(int(message))
          ^^^^^^^^
NameError: name 'wintypes' is not defined

[14:57:28] [CRITICAL] UNHANDLED GLOBAL EXCEPTION:
Traceback (most recent call last):
  File "D:\Somethings\ToolTest\gui.py", line 1651, in nativeEvent
    msg = wintypes.MSG.from_address(int(message))
          ^^^^^^^^
NameError: name 'wintypes' is not defined

[14:57:28] [CRITICAL] UNHANDLED GLOBAL EXCEPTION:
Traceback (most recent call last):
  File "D:\Somethings\ToolTest\gui.py", line 1651, in nativeEvent
    msg = wintypes.MSG.from_address(int(message))
          ^^^^^^^^
NameError: name 'wintypes' is not defined

[14:57:28] [CRITICAL] UNHANDLED GLOBAL EXCEPTION:
Traceback (most recent call last):
  File "D:\Somethings\ToolTest\gui.py", line 1651, in nativeEvent
    msg = wintypes.MSG.from_address(int(message))
          ^^^^^^^^
NameError: name 'wintypes' is not defined

[14:57:28] [CRITICAL] UNHANDLED GLOBAL EXCEPTION:
Traceback (most recent call last):
  File "D:\Somethings\ToolTest\gui.py", line 1651, in nativeEvent
    msg = wintypes.MSG.from_address(int(message))
          ^^^^^^^^
NameError: name 'wintypes' is not defined

[14:57:28] [CRITICAL] UNHANDLED GLOBAL EXCEPTION:
Traceback (most recent call last):
  File "D:\Somethings\ToolTest\gui.py", line 1651, in nativeEvent
    msg = wintypes.MSG.from_address(int(message))
          ^^^^^^^^
NameError: name 'wintypes' is not defined

[14:57:28] [CRITICAL] UNHANDLED GLOBAL EXCEPTION:
Traceback (most recent call last):
  File "D:\Somethings\ToolTest\gui.py", line 1651, in nativeEvent
    msg = wintypes.MSG.from_address(int(message))
          ^^^^^^^^
NameError: name 'wintypes' is not defined

[14:57:28] [CRITICAL] UNHANDLED GLOBAL EXCEPTION:
Traceback (most recent call last):
  File "D:\Somethings\ToolTest\gui.py", line 1651, in nativeEvent
    msg = wintypes.MSG.from_address(int(message))
          ^^^^^^^^
NameError: name 'wintypes' is not defined

[14:57:28] [CRITICAL] UNHANDLED GLOBAL EXCEPTION:
Traceback (most recent call last):
  File "D:\Somethings\ToolTest\gui.py", line 1651, in nativeEvent
    msg = wintypes.MSG.from_address(int(message))
          ^^^^^^^^
NameError: name 'wintypes' is not defined

[14:57:28] [CRITICAL] UNHANDLED GLOBAL EXCEPTION:
Traceback (most recent call last):
  File "D:\Somethings\ToolTest\gui.py", line 1651, in nativeEvent
    msg = wintypes.MSG.from_address(int(message))
          ^^^^^^^^
NameError: name 'wintypes' is not defined

[14:57:28] [CRITICAL] UNHANDLED GLOBAL EXCEPTION:
Traceback (most recent call last):
  File "D:\Somethings\ToolTest\gui.py", line 1651, in nativeEvent
    msg = wintypes.MSG.from_address(int(message))
          ^^^^^^^^
NameError: name 'wintypes' is not defined

[14:57:28] [CRITICAL] UNHANDLED GLOBAL EXCEPTION:
Traceback (most recent call last):
  File "D:\Somethings\ToolTest\gui.py", line 1651, in nativeEvent
    msg = wintypes.MSG.from_address(int(message))
          ^^^^^^^^
NameError: name 'wintypes' is not defined

[14:57:28] [CRITICAL] UNHANDLED GLOBAL EXCEPTION:
Traceback (most recent call last):
  File "D:\Somethings\ToolTest\gui.py", line 1651, in nativeEvent
    msg = wintypes.MSG.from_address(int(message))
          ^^^^^^^^
NameError: name 'wintypes' is not defined

[14:57:28] [CRITICAL] UNHANDLED GLOBAL EXCEPTION:
Traceback (most recent call last):
  File "D:\Somethings\ToolTest\gui.py", line 1651, in nativeEvent
    msg = wintypes.MSG.from_address(int(message))
          ^^^^^^^^
NameError: name 'wintypes' is not defined

[14:57:28] [CRITICAL] UNHANDLED GLOBAL EXCEPTION:
Traceback (most recent call last):
  File "D:\Somethings\ToolTest\gui.py", line 1651, in nativeEvent
    msg = wintypes.MSG.from_address(int(message))
          ^^^^^^^^
NameError: name 'wintypes' is not defined

[14:57:28] [CRITICAL] UNHANDLED GLOBAL EXCEPTION:
Traceback (most recent call last):
  File "D:\Somethings\ToolTest\gui.py", line 1651, in nativeEvent
    msg = wintypes.MSG.from_address(int(message))
          ^^^^^^^^
NameError: name 'wintypes' is not defined

[14:57:28] [CRITICAL] UNHANDLED GLOBAL EXCEPTION:
Traceback (most recent call last):
  File "D:\Somethings\ToolTest\gui.py", line 1651, in nativeEvent
    msg = wintypes.MSG.from_address(int(message))
          ^^^^^^^^
NameError: name 'wintypes' is not defined

[14:57:28] [CRITICAL] UNHANDLED GLOBAL EXCEPTION:
Traceback (most recent call last):
  File "D:\Somethings\ToolTest\gui.py", line 1651, in nativeEvent
    msg = wintypes.MSG.from_address(int(message))
          ^^^^^^^^
NameError: name 'wintypes' is not defined

[14:57:28] [CRITICAL] UNHANDLED GLOBAL EXCEPTION:
Traceback (most recent call last):
  File "D:\Somethings\ToolTest\gui.py", line 1651, in nativeEvent
    msg = wintypes.MSG.from_address(int(message))
          ^^^^^^^^
NameError: name 'wintypes' is not defined

[14:57:28] [CRITICAL] UNHANDLED GLOBAL EXCEPTION:
Traceback (most recent call last):
  File "D:\Somethings\ToolTest\gui.py", line 1651, in nativeEvent
    msg = wintypes.MSG.from_address(int(message))
          ^^^^^^^^
NameError: name 'wintypes' is not defined

[14:57:28] [CRITICAL] UNHANDLED GLOBAL EXCEPTION:
Traceback (most recent call last):
  File "D:\Somethings\ToolTest\gui.py", line 1651, in nativeEvent
    msg = wintypes.MSG.from_address(int(message))
          ^^^^^^^^
NameError: name 'wintypes' is not defined

[14:57:28] [CRITICAL] UNHANDLED GLOBAL EXCEPTION:
Traceback (most recent call last):
  File "D:\Somethings\ToolTest\gui.py", line 1651, in nativeEvent
    msg = wintypes.MSG.from_address(int(message))
          ^^^^^^^^
NameError: name 'wintypes' is not defined

[14:57:28] [CRITICAL] UNHANDLED GLOBAL EXCEPTION:
Traceback (most recent call last):
  File "D:\Somethings\ToolTest\gui.py", line 1651, in nativeEvent
    msg = wintypes.MSG.from_address(int(message))
          ^^^^^^^^
NameError: name 'wintypes' is not defined

[14:57:28] [CRITICAL] UNHANDLED GLOBAL EXCEPTION:
Traceback (most recent call last):
  File "D:\Somethings\ToolTest\gui.py", line 1651, in nativeEvent
    msg = wintypes.MSG.from_address(int(message))
          ^^^^^^^^
NameError: name 'wintypes' is not defined

[14:57:28] [CRITICAL] UNHANDLED GLOBAL EXCEPTION:
Traceback (most recent call last):
  File "D:\Somethings\ToolTest\gui.py", line 1651, in nativeEvent
    msg = wintypes.MSG.from_address(int(message))
          ^^^^^^^^
NameError: name 'wintypes' is not defined

[14:57:28] [CRITICAL] UNHANDLED GLOBAL EXCEPTION:
Traceback (most recent call last):
  File "D:\Somethings\ToolTest\gui.py", line 1651, in nativeEvent
    msg = wintypes.MSG.from_address(int(message))
          ^^^^^^^^
NameError: name 'wintypes' is not defined

[14:57:28] [CRITICAL] UNHANDLED GLOBAL EXCEPTION:
Traceback (most recent call last):
  File "D:\Somethings\ToolTest\gui.py", line 1651, in nativeEvent
    msg = wintypes.MSG.from_address(int(message))
          ^^^^^^^^
NameError: name 'wintypes' is not defined

[14:57:28] [CRITICAL] UNHANDLED GLOBAL EXCEPTION:
Traceback (most recent call last):
  File "D:\Somethings\ToolTest\gui.py", line 1651, in nativeEvent
    msg = wintypes.MSG.from_address(int(message))
          ^^^^^^^^
NameError: name 'wintypes' is not defined

[14:57:28] [CRITICAL] UNHANDLED GLOBAL EXCEPTION:
Traceback (most recent call last):
  File "D:\Somethings\ToolTest\gui.py", line 1651, in nativeEvent
    msg = wintypes.MSG.from_address(int(message))
          ^^^^^^^^
NameError: name 'wintypes' is not defined

[14:57:28] [CRITICAL] UNHANDLED GLOBAL EXCEPTION:
Traceback (most recent call last):
  File "D:\Somethings\ToolTest\gui.py", line 1651, in nativeEvent
    msg = wintypes.MSG.from_address(int(message))
          ^^^^^^^^
NameError: name 'wintypes' is not defined

[14:57:28] [CRITICAL] UNHANDLED GLOBAL EXCEPTION:
Traceback (most recent call last):
  File "D:\Somethings\ToolTest\gui.py", line 1651, in nativeEvent
    msg = wintypes.MSG.from_address(int(message))
          ^^^^^^^^
NameError: name 'wintypes' is not defined

[14:57:28] [CRITICAL] UNHANDLED GLOBAL EXCEPTION:
Traceback (most recent call last):
  File "D:\Somethings\ToolTest\gui.py", line 1651, in nativeEvent
    msg = wintypes.MSG.from_address(int(message))
          ^^^^^^^^
NameError: name 'wintypes' is not defined

[14:57:28] [CRITICAL] UNHANDLED GLOBAL EXCEPTION:
Traceback (most recent call last):
  File "D:\Somethings\ToolTest\gui.py", line 1651, in nativeEvent
    msg = wintypes.MSG.from_address(int(message))
          ^^^^^^^^
NameError: name 'wintypes' is not defined

[14:57:28] [CRITICAL] UNHANDLED GLOBAL EXCEPTION:
Traceback (most recent call last):
  File "D:\Somethings\ToolTest\gui.py", line 1651, in nativeEvent
    msg = wintypes.MSG.from_address(int(message))
          ^^^^^^^^
NameError: name 'wintypes' is not defined

[14:57:28] [CRITICAL] UNHANDLED GLOBAL EXCEPTION:
Traceback (most recent call last):
  File "D:\Somethings\ToolTest\gui.py", line 1651, in nativeEvent
    msg = wintypes.MSG.from_address(int(message))
          ^^^^^^^^
NameError: name 'wintypes' is not defined

[14:57:28] [CRITICAL] UNHANDLED GLOBAL EXCEPTION:
Traceback (most recent call last):
  File "D:\Somethings\ToolTest\gui.py", line 1651, in nativeEvent
    msg = wintypes.MSG.from_address(int(message))
          ^^^^^^^^
NameError: name 'wintypes' is not defined

[14:57:28] [CRITICAL] UNHANDLED GLOBAL EXCEPTION:
Traceback (most recent call last):
  File "D:\Somethings\ToolTest\gui.py", line 1651, in nativeEvent
    msg = wintypes.MSG.from_address(int(message))
          ^^^^^^^^
NameError: name 'wintypes' is not defined

[14:57:28] [CRITICAL] UNHANDLED GLOBAL EXCEPTION:
Traceback (most recent call last):
  File "D:\Somethings\ToolTest\gui.py", line 1651, in nativeEvent
    msg = wintypes.MSG.from_address(int(message))
          ^^^^^^^^
NameError: name 'wintypes' is not defined

[14:57:28] [CRITICAL] UNHANDLED GLOBAL EXCEPTION:
Traceback (most recent call last):
  File "D:\Somethings\ToolTest\gui.py", line 1651, in nativeEvent
    msg = wintypes.MSG.from_address(int(message))
          ^^^^^^^^
NameError: name 'wintypes' is not defined

[14:57:28] [CRITICAL] UNHANDLED GLOBAL EXCEPTION:
Traceback (most recent call last):
  File "D:\Somethings\ToolTest\gui.py", line 1651, in nativeEvent
    msg = wintypes.MSG.from_address(int(message))
          ^^^^^^^^
NameError: name 'wintypes' is not defined

[14:57:28] [CRITICAL] UNHANDLED GLOBAL EXCEPTION:
Traceback (most recent call last):
  File "D:\Somethings\ToolTest\gui.py", line 1651, in nativeEvent
    msg = wintypes.MSG.from_address(int(message))
          ^^^^^^^^
NameError: name 'wintypes' is not defined

[14:57:29] [CRITICAL] UNHANDLED GLOBAL EXCEPTION:
Traceback (most recent call last):
  File "D:\Somethings\ToolTest\gui.py", line 1651, in nativeEvent
    msg = wintypes.MSG.from_address(int(message))
          ^^^^^^^^
NameError: name 'wintypes' is not defined

[14:57:29] [CRITICAL] UNHANDLED GLOBAL EXCEPTION:
Traceback (most recent call last):
  File "D:\Somethings\ToolTest\gui.py", line 1651, in nativeEvent
    msg = wintypes.MSG.from_address(int(message))
          ^^^^^^^^
NameError: name 'wintypes' is not defined

[14:57:29] [CRITICAL] UNHANDLED GLOBAL EXCEPTION:
Traceback (most recent call last):
  File "D:\Somethings\ToolTest\gui.py", line 1651, in nativeEvent
    msg = wintypes.MSG.from_address(int(message))
          ^^^^^^^^
NameError: name 'wintypes' is not defined

[14:57:29] [CRITICAL] UNHANDLED GLOBAL EXCEPTION:
Traceback (most recent call last):
  File "D:\Somethings\ToolTest\gui.py", line 1651, in nativeEvent
    msg = wintypes.MSG.from_address(int(message))
          ^^^^^^^^
NameError: name 'wintypes' is not defined

[14:57:29] [CRITICAL] UNHANDLED GLOBAL EXCEPTION:
Traceback (most recent call last):
  File "D:\Somethings\ToolTest\gui.py", line 1651, in nativeEvent
    msg = wintypes.MSG.from_address(int(message))
          ^^^^^^^^
NameError: name 'wintypes' is not defined

[14:57:29] [CRITICAL] UNHANDLED GLOBAL EXCEPTION:
Traceback (most recent call last):
  File "D:\Somethings\ToolTest\gui.py", line 1651, in nativeEvent
    msg = wintypes.MSG.from_address(int(message))
          ^^^^^^^^
NameError: name 'wintypes' is not defined

[14:57:29] [CRITICAL] UNHANDLED GLOBAL EXCEPTION:
Traceback (most recent call last):
  File "D:\Somethings\ToolTest\gui.py", line 1651, in nativeEvent
    msg = wintypes.MSG.from_address(int(message))
          ^^^^^^^^
NameError: name 'wintypes' is not defined

[14:57:29] [CRITICAL] UNHANDLED GLOBAL EXCEPTION:
Traceback (most recent call last):
  File "D:\Somethings\ToolTest\gui.py", line 1651, in nativeEvent
    msg = wintypes.MSG.from_address(int(message))
          ^^^^^^^^
NameError: name 'wintypes' is not defined

[14:57:29] [CRITICAL] UNHANDLED GLOBAL EXCEPTION:
Traceback (most recent call last):
  File "D:\Somethings\ToolTest\gui.py", line 1651, in nativeEvent
    msg = wintypes.MSG.from_address(int(message))
          ^^^^^^^^
NameError: name 'wintypes' is not defined

[14:57:29] [CRITICAL] UNHANDLED GLOBAL EXCEPTION:
Traceback (most recent call last):
  File "D:\Somethings\ToolTest\gui.py", line 1651, in nativeEvent
    msg = wintypes.MSG.from_address(int(message))
          ^^^^^^^^
NameError: name 'wintypes' is not defined

[14:57:29] [CRITICAL] UNHANDLED GLOBAL EXCEPTION:
Traceback (most recent call last):
  File "D:\Somethings\ToolTest\gui.py", line 1651, in nativeEvent
    msg = wintypes.MSG.from_address(int(message))
          ^^^^^^^^
NameError: name 'wintypes' is not defined

[14:57:29] [CRITICAL] UNHANDLED GLOBAL EXCEPTION:
Traceback (most recent call last):
  File "D:\Somethings\ToolTest\gui.py", line 1651, in nativeEvent
    msg = wintypes.MSG.from_address(int(message))
          ^^^^^^^^
NameError: name 'wintypes' is not defined

[14:57:29] [CRITICAL] UNHANDLED GLOBAL EXCEPTION:
Traceback (most recent call last):
  File "D:\Somethings\ToolTest\gui.py", line 1651, in nativeEvent
    msg = wintypes.MSG.from_address(int(message))
          ^^^^^^^^
NameError: name 'wintypes' is not defined

[14:57:29] [CRITICAL] UNHANDLED GLOBAL EXCEPTION:
Traceback (most recent call last):
  File "D:\Somethings\ToolTest\gui.py", line 1651, in nativeEvent
    msg = wintypes.MSG.from_address(int(message))
          ^^^^^^^^
NameError: name 'wintypes' is not defined

[14:57:29] [CRITICAL] UNHANDLED GLOBAL EXCEPTION:
Traceback (most recent call last):
  File "D:\Somethings\ToolTest\gui.py", line 1651, in nativeEvent
    msg = wintypes.MSG.from_address(int(message))
          ^^^^^^^^
NameError: name 'wintypes' is not defined

[14:57:29] [CRITICAL] UNHANDLED GLOBAL EXCEPTION:
Traceback (most recent call last):
  File "D:\Somethings\ToolTest\gui.py", line 1651, in nativeEvent
    msg = wintypes.MSG.from_address(int(message))
          ^^^^^^^^
NameError: name 'wintypes' is not defined

[14:57:29] [CRITICAL] UNHANDLED GLOBAL EXCEPTION:
Traceback (most recent call last):
  File "D:\Somethings\ToolTest\gui.py", line 1651, in nativeEvent
    msg = wintypes.MSG.from_address(int(message))
          ^^^^^^^^
NameError: name 'wintypes' is not defined

[14:57:29] [CRITICAL] UNHANDLED GLOBAL EXCEPTION:
Traceback (most recent call last):
  File "D:\Somethings\ToolTest\gui.py", line 1651, in nativeEvent
    msg = wintypes.MSG.from_address(int(message))
          ^^^^^^^^
NameError: name 'wintypes' is not defined

[14:57:29] [CRITICAL] UNHANDLED GLOBAL EXCEPTION:
Traceback (most recent call last):
  File "D:\Somethings\ToolTest\gui.py", line 1651, in nativeEvent
    msg = wintypes.MSG.from_address(int(message))
          ^^^^^^^^
NameError: name 'wintypes' is not defined

[14:57:29] [CRITICAL] UNHANDLED GLOBAL EXCEPTION:
Traceback (most recent call last):
  File "D:\Somethings\ToolTest\gui.py", line 1651, in nativeEvent
    msg = wintypes.MSG.from_address(int(message))
          ^^^^^^^^
NameError: name 'wintypes' is not defined

[14:57:29] [CRITICAL] UNHANDLED GLOBAL EXCEPTION:
Traceback (most recent call last):
  File "D:\Somethings\ToolTest\gui.py", line 1651, in nativeEvent
    msg = wintypes.MSG.from_address(int(message))
          ^^^^^^^^
NameError: name 'wintypes' is not defined

[14:57:29] [CRITICAL] UNHANDLED GLOBAL EXCEPTION:
Traceback (most recent call last):
  File "D:\Somethings\ToolTest\gui.py", line 1651, in nativeEvent
    msg = wintypes.MSG.from_address(int(message))
          ^^^^^^^^
NameError: name 'wintypes' is not defined

[14:57:29] [CRITICAL] UNHANDLED GLOBAL EXCEPTION:
Traceback (most recent call last):
  File "D:\Somethings\ToolTest\gui.py", line 1651, in nativeEvent
    msg = wintypes.MSG.from_address(int(message))
          ^^^^^^^^
NameError: name 'wintypes' is not defined

[14:57:29] [CRITICAL] UNHANDLED GLOBAL EXCEPTION:
Traceback (most recent call last):
  File "D:\Somethings\ToolTest\gui.py", line 1651, in nativeEvent
    msg = wintypes.MSG.from_address(int(message))
          ^^^^^^^^
NameError: name 'wintypes' is not defined

[14:57:29] [CRITICAL] UNHANDLED GLOBAL EXCEPTION:
Traceback (most recent call last):
  File "D:\Somethings\ToolTest\gui.py", line 1651, in nativeEvent
    msg = wintypes.MSG.from_address(int(message))
          ^^^^^^^^
NameError: name 'wintypes' is not defined

[14:57:29] [CRITICAL] UNHANDLED GLOBAL EXCEPTION:
Traceback (most recent call last):
  File "D:\Somethings\ToolTest\gui.py", line 1651, in nativeEvent
    msg = wintypes.MSG.from_address(int(message))
          ^^^^^^^^
NameError: name 'wintypes' is not defined

[14:57:29] [CRITICAL] UNHANDLED GLOBAL EXCEPTION:
Traceback (most recent call last):
  File "D:\Somethings\ToolTest\gui.py", line 1651, in nativeEvent
    msg = wintypes.MSG.from_address(int(message))
          ^^^^^^^^
NameError: name 'wintypes' is not defined

[14:57:29] [CRITICAL] UNHANDLED GLOBAL EXCEPTION:
Traceback (most recent call last):
  File "D:\Somethings\ToolTest\gui.py", line 1651, in nativeEvent
    msg = wintypes.MSG.from_address(int(message))
          ^^^^^^^^
NameError: name 'wintypes' is not defined

[14:57:29] [CRITICAL] UNHANDLED GLOBAL EXCEPTION:
Traceback (most recent call last):
  File "D:\Somethings\ToolTest\gui.py", line 1651, in nativeEvent
    msg = wintypes.MSG.from_address(int(message))
          ^^^^^^^^
NameError: name 'wintypes' is not defined

[14:57:29] [CRITICAL] UNHANDLED GLOBAL EXCEPTION:
Traceback (most recent call last):
  File "D:\Somethings\ToolTest\gui.py", line 1651, in nativeEvent
    msg = wintypes.MSG.from_address(int(message))
          ^^^^^^^^
NameError: name 'wintypes' is not defined

[14:57:29] [CRITICAL] UNHANDLED GLOBAL EXCEPTION:
Traceback (most recent call last):
  File "D:\Somethings\ToolTest\gui.py", line 1651, in nativeEvent
    msg = wintypes.MSG.from_address(int(message))
          ^^^^^^^^
NameError: name 'wintypes' is not defined

[14:57:29] [CRITICAL] UNHANDLED GLOBAL EXCEPTION:
Traceback (most recent call last):
  File "D:\Somethings\ToolTest\gui.py", line 1651, in nativeEvent
    msg = wintypes.MSG.from_address(int(message))
          ^^^^^^^^
NameError: name 'wintypes' is not defined

[14:57:29] [CRITICAL] UNHANDLED GLOBAL EXCEPTION:
Traceback (most recent call last):
  File "D:\Somethings\ToolTest\gui.py", line 1651, in nativeEvent
    msg = wintypes.MSG.from_address(int(message))
          ^^^^^^^^
NameError: name 'wintypes' is not defined

[14:57:29] [CRITICAL] UNHANDLED GLOBAL EXCEPTION:
Traceback (most recent call last):
  File "D:\Somethings\ToolTest\gui.py", line 1651, in nativeEvent
    msg = wintypes.MSG.from_address(int(message))
          ^^^^^^^^
NameError: name 'wintypes' is not defined

[14:57:29] [CRITICAL] UNHANDLED GLOBAL EXCEPTION:
Traceback (most recent call last):
  File "D:\Somethings\ToolTest\gui.py", line 1651, in nativeEvent
    msg = wintypes.MSG.from_address(int(message))
          ^^^^^^^^
NameError: name 'wintypes' is not defined

[14:57:29] [CRITICAL] UNHANDLED GLOBAL EXCEPTION:
Traceback (most recent call last):
  File "D:\Somethings\ToolTest\gui.py", line 1651, in nativeEvent
    msg = wintypes.MSG.from_address(int(message))
          ^^^^^^^^
NameError: name 'wintypes' is not defined

[14:57:29] [CRITICAL] UNHANDLED GLOBAL EXCEPTION:
Traceback (most recent call last):
  File "D:\Somethings\ToolTest\gui.py", line 1651, in nativeEvent
    msg = wintypes.MSG.from_address(int(message))
          ^^^^^^^^
NameError: name 'wintypes' is not defined

[14:57:29] [CRITICAL] UNHANDLED GLOBAL EXCEPTION:
Traceback (most recent call last):
  File "D:\Somethings\ToolTest\gui.py", line 1651, in nativeEvent
    msg = wintypes.MSG.from_address(int(message))
          ^^^^^^^^
NameError: name 'wintypes' is not defined

[14:57:29] [CRITICAL] UNHANDLED GLOBAL EXCEPTION:
Traceback (most recent call last):
  File "D:\Somethings\ToolTest\gui.py", line 1651, in nativeEvent
    msg = wintypes.MSG.from_address(int(message))
          ^^^^^^^^
NameError: name 'wintypes' is not defined

[14:57:29] [CRITICAL] UNHANDLED GLOBAL EXCEPTION:
Traceback (most recent call last):
  File "D:\Somethings\ToolTest\gui.py", line 1651, in nativeEvent
    msg = wintypes.MSG.from_address(int(message))
          ^^^^^^^^
NameError: name 'wintypes' is not defined

[14:57:29] [CRITICAL] UNHANDLED GLOBAL EXCEPTION:
Traceback (most recent call last):
  File "D:\Somethings\ToolTest\gui.py", line 1651, in nativeEvent
    msg = wintypes.MSG.from_address(int(message))
          ^^^^^^^^
NameError: name 'wintypes' is not defined

[14:57:29] [CRITICAL] UNHANDLED GLOBAL EXCEPTION:
Traceback (most recent call last):
  File "D:\Somethings\ToolTest\gui.py", line 1651, in nativeEvent
    msg = wintypes.MSG.from_address(int(message))
          ^^^^^^^^
NameError: name 'wintypes' is not defined

[14:57:29] [CRITICAL] UNHANDLED GLOBAL EXCEPTION:
Traceback (most recent call last):
  File "D:\Somethings\ToolTest\gui.py", line 1651, in nativeEvent
    msg = wintypes.MSG.from_address(int(message))
          ^^^^^^^^
NameError: name 'wintypes' is not defined

[14:57:29] [CRITICAL] UNHANDLED GLOBAL EXCEPTION:
Traceback (most recent call last):
  File "D:\Somethings\ToolTest\gui.py", line 1651, in nativeEvent
    msg = wintypes.MSG.from_address(int(message))
          ^^^^^^^^
NameError: name 'wintypes' is not defined

[14:57:29] [CRITICAL] UNHANDLED GLOBAL EXCEPTION:
Traceback (most recent call last):
  File "D:\Somethings\ToolTest\gui.py", line 1651, in nativeEvent
    msg = wintypes.MSG.from_address(int(message))
          ^^^^^^^^
NameError: name 'wintypes' is not defined

[14:57:29] [CRITICAL] UNHANDLED GLOBAL EXCEPTION:
Traceback (most recent call last):
  File "D:\Somethings\ToolTest\gui.py", line 1651, in nativeEvent
    msg = wintypes.MSG.from_address(int(message))
          ^^^^^^^^
NameError: name 'wintypes' is not defined

[14:57:29] [CRITICAL] UNHANDLED GLOBAL EXCEPTION:
Traceback (most recent call last):
  File "D:\Somethings\ToolTest\gui.py", line 1651, in nativeEvent
    msg = wintypes.MSG.from_address(int(message))
          ^^^^^^^^
NameError: name 'wintypes' is not defined

[14:57:29] [CRITICAL] UNHANDLED GLOBAL EXCEPTION:
Traceback (most recent call last):
  File "D:\Somethings\ToolTest\gui.py", line 1651, in nativeEvent
    msg = wintypes.MSG.from_address(int(message))
          ^^^^^^^^
NameError: name 'wintypes' is not defined

[14:57:29] [CRITICAL] UNHANDLED GLOBAL EXCEPTION:
Traceback (most recent call last):
  File "D:\Somethings\ToolTest\gui.py", line 1651, in nativeEvent
    msg = wintypes.MSG.from_address(int(message))
          ^^^^^^^^
NameError: name 'wintypes' is not defined

[14:57:29] [CRITICAL] UNHANDLED GLOBAL EXCEPTION:
Traceback (most recent call last):
  File "D:\Somethings\ToolTest\gui.py", line 1651, in nativeEvent
    msg = wintypes.MSG.from_address(int(message))
          ^^^^^^^^
NameError: name 'wintypes' is not defined

[14:57:29] [CRITICAL] UNHANDLED GLOBAL EXCEPTION:
Traceback (most recent call last):
  File "D:\Somethings\ToolTest\gui.py", line 1651, in nativeEvent
    msg = wintypes.MSG.from_address(int(message))
          ^^^^^^^^
NameError: name 'wintypes' is not defined

[14:57:29] [CRITICAL] UNHANDLED GLOBAL EXCEPTION:
Traceback (most recent call last):
  File "D:\Somethings\ToolTest\gui.py", line 1651, in nativeEvent
    msg = wintypes.MSG.from_address(int(message))
          ^^^^^^^^
NameError: name 'wintypes' is not defined

[14:57:29] [CRITICAL] UNHANDLED GLOBAL EXCEPTION:
Traceback (most recent call last):
  File "D:\Somethings\ToolTest\gui.py", line 1651, in nativeEvent
    msg = wintypes.MSG.from_address(int(message))
          ^^^^^^^^
NameError: name 'wintypes' is not defined

[14:57:29] [CRITICAL] UNHANDLED GLOBAL EXCEPTION:
Traceback (most recent call last):
  File "D:\Somethings\ToolTest\gui.py", line 1651, in nativeEvent
    msg = wintypes.MSG.from_address(int(message))
          ^^^^^^^^
NameError: name 'wintypes' is not defined

[14:57:29] [CRITICAL] UNHANDLED GLOBAL EXCEPTION:
Traceback (most recent call last):
  File "D:\Somethings\ToolTest\gui.py", line 1651, in nativeEvent
    msg = wintypes.MSG.from_address(int(message))
          ^^^^^^^^
NameError: name 'wintypes' is not defined

[14:57:29] [CRITICAL] UNHANDLED GLOBAL EXCEPTION:
Traceback (most recent call last):
  File "D:\Somethings\ToolTest\gui.py", line 1651, in nativeEvent
    msg = wintypes.MSG.from_address(int(message))
          ^^^^^^^^
NameError: name 'wintypes' is not defined

[14:57:29] [CRITICAL] UNHANDLED GLOBAL EXCEPTION:
Traceback (most recent call last):
  File "D:\Somethings\ToolTest\gui.py", line 1651, in nativeEvent
    msg = wintypes.MSG.from_address(int(message))
          ^^^^^^^^
NameError: name 'wintypes' is not defined

[14:57:29] [CRITICAL] UNHANDLED GLOBAL EXCEPTION:
Traceback (most recent call last):
  File "D:\Somethings\ToolTest\gui.py", line 1651, in nativeEvent
    msg = wintypes.MSG.from_address(int(message))
          ^^^^^^^^
NameError: name 'wintypes' is not defined

[14:57:29] [CRITICAL] UNHANDLED GLOBAL EXCEPTION:
Traceback (most recent call last):
  File "D:\Somethings\ToolTest\gui.py", line 1651, in nativeEvent
    msg = wintypes.MSG.from_address(int(message))
          ^^^^^^^^
NameError: name 'wintypes' is not defined

[14:57:29] [CRITICAL] UNHANDLED GLOBAL EXCEPTION:
Traceback (most recent call last):
  File "D:\Somethings\ToolTest\gui.py", line 1651, in nativeEvent
    msg = wintypes.MSG.from_address(int(message))
          ^^^^^^^^
NameError: name 'wintypes' is not defined

[14:57:29] [CRITICAL] UNHANDLED GLOBAL EXCEPTION:
Traceback (most recent call last):
  File "D:\Somethings\ToolTest\gui.py", line 1651, in nativeEvent
    msg = wintypes.MSG.from_address(int(message))
          ^^^^^^^^
NameError: name 'wintypes' is not defined

[14:57:29] [CRITICAL] UNHANDLED GLOBAL EXCEPTION:
Traceback (most recent call last):
  File "D:\Somethings\ToolTest\gui.py", line 1651, in nativeEvent
    msg = wintypes.MSG.from_address(int(message))
          ^^^^^^^^
NameError: name 'wintypes' is not defined

[14:57:29] [CRITICAL] UNHANDLED GLOBAL EXCEPTION:
Traceback (most recent call last):
  File "D:\Somethings\ToolTest\gui.py", line 1651, in nativeEvent
    msg = wintypes.MSG.from_address(int(message))
          ^^^^^^^^
NameError: name 'wintypes' is not defined

[14:57:29] [CRITICAL] UNHANDLED GLOBAL EXCEPTION:
Traceback (most recent call last):
  File "D:\Somethings\ToolTest\gui.py", line 1651, in nativeEvent
    msg = wintypes.MSG.from_address(int(message))
          ^^^^^^^^
NameError: name 'wintypes' is not defined

[14:57:29] [CRITICAL] UNHANDLED GLOBAL EXCEPTION:
Traceback (most recent call last):
  File "D:\Somethings\ToolTest\gui.py", line 1651, in nativeEvent
    msg = wintypes.MSG.from_address(int(message))
          ^^^^^^^^
NameError: name 'wintypes' is not defined

[14:57:29] [CRITICAL] UNHANDLED GLOBAL EXCEPTION:
Traceback (most recent call last):
  File "D:\Somethings\ToolTest\gui.py", line 1651, in nativeEvent
    msg = wintypes.MSG.from_address(int(message))
          ^^^^^^^^
NameError: name 'wintypes' is not defined

[14:57:29] [CRITICAL] UNHANDLED GLOBAL EXCEPTION:
Traceback (most recent call last):
  File "D:\Somethings\ToolTest\gui.py", line 1651, in nativeEvent
    msg = wintypes.MSG.from_address(int(message))
          ^^^^^^^^
NameError: name 'wintypes' is not defined

[14:57:29] [CRITICAL] UNHANDLED GLOBAL EXCEPTION:
Traceback (most recent call last):
  File "D:\Somethings\ToolTest\gui.py", line 1651, in nativeEvent
    msg = wintypes.MSG.from_address(int(message))
          ^^^^^^^^
NameError: name 'wintypes' is not defined

[14:57:29] [CRITICAL] UNHANDLED GLOBAL EXCEPTION:
Traceback (most recent call last):
  File "D:\Somethings\ToolTest\gui.py", line 1651, in nativeEvent
    msg = wintypes.MSG.from_address(int(message))
          ^^^^^^^^
NameError: name 'wintypes' is not defined

[14:57:29] [CRITICAL] UNHANDLED GLOBAL EXCEPTION:
Traceback (most recent call last):
  File "D:\Somethings\ToolTest\gui.py", line 1651, in nativeEvent
    msg = wintypes.MSG.from_address(int(message))
          ^^^^^^^^
NameError: name 'wintypes' is not defined

[14:57:29] [CRITICAL] UNHANDLED GLOBAL EXCEPTION:
Traceback (most recent call last):
  File "D:\Somethings\ToolTest\gui.py", line 1651, in nativeEvent
    msg = wintypes.MSG.from_address(int(message))
          ^^^^^^^^
NameError: name 'wintypes' is not defined

[14:57:29] [CRITICAL] UNHANDLED GLOBAL EXCEPTION:
Traceback (most recent call last):
  File "D:\Somethings\ToolTest\gui.py", line 1651, in nativeEvent
    msg = wintypes.MSG.from_address(int(message))
          ^^^^^^^^
NameError: name 'wintypes' is not defined

[14:57:29] [CRITICAL] UNHANDLED GLOBAL EXCEPTION:
Traceback (most recent call last):
  File "D:\Somethings\ToolTest\gui.py", line 1651, in nativeEvent
    msg = wintypes.MSG.from_address(int(message))
          ^^^^^^^^
NameError: name 'wintypes' is not defined

[14:57:29] [CRITICAL] UNHANDLED GLOBAL EXCEPTION:
Traceback (most recent call last):
  File "D:\Somethings\ToolTest\gui.py", line 1651, in nativeEvent
    msg = wintypes.MSG.from_address(int(message))
          ^^^^^^^^
NameError: name 'wintypes' is not defined

[14:57:29] [CRITICAL] UNHANDLED GLOBAL EXCEPTION:
Traceback (most recent call last):
  File "D:\Somethings\ToolTest\gui.py", line 1651, in nativeEvent
    msg = wintypes.MSG.from_address(int(message))
          ^^^^^^^^
NameError: name 'wintypes' is not defined

[14:57:29] [CRITICAL] UNHANDLED GLOBAL EXCEPTION:
Traceback (most recent call last):
  File "D:\Somethings\ToolTest\gui.py", line 1651, in nativeEvent
    msg = wintypes.MSG.from_address(int(message))
          ^^^^^^^^
NameError: name 'wintypes' is not defined

[14:57:29] [CRITICAL] UNHANDLED GLOBAL EXCEPTION:
Traceback (most recent call last):
  File "D:\Somethings\ToolTest\gui.py", line 1651, in nativeEvent
    msg = wintypes.MSG.from_address(int(message))
          ^^^^^^^^
NameError: name 'wintypes' is not defined

[14:57:29] [CRITICAL] UNHANDLED GLOBAL EXCEPTION:
Traceback (most recent call last):
  File "D:\Somethings\ToolTest\gui.py", line 1651, in nativeEvent
    msg = wintypes.MSG.from_address(int(message))
          ^^^^^^^^
NameError: name 'wintypes' is not defined

[14:57:29] [CRITICAL] UNHANDLED GLOBAL EXCEPTION:
Traceback (most recent call last):
  File "D:\Somethings\ToolTest\gui.py", line 1651, in nativeEvent
    msg = wintypes.MSG.from_address(int(message))
          ^^^^^^^^
NameError: name 'wintypes' is not defined

[14:57:29] [CRITICAL] UNHANDLED GLOBAL EXCEPTION:
Traceback (most recent call last):
  File "D:\Somethings\ToolTest\gui.py", line 1651, in nativeEvent
    msg = wintypes.MSG.from_address(int(message))
          ^^^^^^^^
NameError: name 'wintypes' is not defined

[14:57:29] [CRITICAL] UNHANDLED GLOBAL EXCEPTION:
Traceback (most recent call last):
  File "D:\Somethings\ToolTest\gui.py", line 1651, in nativeEvent
    msg = wintypes.MSG.from_address(int(message))
          ^^^^^^^^
NameError: name 'wintypes' is not defined

[14:57:29] [CRITICAL] UNHANDLED GLOBAL EXCEPTION:
Traceback (most recent call last):
  File "D:\Somethings\ToolTest\gui.py", line 1651, in nativeEvent
    msg = wintypes.MSG.from_address(int(message))
          ^^^^^^^^
NameError: name 'wintypes' is not defined

[14:57:29] [CRITICAL] UNHANDLED GLOBAL EXCEPTION:
Traceback (most recent call last):
  File "D:\Somethings\ToolTest\gui.py", line 1651, in nativeEvent
    msg = wintypes.MSG.from_address(int(message))
          ^^^^^^^^
NameError: name 'wintypes' is not defined

[14:57:29] [CRITICAL] UNHANDLED GLOBAL EXCEPTION:
Traceback (most recent call last):
  File "D:\Somethings\ToolTest\gui.py", line 1651, in nativeEvent
    msg = wintypes.MSG.from_address(int(message))
          ^^^^^^^^
NameError: name 'wintypes' is not defined

[14:57:29] [CRITICAL] UNHANDLED GLOBAL EXCEPTION:
Traceback (most recent call last):
  File "D:\Somethings\ToolTest\gui.py", line 1651, in nativeEvent
    msg = wintypes.MSG.from_address(int(message))
          ^^^^^^^^
NameError: name 'wintypes' is not defined

[14:57:29] [CRITICAL] UNHANDLED GLOBAL EXCEPTION:
Traceback (most recent call last):
  File "D:\Somethings\ToolTest\gui.py", line 1651, in nativeEvent
    msg = wintypes.MSG.from_address(int(message))
          ^^^^^^^^
NameError: name 'wintypes' is not defined

[14:57:29] [CRITICAL] UNHANDLED GLOBAL EXCEPTION:
Traceback (most recent call last):
  File "D:\Somethings\ToolTest\gui.py", line 1651, in nativeEvent
    msg = wintypes.MSG.from_address(int(message))
          ^^^^^^^^
NameError: name 'wintypes' is not defined

[14:57:29] [CRITICAL] UNHANDLED GLOBAL EXCEPTION:
Traceback (most recent call last):
  File "D:\Somethings\ToolTest\gui.py", line 1651, in nativeEvent
    msg = wintypes.MSG.from_address(int(message))
          ^^^^^^^^
NameError: name 'wintypes' is not defined

[14:57:29] [CRITICAL] UNHANDLED GLOBAL EXCEPTION:
Traceback (most recent call last):
  File "D:\Somethings\ToolTest\gui.py", line 1651, in nativeEvent
    msg = wintypes.MSG.from_address(int(message))
          ^^^^^^^^
NameError: name 'wintypes' is not defined

[14:57:29] [CRITICAL] UNHANDLED GLOBAL EXCEPTION:
Traceback (most recent call last):
  File "D:\Somethings\ToolTest\gui.py", line 1651, in nativeEvent
    msg = wintypes.MSG.from_address(int(message))
          ^^^^^^^^
NameError: name 'wintypes' is not defined

[14:57:29] [CRITICAL] UNHANDLED GLOBAL EXCEPTION:
Traceback (most recent call last):
  File "D:\Somethings\ToolTest\gui.py", line 1651, in nativeEvent
    msg = wintypes.MSG.from_address(int(message))
          ^^^^^^^^
NameError: name 'wintypes' is not defined

[14:57:29] [CRITICAL] UNHANDLED GLOBAL EXCEPTION:
Traceback (most recent call last):
  File "D:\Somethings\ToolTest\gui.py", line 1651, in nativeEvent
    msg = wintypes.MSG.from_address(int(message))
          ^^^^^^^^
NameError: name 'wintypes' is not defined

[14:57:29] [CRITICAL] UNHANDLED GLOBAL EXCEPTION:
Traceback (most recent call last):
  File "D:\Somethings\ToolTest\gui.py", line 1651, in nativeEvent
    msg = wintypes.MSG.from_address(int(message))
          ^^^^^^^^
NameError: name 'wintypes' is not defined

[14:57:29] [CRITICAL] UNHANDLED GLOBAL EXCEPTION:
Traceback (most recent call last):
  File "D:\Somethings\ToolTest\gui.py", line 1651, in nativeEvent
    msg = wintypes.MSG.from_address(int(message))
          ^^^^^^^^
NameError: name 'wintypes' is not defined

[14:57:29] [CRITICAL] UNHANDLED GLOBAL EXCEPTION:
Traceback (most recent call last):
  File "D:\Somethings\ToolTest\gui.py", line 1651, in nativeEvent
    msg = wintypes.MSG.from_address(int(message))
          ^^^^^^^^
NameError: name 'wintypes' is not defined

[14:57:30] [CRITICAL] UNHANDLED GLOBAL EXCEPTION:
Traceback (most recent call last):
  File "D:\Somethings\ToolTest\gui.py", line 1651, in nativeEvent
    msg = wintypes.MSG.from_address(int(message))
          ^^^^^^^^
NameError: name 'wintypes' is not defined

[14:57:30] [CRITICAL] UNHANDLED GLOBAL EXCEPTION:
Traceback (most recent call last):
  File "D:\Somethings\ToolTest\gui.py", line 1651, in nativeEvent
    msg = wintypes.MSG.from_address(int(message))
          ^^^^^^^^
NameError: name 'wintypes' is not defined

[14:57:30] [CRITICAL] UNHANDLED GLOBAL EXCEPTION:
Traceback (most recent call last):
  File "D:\Somethings\ToolTest\gui.py", line 1651, in nativeEvent
    msg = wintypes.MSG.from_address(int(message))
          ^^^^^^^^
NameError: name 'wintypes' is not defined

[14:57:30] [CRITICAL] UNHANDLED GLOBAL EXCEPTION:
Traceback (most recent call last):
  File "D:\Somethings\ToolTest\gui.py", line 1651, in nativeEvent
    msg = wintypes.MSG.from_address(int(message))
          ^^^^^^^^
NameError: name 'wintypes' is not defined

[14:57:30] [CRITICAL] UNHANDLED GLOBAL EXCEPTION:
Traceback (most recent call last):
  File "D:\Somethings\ToolTest\gui.py", line 1651, in nativeEvent
    msg = wintypes.MSG.from_address(int(message))
          ^^^^^^^^
NameError: name 'wintypes' is not defined

[14:57:30] [CRITICAL] UNHANDLED GLOBAL EXCEPTION:
Traceback (most recent call last):
  File "D:\Somethings\ToolTest\gui.py", line 1651, in nativeEvent
    msg = wintypes.MSG.from_address(int(message))
          ^^^^^^^^
NameError: name 'wintypes' is not defined

[14:57:30] [CRITICAL] UNHANDLED GLOBAL EXCEPTION:
Traceback (most recent call last):
  File "D:\Somethings\ToolTest\gui.py", line 1651, in nativeEvent
    msg = wintypes.MSG.from_address(int(message))
          ^^^^^^^^
NameError: name 'wintypes' is not defined

[14:57:30] [CRITICAL] UNHANDLED GLOBAL EXCEPTION:
Traceback (most recent call last):
  File "D:\Somethings\ToolTest\gui.py", line 1651, in nativeEvent
    msg = wintypes.MSG.from_address(int(message))
          ^^^^^^^^
NameError: name 'wintypes' is not defined

[14:57:30] [CRITICAL] UNHANDLED GLOBAL EXCEPTION:
Traceback (most recent call last):
  File "D:\Somethings\ToolTest\gui.py", line 1651, in nativeEvent
    msg = wintypes.MSG.from_address(int(message))
          ^^^^^^^^
NameError: name 'wintypes' is not defined

[14:57:30] [CRITICAL] UNHANDLED GLOBAL EXCEPTION:
Traceback (most recent call last):
  File "D:\Somethings\ToolTest\gui.py", line 1651, in nativeEvent
    msg = wintypes.MSG.from_address(int(message))
          ^^^^^^^^
NameError: name 'wintypes' is not defined

[14:57:30] [CRITICAL] UNHANDLED GLOBAL EXCEPTION:
Traceback (most recent call last):
  File "D:\Somethings\ToolTest\gui.py", line 1651, in nativeEvent
    msg = wintypes.MSG.from_address(int(message))
          ^^^^^^^^
NameError: name 'wintypes' is not defined

[14:57:30] [CRITICAL] UNHANDLED GLOBAL EXCEPTION:
Traceback (most recent call last):
  File "D:\Somethings\ToolTest\gui.py", line 1651, in nativeEvent
    msg = wintypes.MSG.from_address(int(message))
          ^^^^^^^^
NameError: name 'wintypes' is not defined

[14:57:30] [CRITICAL] UNHANDLED GLOBAL EXCEPTION:
Traceback (most recent call last):
  File "D:\Somethings\ToolTest\gui.py", line 1651, in nativeEvent
    msg = wintypes.MSG.from_address(int(message))
          ^^^^^^^^
NameError: name 'wintypes' is not defined

[14:57:30] [CRITICAL] UNHANDLED GLOBAL EXCEPTION:
Traceback (most recent call last):
  File "D:\Somethings\ToolTest\gui.py", line 1651, in nativeEvent
    msg = wintypes.MSG.from_address(int(message))
          ^^^^^^^^
NameError: name 'wintypes' is not defined

[14:57:30] [CRITICAL] UNHANDLED GLOBAL EXCEPTION:
Traceback (most recent call last):
  File "D:\Somethings\ToolTest\gui.py", line 1651, in nativeEvent
    msg = wintypes.MSG.from_address(int(message))
          ^^^^^^^^
NameError: name 'wintypes' is not defined

[14:57:30] [CRITICAL] UNHANDLED GLOBAL EXCEPTION:
Traceback (most recent call last):
  File "D:\Somethings\ToolTest\gui.py", line 1651, in nativeEvent
    msg = wintypes.MSG.from_address(int(message))
          ^^^^^^^^
NameError: name 'wintypes' is not defined

[14:57:30] [CRITICAL] UNHANDLED GLOBAL EXCEPTION:
Traceback (most recent call last):
  File "D:\Somethings\ToolTest\gui.py", line 1651, in nativeEvent
    msg = wintypes.MSG.from_address(int(message))
          ^^^^^^^^
NameError: name 'wintypes' is not defined

[14:57:30] [CRITICAL] UNHANDLED GLOBAL EXCEPTION:
Traceback (most recent call last):
  File "D:\Somethings\ToolTest\gui.py", line 1651, in nativeEvent
    msg = wintypes.MSG.from_address(int(message))
          ^^^^^^^^
NameError: name 'wintypes' is not defined

[14:57:30] [CRITICAL] UNHANDLED GLOBAL EXCEPTION:
Traceback (most recent call last):
  File "D:\Somethings\ToolTest\gui.py", line 1651, in nativeEvent
    msg = wintypes.MSG.from_address(int(message))
          ^^^^^^^^
NameError: name 'wintypes' is not defined

[14:57:30] [CRITICAL] UNHANDLED GLOBAL EXCEPTION:
Traceback (most recent call last):
  File "D:\Somethings\ToolTest\gui.py", line 1651, in nativeEvent
    msg = wintypes.MSG.from_address(int(message))
          ^^^^^^^^
NameError: name 'wintypes' is not defined

[14:57:30] [CRITICAL] UNHANDLED GLOBAL EXCEPTION:
Traceback (most recent call last):
  File "D:\Somethings\ToolTest\gui.py", line 1651, in nativeEvent
    msg = wintypes.MSG.from_address(int(message))
          ^^^^^^^^
NameError: name 'wintypes' is not defined

[14:57:30] [CRITICAL] UNHANDLED GLOBAL EXCEPTION:
Traceback (most recent call last):
  File "D:\Somethings\ToolTest\gui.py", line 1651, in nativeEvent
    msg = wintypes.MSG.from_address(int(message))
          ^^^^^^^^
NameError: name 'wintypes' is not defined

[14:57:30] [CRITICAL] UNHANDLED GLOBAL EXCEPTION:
Traceback (most recent call last):
  File "D:\Somethings\ToolTest\gui.py", line 1651, in nativeEvent
    msg = wintypes.MSG.from_address(int(message))
          ^^^^^^^^
NameError: name 'wintypes' is not defined

[14:57:30] [CRITICAL] UNHANDLED GLOBAL EXCEPTION:
Traceback (most recent call last):
  File "D:\Somethings\ToolTest\gui.py", line 1651, in nativeEvent
    msg = wintypes.MSG.from_address(int(message))
          ^^^^^^^^
NameError: name 'wintypes' is not defined

[14:57:30] [CRITICAL] UNHANDLED GLOBAL EXCEPTION:
Traceback (most recent call last):
  File "D:\Somethings\ToolTest\gui.py", line 1651, in nativeEvent
    msg = wintypes.MSG.from_address(int(message))
          ^^^^^^^^
NameError: name 'wintypes' is not defined

[14:57:30] [CRITICAL] UNHANDLED GLOBAL EXCEPTION:
Traceback (most recent call last):
  File "D:\Somethings\ToolTest\gui.py", line 1651, in nativeEvent
    msg = wintypes.MSG.from_address(int(message))
          ^^^^^^^^
NameError: name 'wintypes' is not defined

[14:57:30] [CRITICAL] UNHANDLED GLOBAL EXCEPTION:
Traceback (most recent call last):
  File "D:\Somethings\ToolTest\gui.py", line 1651, in nativeEvent
    msg = wintypes.MSG.from_address(int(message))
          ^^^^^^^^
NameError: name 'wintypes' is not defined

[14:57:30] [CRITICAL] UNHANDLED GLOBAL EXCEPTION:
Traceback (most recent call last):
  File "D:\Somethings\ToolTest\gui.py", line 1651, in nativeEvent
    msg = wintypes.MSG.from_address(int(message))
          ^^^^^^^^
NameError: name 'wintypes' is not defined

[14:57:30] [CRITICAL] UNHANDLED GLOBAL EXCEPTION:
Traceback (most recent call last):
  File "D:\Somethings\ToolTest\gui.py", line 1651, in nativeEvent
    msg = wintypes.MSG.from_address(int(message))
          ^^^^^^^^
NameError: name 'wintypes' is not defined

[14:57:30] [CRITICAL] UNHANDLED GLOBAL EXCEPTION:
Traceback (most recent call last):
  File "D:\Somethings\ToolTest\gui.py", line 1651, in nativeEvent
    msg = wintypes.MSG.from_address(int(message))
          ^^^^^^^^
NameError: name 'wintypes' is not defined

[14:57:30] [CRITICAL] UNHANDLED GLOBAL EXCEPTION:
Traceback (most recent call last):
  File "D:\Somethings\ToolTest\gui.py", line 1651, in nativeEvent
    msg = wintypes.MSG.from_address(int(message))
          ^^^^^^^^
NameError: name 'wintypes' is not defined

[14:57:30] [CRITICAL] UNHANDLED GLOBAL EXCEPTION:
Traceback (most recent call last):
  File "D:\Somethings\ToolTest\gui.py", line 1651, in nativeEvent
    msg = wintypes.MSG.from_address(int(message))
          ^^^^^^^^
NameError: name 'wintypes' is not defined

[14:57:30] [CRITICAL] UNHANDLED GLOBAL EXCEPTION:
Traceback (most recent call last):
  File "D:\Somethings\ToolTest\gui.py", line 1651, in nativeEvent
    msg = wintypes.MSG.from_address(int(message))
          ^^^^^^^^
NameError: name 'wintypes' is not defined

[14:57:30] [CRITICAL] UNHANDLED GLOBAL EXCEPTION:
Traceback (most recent call last):
  File "D:\Somethings\ToolTest\gui.py", line 1651, in nativeEvent
    msg = wintypes.MSG.from_address(int(message))
          ^^^^^^^^
NameError: name 'wintypes' is not defined

[14:57:30] [CRITICAL] UNHANDLED GLOBAL EXCEPTION:
Traceback (most recent call last):
  File "D:\Somethings\ToolTest\gui.py", line 1651, in nativeEvent
    msg = wintypes.MSG.from_address(int(message))
          ^^^^^^^^
NameError: name 'wintypes' is not defined

[14:57:30] [CRITICAL] UNHANDLED GLOBAL EXCEPTION:
Traceback (most recent call last):
  File "D:\Somethings\ToolTest\gui.py", line 1651, in nativeEvent
    msg = wintypes.MSG.from_address(int(message))
          ^^^^^^^^
NameError: name 'wintypes' is not defined

[14:57:30] [CRITICAL] UNHANDLED GLOBAL EXCEPTION:
Traceback (most recent call last):
  File "D:\Somethings\ToolTest\gui.py", line 1651, in nativeEvent
    msg = wintypes.MSG.from_address(int(message))
          ^^^^^^^^
NameError: name 'wintypes' is not defined

[14:57:30] [CRITICAL] UNHANDLED GLOBAL EXCEPTION:
Traceback (most recent call last):
  File "D:\Somethings\ToolTest\gui.py", line 1651, in nativeEvent
    msg = wintypes.MSG.from_address(int(message))
          ^^^^^^^^
NameError: name 'wintypes' is not defined

[14:57:30] [CRITICAL] UNHANDLED GLOBAL EXCEPTION:
Traceback (most recent call last):
  File "D:\Somethings\ToolTest\gui.py", line 1651, in nativeEvent
    msg = wintypes.MSG.from_address(int(message))
          ^^^^^^^^
NameError: name 'wintypes' is not defined

[14:57:30] [CRITICAL] UNHANDLED GLOBAL EXCEPTION:
Traceback (most recent call last):
  File "D:\Somethings\ToolTest\gui.py", line 1651, in nativeEvent
    msg = wintypes.MSG.from_address(int(message))
          ^^^^^^^^
NameError: name 'wintypes' is not defined

[14:57:30] [CRITICAL] UNHANDLED GLOBAL EXCEPTION:
Traceback (most recent call last):
  File "D:\Somethings\ToolTest\gui.py", line 1651, in nativeEvent
    msg = wintypes.MSG.from_address(int(message))
          ^^^^^^^^
NameError: name 'wintypes' is not defined

[14:57:30] [CRITICAL] UNHANDLED GLOBAL EXCEPTION:
Traceback (most recent call last):
  File "D:\Somethings\ToolTest\gui.py", line 1651, in nativeEvent
    msg = wintypes.MSG.from_address(int(message))
          ^^^^^^^^
NameError: name 'wintypes' is not defined

[14:57:30] [CRITICAL] UNHANDLED GLOBAL EXCEPTION:
Traceback (most recent call last):
  File "D:\Somethings\ToolTest\gui.py", line 1651, in nativeEvent
    msg = wintypes.MSG.from_address(int(message))
          ^^^^^^^^
NameError: name 'wintypes' is not defined

[14:57:30] [CRITICAL] UNHANDLED GLOBAL EXCEPTION:
Traceback (most recent call last):
  File "D:\Somethings\ToolTest\gui.py", line 1651, in nativeEvent
    msg = wintypes.MSG.from_address(int(message))
          ^^^^^^^^
NameError: name 'wintypes' is not defined

[14:57:30] [CRITICAL] UNHANDLED GLOBAL EXCEPTION:
Traceback (most recent call last):
  File "D:\Somethings\ToolTest\gui.py", line 1651, in nativeEvent
    msg = wintypes.MSG.from_address(int(message))
          ^^^^^^^^
NameError: name 'wintypes' is not defined

[14:57:30] [CRITICAL] UNHANDLED GLOBAL EXCEPTION:
Traceback (most recent call last):
  File "D:\Somethings\ToolTest\gui.py", line 1651, in nativeEvent
    msg = wintypes.MSG.from_address(int(message))
          ^^^^^^^^
NameError: name 'wintypes' is not defined

[14:57:30] [CRITICAL] UNHANDLED GLOBAL EXCEPTION:
Traceback (most recent call last):
  File "D:\Somethings\ToolTest\gui.py", line 1651, in nativeEvent
    msg = wintypes.MSG.from_address(int(message))
          ^^^^^^^^
NameError: name 'wintypes' is not defined

[14:57:30] [CRITICAL] UNHANDLED GLOBAL EXCEPTION:
Traceback (most recent call last):
  File "D:\Somethings\ToolTest\gui.py", line 1651, in nativeEvent
    msg = wintypes.MSG.from_address(int(message))
          ^^^^^^^^
NameError: name 'wintypes' is not defined

[14:57:30] [CRITICAL] UNHANDLED GLOBAL EXCEPTION:
Traceback (most recent call last):
  File "D:\Somethings\ToolTest\gui.py", line 1651, in nativeEvent
    msg = wintypes.MSG.from_address(int(message))
          ^^^^^^^^
NameError: name 'wintypes' is not defined

[14:57:30] [CRITICAL] UNHANDLED GLOBAL EXCEPTION:
Traceback (most recent call last):
  File "D:\Somethings\ToolTest\gui.py", line 1651, in nativeEvent
    msg = wintypes.MSG.from_address(int(message))
          ^^^^^^^^
NameError: name 'wintypes' is not defined

[14:57:30] [CRITICAL] UNHANDLED GLOBAL EXCEPTION:
Traceback (most recent call last):
  File "D:\Somethings\ToolTest\gui.py", line 1651, in nativeEvent
    msg = wintypes.MSG.from_address(int(message))
          ^^^^^^^^
NameError: name 'wintypes' is not defined

[14:57:30] [CRITICAL] UNHANDLED GLOBAL EXCEPTION:
Traceback (most recent call last):
  File "D:\Somethings\ToolTest\gui.py", line 1651, in nativeEvent
    msg = wintypes.MSG.from_address(int(message))
          ^^^^^^^^
NameError: name 'wintypes' is not defined

[14:57:30] [CRITICAL] UNHANDLED GLOBAL EXCEPTION:
Traceback (most recent call last):
  File "D:\Somethings\ToolTest\gui.py", line 1651, in nativeEvent
    msg = wintypes.MSG.from_address(int(message))
          ^^^^^^^^
NameError: name 'wintypes' is not defined

[14:57:30] [CRITICAL] UNHANDLED GLOBAL EXCEPTION:
Traceback (most recent call last):
  File "D:\Somethings\ToolTest\gui.py", line 1651, in nativeEvent
    msg = wintypes.MSG.from_address(int(message))
          ^^^^^^^^
NameError: name 'wintypes' is not defined

[14:57:30] [CRITICAL] UNHANDLED GLOBAL EXCEPTION:
Traceback (most recent call last):
  File "D:\Somethings\ToolTest\gui.py", line 1651, in nativeEvent
    msg = wintypes.MSG.from_address(int(message))
          ^^^^^^^^
NameError: name 'wintypes' is not defined

[14:57:30] [CRITICAL] UNHANDLED GLOBAL EXCEPTION:
Traceback (most recent call last):
  File "D:\Somethings\ToolTest\gui.py", line 1651, in nativeEvent
    msg = wintypes.MSG.from_address(int(message))
          ^^^^^^^^
NameError: name 'wintypes' is not defined

[14:57:30] [CRITICAL] UNHANDLED GLOBAL EXCEPTION:
Traceback (most recent call last):
  File "D:\Somethings\ToolTest\gui.py", line 1651, in nativeEvent
    msg = wintypes.MSG.from_address(int(message))
          ^^^^^^^^
NameError: name 'wintypes' is not defined

[14:57:30] [CRITICAL] UNHANDLED GLOBAL EXCEPTION:
Traceback (most recent call last):
  File "D:\Somethings\ToolTest\gui.py", line 1651, in nativeEvent
    msg = wintypes.MSG.from_address(int(message))
          ^^^^^^^^
NameError: name 'wintypes' is not defined

[14:57:30] [CRITICAL] UNHANDLED GLOBAL EXCEPTION:
Traceback (most recent call last):
  File "D:\Somethings\ToolTest\gui.py", line 1651, in nativeEvent
    msg = wintypes.MSG.from_address(int(message))
          ^^^^^^^^
NameError: name 'wintypes' is not defined

[14:57:30] [CRITICAL] UNHANDLED GLOBAL EXCEPTION:
Traceback (most recent call last):
  File "D:\Somethings\ToolTest\gui.py", line 1651, in nativeEvent
    msg = wintypes.MSG.from_address(int(message))
          ^^^^^^^^
NameError: name 'wintypes' is not defined

[14:57:30] [CRITICAL] UNHANDLED GLOBAL EXCEPTION:
Traceback (most recent call last):
  File "D:\Somethings\ToolTest\gui.py", line 1651, in nativeEvent
    msg = wintypes.MSG.from_address(int(message))
          ^^^^^^^^
NameError: name 'wintypes' is not defined

[14:57:30] [CRITICAL] UNHANDLED GLOBAL EXCEPTION:
Traceback (most recent call last):
  File "D:\Somethings\ToolTest\gui.py", line 1651, in nativeEvent
    msg = wintypes.MSG.from_address(int(message))
          ^^^^^^^^
NameError: name 'wintypes' is not defined

[14:57:30] [CRITICAL] UNHANDLED GLOBAL EXCEPTION:
Traceback (most recent call last):
  File "D:\Somethings\ToolTest\gui.py", line 1651, in nativeEvent
    msg = wintypes.MSG.from_address(int(message))
          ^^^^^^^^
NameError: name 'wintypes' is not defined

[14:57:30] [CRITICAL] UNHANDLED GLOBAL EXCEPTION:
Traceback (most recent call last):
  File "D:\Somethings\ToolTest\gui.py", line 1651, in nativeEvent
    msg = wintypes.MSG.from_address(int(message))
          ^^^^^^^^
NameError: name 'wintypes' is not defined

[14:57:30] [CRITICAL] UNHANDLED GLOBAL EXCEPTION:
Traceback (most recent call last):
  File "D:\Somethings\ToolTest\gui.py", line 1651, in nativeEvent
    msg = wintypes.MSG.from_address(int(message))
          ^^^^^^^^
NameError: name 'wintypes' is not defined

[14:57:30] [CRITICAL] UNHANDLED GLOBAL EXCEPTION:
Traceback (most recent call last):
  File "D:\Somethings\ToolTest\gui.py", line 1651, in nativeEvent
    msg = wintypes.MSG.from_address(int(message))
          ^^^^^^^^
NameError: name 'wintypes' is not defined

[14:57:30] [CRITICAL] UNHANDLED GLOBAL EXCEPTION:
Traceback (most recent call last):
  File "D:\Somethings\ToolTest\gui.py", line 1651, in nativeEvent
    msg = wintypes.MSG.from_address(int(message))
          ^^^^^^^^
NameError: name 'wintypes' is not defined

[14:57:30] [CRITICAL] UNHANDLED GLOBAL EXCEPTION:
Traceback (most recent call last):
  File "D:\Somethings\ToolTest\gui.py", line 1651, in nativeEvent
    msg = wintypes.MSG.from_address(int(message))
          ^^^^^^^^
NameError: name 'wintypes' is not defined

[14:57:30] [CRITICAL] UNHANDLED GLOBAL EXCEPTION:
Traceback (most recent call last):
  File "D:\Somethings\ToolTest\gui.py", line 1651, in nativeEvent
    msg = wintypes.MSG.from_address(int(message))
          ^^^^^^^^
NameError: name 'wintypes' is not defined

[14:57:30] [CRITICAL] UNHANDLED GLOBAL EXCEPTION:
Traceback (most recent call last):
  File "D:\Somethings\ToolTest\gui.py", line 1651, in nativeEvent
    msg = wintypes.MSG.from_address(int(message))
          ^^^^^^^^
NameError: name 'wintypes' is not defined

[14:57:30] [CRITICAL] UNHANDLED GLOBAL EXCEPTION:
Traceback (most recent call last):
  File "D:\Somethings\ToolTest\gui.py", line 1651, in nativeEvent
    msg = wintypes.MSG.from_address(int(message))
          ^^^^^^^^
NameError: name 'wintypes' is not defined

[14:57:30] [CRITICAL] UNHANDLED GLOBAL EXCEPTION:
Traceback (most recent call last):
  File "D:\Somethings\ToolTest\gui.py", line 1651, in nativeEvent
    msg = wintypes.MSG.from_address(int(message))
          ^^^^^^^^
NameError: name 'wintypes' is not defined

[14:57:30] [CRITICAL] UNHANDLED GLOBAL EXCEPTION:
Traceback (most recent call last):
  File "D:\Somethings\ToolTest\gui.py", line 1651, in nativeEvent
    msg = wintypes.MSG.from_address(int(message))
          ^^^^^^^^
NameError: name 'wintypes' is not defined

[14:57:30] [CRITICAL] UNHANDLED GLOBAL EXCEPTION:
Traceback (most recent call last):
  File "D:\Somethings\ToolTest\gui.py", line 1651, in nativeEvent
    msg = wintypes.MSG.from_address(int(message))
          ^^^^^^^^
NameError: name 'wintypes' is not defined

[14:57:30] [CRITICAL] UNHANDLED GLOBAL EXCEPTION:
Traceback (most recent call last):
  File "D:\Somethings\ToolTest\gui.py", line 1651, in nativeEvent
    msg = wintypes.MSG.from_address(int(message))
          ^^^^^^^^
NameError: name 'wintypes' is not defined

[14:57:30] [CRITICAL] UNHANDLED GLOBAL EXCEPTION:
Traceback (most recent call last):
  File "D:\Somethings\ToolTest\gui.py", line 1651, in nativeEvent
    msg = wintypes.MSG.from_address(int(message))
          ^^^^^^^^
NameError: name 'wintypes' is not defined

[14:57:30] [CRITICAL] UNHANDLED GLOBAL EXCEPTION:
Traceback (most recent call last):
  File "D:\Somethings\ToolTest\gui.py", line 1651, in nativeEvent
    msg = wintypes.MSG.from_address(int(message))
          ^^^^^^^^
NameError: name 'wintypes' is not defined

[14:57:30] [CRITICAL] UNHANDLED GLOBAL EXCEPTION:
Traceback (most recent call last):
  File "D:\Somethings\ToolTest\gui.py", line 1651, in nativeEvent
    msg = wintypes.MSG.from_address(int(message))
          ^^^^^^^^
NameError: name 'wintypes' is not defined

[14:57:30] [CRITICAL] UNHANDLED GLOBAL EXCEPTION:
Traceback (most recent call last):
  File "D:\Somethings\ToolTest\gui.py", line 1651, in nativeEvent
    msg = wintypes.MSG.from_address(int(message))
          ^^^^^^^^
NameError: name 'wintypes' is not defined

[14:57:30] [CRITICAL] UNHANDLED GLOBAL EXCEPTION:
Traceback (most recent call last):
  File "D:\Somethings\ToolTest\gui.py", line 1651, in nativeEvent
    msg = wintypes.MSG.from_address(int(message))
          ^^^^^^^^
NameError: name 'wintypes' is not defined

[14:57:30] [CRITICAL] UNHANDLED GLOBAL EXCEPTION:
Traceback (most recent call last):
  File "D:\Somethings\ToolTest\gui.py", line 1651, in nativeEvent
    msg = wintypes.MSG.from_address(int(message))
          ^^^^^^^^
NameError: name 'wintypes' is not defined

[14:57:30] [CRITICAL] UNHANDLED GLOBAL EXCEPTION:
Traceback (most recent call last):
  File "D:\Somethings\ToolTest\gui.py", line 1651, in nativeEvent
    msg = wintypes.MSG.from_address(int(message))
          ^^^^^^^^
NameError: name 'wintypes' is not defined

[14:57:30] [CRITICAL] UNHANDLED GLOBAL EXCEPTION:
Traceback (most recent call last):
  File "D:\Somethings\ToolTest\gui.py", line 1651, in nativeEvent
    msg = wintypes.MSG.from_address(int(message))
          ^^^^^^^^
NameError: name 'wintypes' is not defined

[14:57:30] [CRITICAL] UNHANDLED GLOBAL EXCEPTION:
Traceback (most recent call last):
  File "D:\Somethings\ToolTest\gui.py", line 1651, in nativeEvent
    msg = wintypes.MSG.from_address(int(message))
          ^^^^^^^^
NameError: name 'wintypes' is not defined

[14:57:30] [CRITICAL] UNHANDLED GLOBAL EXCEPTION:
Traceback (most recent call last):
  File "D:\Somethings\ToolTest\gui.py", line 1651, in nativeEvent
    msg = wintypes.MSG.from_address(int(message))
          ^^^^^^^^
NameError: name 'wintypes' is not defined

[14:57:30] [CRITICAL] UNHANDLED GLOBAL EXCEPTION:
Traceback (most recent call last):
  File "D:\Somethings\ToolTest\gui.py", line 1651, in nativeEvent
    msg = wintypes.MSG.from_address(int(message))
          ^^^^^^^^
NameError: name 'wintypes' is not defined

[14:57:30] [CRITICAL] UNHANDLED GLOBAL EXCEPTION:
Traceback (most recent call last):
  File "D:\Somethings\ToolTest\gui.py", line 1651, in nativeEvent
    msg = wintypes.MSG.from_address(int(message))
          ^^^^^^^^
NameError: name 'wintypes' is not defined

[14:57:30] [CRITICAL] UNHANDLED GLOBAL EXCEPTION:
Traceback (most recent call last):
  File "D:\Somethings\ToolTest\gui.py", line 1651, in nativeEvent
    msg = wintypes.MSG.from_address(int(message))
          ^^^^^^^^
NameError: name 'wintypes' is not defined

[14:57:30] [CRITICAL] UNHANDLED GLOBAL EXCEPTION:
Traceback (most recent call last):
  File "D:\Somethings\ToolTest\gui.py", line 1651, in nativeEvent
    msg = wintypes.MSG.from_address(int(message))
          ^^^^^^^^
NameError: name 'wintypes' is not defined

[14:57:30] [CRITICAL] UNHANDLED GLOBAL EXCEPTION:
Traceback (most recent call last):
  File "D:\Somethings\ToolTest\gui.py", line 1651, in nativeEvent
    msg = wintypes.MSG.from_address(int(message))
          ^^^^^^^^
NameError: name 'wintypes' is not defined

[14:57:30] [CRITICAL] UNHANDLED GLOBAL EXCEPTION:
Traceback (most recent call last):
  File "D:\Somethings\ToolTest\gui.py", line 1651, in nativeEvent
    msg = wintypes.MSG.from_address(int(message))
          ^^^^^^^^
NameError: name 'wintypes' is not defined

[14:57:30] [CRITICAL] UNHANDLED GLOBAL EXCEPTION:
Traceback (most recent call last):
  File "D:\Somethings\ToolTest\gui.py", line 1651, in nativeEvent
    msg = wintypes.MSG.from_address(int(message))
          ^^^^^^^^
NameError: name 'wintypes' is not defined

[14:57:30] [CRITICAL] UNHANDLED GLOBAL EXCEPTION:
Traceback (most recent call last):
  File "D:\Somethings\ToolTest\gui.py", line 1651, in nativeEvent
    msg = wintypes.MSG.from_address(int(message))
          ^^^^^^^^
NameError: name 'wintypes' is not defined

[14:57:30] [CRITICAL] UNHANDLED GLOBAL EXCEPTION:
Traceback (most recent call last):
  File "D:\Somethings\ToolTest\gui.py", line 1651, in nativeEvent
    msg = wintypes.MSG.from_address(int(message))
          ^^^^^^^^
NameError: name 'wintypes' is not defined

[14:57:30] [CRITICAL] UNHANDLED GLOBAL EXCEPTION:
Traceback (most recent call last):
  File "D:\Somethings\ToolTest\gui.py", line 1651, in nativeEvent
    msg = wintypes.MSG.from_address(int(message))
          ^^^^^^^^
NameError: name 'wintypes' is not defined

[14:57:30] [CRITICAL] UNHANDLED GLOBAL EXCEPTION:
Traceback (most recent call last):
  File "D:\Somethings\ToolTest\gui.py", line 1651, in nativeEvent
    msg = wintypes.MSG.from_address(int(message))
          ^^^^^^^^
NameError: name 'wintypes' is not defined

[14:57:30] [CRITICAL] UNHANDLED GLOBAL EXCEPTION:
Traceback (most recent call last):
  File "D:\Somethings\ToolTest\gui.py", line 1651, in nativeEvent
    msg = wintypes.MSG.from_address(int(message))
          ^^^^^^^^
NameError: name 'wintypes' is not defined

[14:57:30] [CRITICAL] UNHANDLED GLOBAL EXCEPTION:
Traceback (most recent call last):
  File "D:\Somethings\ToolTest\gui.py", line 1651, in nativeEvent
    msg = wintypes.MSG.from_address(int(message))
          ^^^^^^^^
NameError: name 'wintypes' is not defined

[14:57:30] [CRITICAL] UNHANDLED GLOBAL EXCEPTION:
Traceback (most recent call last):
  File "D:\Somethings\ToolTest\gui.py", line 1651, in nativeEvent
    msg = wintypes.MSG.from_address(int(message))
          ^^^^^^^^
NameError: name 'wintypes' is not defined

[14:57:30] [CRITICAL] UNHANDLED GLOBAL EXCEPTION:
Traceback (most recent call last):
  File "D:\Somethings\ToolTest\gui.py", line 1651, in nativeEvent
    msg = wintypes.MSG.from_address(int(message))
          ^^^^^^^^
NameError: name 'wintypes' is not defined

[14:57:30] [CRITICAL] UNHANDLED GLOBAL EXCEPTION:
Traceback (most recent call last):
  File "D:\Somethings\ToolTest\gui.py", line 1651, in nativeEvent
    msg = wintypes.MSG.from_address(int(message))
          ^^^^^^^^
NameError: name 'wintypes' is not defined

[14:57:30] [CRITICAL] UNHANDLED GLOBAL EXCEPTION:
Traceback (most recent call last):
  File "D:\Somethings\ToolTest\gui.py", line 1651, in nativeEvent
    msg = wintypes.MSG.from_address(int(message))
          ^^^^^^^^
NameError: name 'wintypes' is not defined

[14:57:30] [CRITICAL] UNHANDLED GLOBAL EXCEPTION:
Traceback (most recent call last):
  File "D:\Somethings\ToolTest\gui.py", line 1651, in nativeEvent
    msg = wintypes.MSG.from_address(int(message))
          ^^^^^^^^
NameError: name 'wintypes' is not defined

[14:57:30] [CRITICAL] UNHANDLED GLOBAL EXCEPTION:
Traceback (most recent call last):
  File "D:\Somethings\ToolTest\gui.py", line 1651, in nativeEvent
    msg = wintypes.MSG.from_address(int(message))
          ^^^^^^^^
NameError: name 'wintypes' is not defined

[14:57:30] [CRITICAL] UNHANDLED GLOBAL EXCEPTION:
Traceback (most recent call last):
  File "D:\Somethings\ToolTest\gui.py", line 1651, in nativeEvent
    msg = wintypes.MSG.from_address(int(message))
          ^^^^^^^^
NameError: name 'wintypes' is not defined

[14:57:30] [CRITICAL] UNHANDLED GLOBAL EXCEPTION:
Traceback (most recent call last):
  File "D:\Somethings\ToolTest\gui.py", line 1651, in nativeEvent
    msg = wintypes.MSG.from_address(int(message))
          ^^^^^^^^
NameError: name 'wintypes' is not defined

[14:57:30] [CRITICAL] UNHANDLED GLOBAL EXCEPTION:
Traceback (most recent call last):
  File "D:\Somethings\ToolTest\gui.py", line 1651, in nativeEvent
    msg = wintypes.MSG.from_address(int(message))
          ^^^^^^^^
NameError: name 'wintypes' is not defined

[14:57:30] [CRITICAL] UNHANDLED GLOBAL EXCEPTION:
Traceback (most recent call last):
  File "D:\Somethings\ToolTest\gui.py", line 1651, in nativeEvent
    msg = wintypes.MSG.from_address(int(message))
          ^^^^^^^^
NameError: name 'wintypes' is not defined

[14:57:30] [CRITICAL] UNHANDLED GLOBAL EXCEPTION:
Traceback (most recent call last):
  File "D:\Somethings\ToolTest\gui.py", line 1651, in nativeEvent
    msg = wintypes.MSG.from_address(int(message))
          ^^^^^^^^
NameError: name 'wintypes' is not defined

[14:57:30] [CRITICAL] UNHANDLED GLOBAL EXCEPTION:
Traceback (most recent call last):
  File "D:\Somethings\ToolTest\gui.py", line 1651, in nativeEvent
    msg = wintypes.MSG.from_address(int(message))
          ^^^^^^^^
NameError: name 'wintypes' is not defined

[14:57:30] [CRITICAL] UNHANDLED GLOBAL EXCEPTION:
Traceback (most recent call last):
  File "D:\Somethings\ToolTest\gui.py", line 1651, in nativeEvent
    msg = wintypes.MSG.from_address(int(message))
          ^^^^^^^^
NameError: name 'wintypes' is not defined

[14:57:30] [CRITICAL] UNHANDLED GLOBAL EXCEPTION:
Traceback (most recent call last):
  File "D:\Somethings\ToolTest\gui.py", line 1651, in nativeEvent
    msg = wintypes.MSG.from_address(int(message))
          ^^^^^^^^
NameError: name 'wintypes' is not defined

[14:57:30] [CRITICAL] UNHANDLED GLOBAL EXCEPTION:
Traceback (most recent call last):
  File "D:\Somethings\ToolTest\gui.py", line 1651, in nativeEvent
    msg = wintypes.MSG.from_address(int(message))
          ^^^^^^^^
NameError: name 'wintypes' is not defined

[14:57:30] [CRITICAL] UNHANDLED GLOBAL EXCEPTION:
Traceback (most recent call last):
  File "D:\Somethings\ToolTest\gui.py", line 1651, in nativeEvent
    msg = wintypes.MSG.from_address(int(message))
          ^^^^^^^^
NameError: name 'wintypes' is not defined

[14:57:31] [CRITICAL] UNHANDLED GLOBAL EXCEPTION:
Traceback (most recent call last):
  File "D:\Somethings\ToolTest\gui.py", line 1651, in nativeEvent
    msg = wintypes.MSG.from_address(int(message))
          ^^^^^^^^
NameError: name 'wintypes' is not defined

[14:57:31] [CRITICAL] UNHANDLED GLOBAL EXCEPTION:
Traceback (most recent call last):
  File "D:\Somethings\ToolTest\gui.py", line 1651, in nativeEvent
    msg = wintypes.MSG.from_address(int(message))
          ^^^^^^^^
NameError: name 'wintypes' is not defined

[14:57:32] [CRITICAL] UNHANDLED GLOBAL EXCEPTION:
Traceback (most recent call last):
  File "D:\Somethings\ToolTest\gui.py", line 1651, in nativeEvent
    msg = wintypes.MSG.from_address(int(message))
          ^^^^^^^^
NameError: name 'wintypes' is not defined

[14:57:32] [CRITICAL] UNHANDLED GLOBAL EXCEPTION:
Traceback (most recent call last):
  File "D:\Somethings\ToolTest\gui.py", line 1651, in nativeEvent
    msg = wintypes.MSG.from_address(int(message))
          ^^^^^^^^
NameError: name 'wintypes' is not defined

[14:57:33] [CRITICAL] UNHANDLED GLOBAL EXCEPTION:
Traceback (most recent call last):
  File "D:\Somethings\ToolTest\gui.py", line 1651, in nativeEvent
    msg = wintypes.MSG.from_address(int(message))
          ^^^^^^^^
NameError: name 'wintypes' is not defined

[14:57:33] [CRITICAL] UNHANDLED GLOBAL EXCEPTION:
Traceback (most recent call last):
  File "D:\Somethings\ToolTest\gui.py", line 1651, in nativeEvent
    msg = wintypes.MSG.from_address(int(message))
          ^^^^^^^^
NameError: name 'wintypes' is not defined

[14:57:34] [CRITICAL] UNHANDLED GLOBAL EXCEPTION:
Traceback (most recent call last):
  File "D:\Somethings\ToolTest\gui.py", line 1651, in nativeEvent
    msg = wintypes.MSG.from_address(int(message))
          ^^^^^^^^
NameError: name 'wintypes' is not defined

[14:57:34] [CRITICAL] UNHANDLED GLOBAL EXCEPTION:
Traceback (most recent call last):
  File "D:\Somethings\ToolTest\gui.py", line 1651, in nativeEvent
    msg = wintypes.MSG.from_address(int(message))
          ^^^^^^^^
NameError: name 'wintypes' is not defined

[14:57:35] [CRITICAL] UNHANDLED GLOBAL EXCEPTION:
Traceback (most recent call last):
  File "D:\Somethings\ToolTest\gui.py", line 1651, in nativeEvent
    msg = wintypes.MSG.from_address(int(message))
          ^^^^^^^^
NameError: name 'wintypes' is not defined

[14:57:35] [CRITICAL] UNHANDLED GLOBAL EXCEPTION:
Traceback (most recent call last):
  File "D:\Somethings\ToolTest\gui.py", line 1651, in nativeEvent
    msg = wintypes.MSG.from_address(int(message))
          ^^^^^^^^
NameError: name 'wintypes' is not defined

[14:57:36] [CRITICAL] UNHANDLED GLOBAL EXCEPTION:
Traceback (most recent call last):
  File "D:\Somethings\ToolTest\gui.py", line 1651, in nativeEvent
    msg = wintypes.MSG.from_address(int(message))
          ^^^^^^^^
NameError: name 'wintypes' is not defined

[14:57:36] [CRITICAL] UNHANDLED GLOBAL EXCEPTION:
Traceback (most recent call last):
  File "D:\Somethings\ToolTest\gui.py", line 1651, in nativeEvent
    msg = wintypes.MSG.from_address(int(message))
          ^^^^^^^^
NameError: name 'wintypes' is not defined

[14:57:37] [CRITICAL] UNHANDLED GLOBAL EXCEPTION:
Traceback (most recent call last):
  File "D:\Somethings\ToolTest\gui.py", line 1651, in nativeEvent
    msg = wintypes.MSG.from_address(int(message))
          ^^^^^^^^
NameError: name 'wintypes' is not defined

[14:57:37] [CRITICAL] UNHANDLED GLOBAL EXCEPTION:
Traceback (most recent call last):
  File "D:\Somethings\ToolTest\gui.py", line 1651, in nativeEvent
    msg = wintypes.MSG.from_address(int(message))
          ^^^^^^^^
NameError: name 'wintypes' is not defined

[14:57:38] [CRITICAL] UNHANDLED GLOBAL EXCEPTION:
Traceback (most recent call last):
  File "D:\Somethings\ToolTest\gui.py", line 1651, in nativeEvent
    msg = wintypes.MSG.from_address(int(message))
          ^^^^^^^^
NameError: name 'wintypes' is not defined

[14:57:38] [CRITICAL] UNHANDLED GLOBAL EXCEPTION:
Traceback (most recent call last):
  File "D:\Somethings\ToolTest\gui.py", line 1651, in nativeEvent
    msg = wintypes.MSG.from_address(int(message))
          ^^^^^^^^
NameError: name 'wintypes' is not defined

[14:57:38] [CRITICAL] UNHANDLED GLOBAL EXCEPTION:
Traceback (most recent call last):
  File "D:\Somethings\ToolTest\gui.py", line 1651, in nativeEvent
    msg = wintypes.MSG.from_address(int(message))
          ^^^^^^^^
NameError: name 'wintypes' is not defined

[14:57:38] [CRITICAL] UNHANDLED GLOBAL EXCEPTION:
Traceback (most recent call last):
  File "D:\Somethings\ToolTest\gui.py", line 1651, in nativeEvent
    msg = wintypes.MSG.from_address(int(message))
          ^^^^^^^^
NameError: name 'wintypes' is not defined

[14:57:38] [CRITICAL] UNHANDLED GLOBAL EXCEPTION:
Traceback (most recent call last):
  File "D:\Somethings\ToolTest\gui.py", line 1651, in nativeEvent
    msg = wintypes.MSG.from_address(int(message))
          ^^^^^^^^
NameError: name 'wintypes' is not defined

[14:57:39] [CRITICAL] UNHANDLED GLOBAL EXCEPTION:
Traceback (most recent call last):
  File "D:\Somethings\ToolTest\gui.py", line 1651, in nativeEvent
    msg = wintypes.MSG.from_address(int(message))
          ^^^^^^^^
NameError: name 'wintypes' is not defined

[14:57:39] [CRITICAL] UNHANDLED GLOBAL EXCEPTION:
Traceback (most recent call last):
  File "D:\Somethings\ToolTest\gui.py", line 1651, in nativeEvent
    msg = wintypes.MSG.from_address(int(message))
          ^^^^^^^^
NameError: name 'wintypes' is not defined

[14:57:39] [WARN] [STOPPED] Emergency Stop triggered!
[14:57:39] [CRITICAL] UNHANDLED GLOBAL EXCEPTION:
Traceback (most recent call last):
  File "D:\Somethings\ToolTest\gui.py", line 1651, in nativeEvent
    msg = wintypes.MSG.from_address(int(message))
          ^^^^^^^^
NameError: name 'wintypes' is not defined

[14:57:39] [CRITICAL] UNHANDLED GLOBAL EXCEPTION:
Traceback (most recent call last):
  File "D:\Somethings\ToolTest\gui.py", line 1651, in nativeEvent
    msg = wintypes.MSG.from_address(int(message))
          ^^^^^^^^
NameError: name 'wintypes' is not defined

[14:57:39] [CRITICAL] UNHANDLED GLOBAL EXCEPTION:
Traceback (most recent call last):
  File "D:\Somethings\ToolTest\gui.py", line 1651, in nativeEvent
    msg = wintypes.MSG.from_address(int(message))
          ^^^^^^^^
NameError: name 'wintypes' is not defined

[14:57:39] [CRITICAL] UNHANDLED GLOBAL EXCEPTION:
Traceback (most recent call last):
  File "D:\Somethings\ToolTest\gui.py", line 1651, in nativeEvent
    msg = wintypes.MSG.from_address(int(message))
          ^^^^^^^^
NameError: name 'wintypes' is not defined

[14:57:39] [CRITICAL] UNHANDLED GLOBAL EXCEPTION:
Traceback (most recent call last):
  File "D:\Somethings\ToolTest\gui.py", line 1651, in nativeEvent
    msg = wintypes.MSG.from_address(int(message))
          ^^^^^^^^
NameError: name 'wintypes' is not defined

[14:57:39] [CRITICAL] UNHANDLED GLOBAL EXCEPTION:
Traceback (most recent call last):
  File "D:\Somethings\ToolTest\gui.py", line 1651, in nativeEvent
    msg = wintypes.MSG.from_address(int(message))
          ^^^^^^^^
NameError: name 'wintypes' is not defined

[14:57:39] [CRITICAL] UNHANDLED GLOBAL EXCEPTION:
Traceback (most recent call last):
  File "D:\Somethings\ToolTest\gui.py", line 1651, in nativeEvent
    msg = wintypes.MSG.from_address(int(message))
          ^^^^^^^^
NameError: name 'wintypes' is not defined

[14:58:46] [CRITICAL] UNHANDLED GLOBAL EXCEPTION:
Traceback (most recent call last):
  File "D:\Somethings\ToolTest\main.py", line 597, in <module>
    main()
  File "D:\Somethings\ToolTest\main.py", line 582, in main
    from gui import run_gui_app
  File "D:\Somethings\ToolTest\gui.py", line 40
    import ctypes from ctypes import wintypes
    ^^^^^^^^^^^^^^^^^^^^^^^^^^^^^^^
SyntaxError: Did you mean to use 'from ... import ...' instead?

[15:06:55] [INFO] They work only while this tool, the desktop, or TaskBarHero is focused. Run as Administrator if TaskBarHero still swallows shortcuts.
[15:06:55] [INFO] Windows Display Scaling: 1.00x (Standard 100% DPI).
[15:06:55] [INFO] Loading template assets...
[15:06:56] [INFO] Successfully cached 502 templates in memory.
[15:06:56] [INFO] TBH-Tool Automation Engine initialized (PVandAI). Screen Bounds: 1920x1080px. FailSafe=True
[15:07:27] [WARN] [STOPPED] Emergency Stop triggered!
[15:07:29] [INFO] They work only while this tool, the desktop, or TaskBarHero is focused. Run as Administrator if TaskBarHero still swallows shortcuts.
[15:07:29] [INFO] Windows Display Scaling: 1.00x (Standard 100% DPI).
[15:07:29] [INFO] Loading template assets...
[15:07:29] [INFO] Successfully cached 502 templates in memory.
[15:07:29] [INFO] TBH-Tool Automation Engine initialized (PVandAI). Screen Bounds: 1920x1080px. FailSafe=True
[15:09:12] [WARN] [STOPPED] Emergency Stop triggered!
[15:11:58] [INFO] They work only while this tool, the desktop, or TaskBarHero is focused. Run as Administrator if TaskBarHero still swallows shortcuts.
[15:11:58] [INFO] Windows Display Scaling: 1.00x (Standard 100% DPI).
[15:11:58] [INFO] Loading template assets...
[15:11:58] [INFO] Successfully cached 502 templates in memory.
[15:11:58] [INFO] TBH-Tool Automation Engine initialized (PVandAI). Screen Bounds: 1920x1080px. FailSafe=True
[15:12:39] [WARN] [STOPPED] Emergency Stop triggered!
[15:16:34] [INFO] They work only while this tool, the desktop, or TaskBarHero is focused. Run as Administrator if TaskBarHero still swallows shortcuts.
[15:16:34] [INFO] Windows Display Scaling: 1.00x (Standard 100% DPI).
[15:16:34] [INFO] Loading template assets...
[15:16:35] [INFO] Successfully cached 503 templates in memory.
[15:16:35] [INFO] TBH-Tool Automation Engine initialized (PVandAI). Screen Bounds: 1920x1080px. FailSafe=True
[15:16:40] [WARN] [STOPPED] Emergency Stop triggered!
[15:18:07] [INFO] They work only while this tool, the desktop, or TaskBarHero is focused. Run as Administrator if TaskBarHero still swallows shortcuts.
[15:18:07] [INFO] Windows Display Scaling: 1.00x (Standard 100% DPI).
[15:18:07] [INFO] Loading template assets...
[15:18:07] [INFO] Successfully cached 503 templates in memory.
[15:18:07] [INFO] TBH-Tool Automation Engine initialized (PVandAI). Screen Bounds: 1920x1080px. FailSafe=True
[15:18:29] [WARN] [STOPPED] Emergency Stop triggered!
[15:18:53] [INFO] They work only while this tool, the desktop, or TaskBarHero is focused. Run as Administrator if TaskBarHero still swallows shortcuts.
[15:18:53] [INFO] Windows Display Scaling: 1.00x (Standard 100% DPI).
[15:18:53] [INFO] Loading template assets...
[15:18:53] [INFO] Successfully cached 503 templates in memory.
[15:18:53] [INFO] TBH-Tool Automation Engine initialized (PVandAI). Screen Bounds: 1920x1080px. FailSafe=True
[15:19:38] [WARN] [STOPPED] Emergency Stop triggered!
[15:19:42] [INFO] They work only while this tool, the desktop, or TaskBarHero is focused. Run as Administrator if TaskBarHero still swallows shortcuts.
[15:19:42] [INFO] Windows Display Scaling: 1.00x (Standard 100% DPI).
[15:19:42] [INFO] Loading template assets...
[15:19:42] [INFO] Successfully cached 503 templates in memory.
[15:19:42] [INFO] TBH-Tool Automation Engine initialized (PVandAI). Screen Bounds: 1920x1080px. FailSafe=True
[15:19:52] [CRITICAL] UNHANDLED GLOBAL EXCEPTION:
Traceback (most recent call last):
  File "D:\Somethings\ToolTest\gui.py", line 2033, in closeEvent
    self.worker.stop_automation()
  File "D:\Somethings\ToolTest\gui.py", line 735, in stop_automation
    self.automation.sanitize_modifier_keys()
  File "D:\Somethings\ToolTest\automation.py", line 118, in sanitize_modifier_keys
    pyautogui.keyUp("shift")
  File "D:\Somethings\ToolTest\venv\Lib\site-packages\pyautogui\__init__.py", line 593, in wrapper
    failSafeCheck()
  File "D:\Somethings\ToolTest\venv\Lib\site-packages\pyautogui\__init__.py", line 1734, in failSafeCheck
    raise FailSafeException(
pyautogui.FailSafeException: PyAutoGUI fail-safe triggered from mouse moving to a corner of the screen. To disable this fail-safe, set pyautogui.FAILSAFE to False. DISABLING FAIL-SAFE IS NOT RECOMMENDED.

[15:25:31] [INFO] They work only while this tool, the desktop, or TaskBarHero is focused. Run as Administrator if TaskBarHero still swallows shortcuts.
[15:25:31] [INFO] Windows Display Scaling: 1.00x (Standard 100% DPI).
[15:25:31] [INFO] Loading template assets...
[15:25:32] [INFO] Successfully cached 503 templates in memory.
[15:25:32] [INFO] TBH-Tool Automation Engine initialized (PVandAI). Screen Bounds: 1920x1080px. FailSafe=True
[15:25:58] [CRITICAL] UNHANDLED GLOBAL EXCEPTION:
Traceback (most recent call last):
  File "D:\Somethings\ToolTest\gui.py", line 2037, in closeEvent
    self.worker.stop_automation()
  File "D:\Somethings\ToolTest\gui.py", line 735, in stop_automation
    self.automation.sanitize_modifier_keys()
  File "D:\Somethings\ToolTest\automation.py", line 118, in sanitize_modifier_keys
    pyautogui.keyUp("shift")
  File "D:\Somethings\ToolTest\venv\Lib\site-packages\pyautogui\__init__.py", line 593, in wrapper
    failSafeCheck()
  File "D:\Somethings\ToolTest\venv\Lib\site-packages\pyautogui\__init__.py", line 1734, in failSafeCheck
    raise FailSafeException(
pyautogui.FailSafeException: PyAutoGUI fail-safe triggered from mouse moving to a corner of the screen. To disable this fail-safe, set pyautogui.FAILSAFE to False. DISABLING FAIL-SAFE IS NOT RECOMMENDED.

[15:31:16] [INFO] They work only while this tool, the desktop, or TaskBarHero is focused. Run as Administrator if TaskBarHero still swallows shortcuts.
[15:31:16] [INFO] Windows Display Scaling: 1.00x (Standard 100% DPI).
[15:31:16] [INFO] Loading template assets...
[15:31:17] [INFO] Successfully cached 503 templates in memory.
[15:31:17] [INFO] TBH-Tool Automation Engine initialized (PVandAI). Screen Bounds: 1920x1080px. FailSafe=True
[15:31:32] [CRITICAL] UNHANDLED GLOBAL EXCEPTION:
Traceback (most recent call last):
  File "D:\Somethings\ToolTest\gui.py", line 2068, in closeEvent
    self.worker.stop_automation()
  File "D:\Somethings\ToolTest\gui.py", line 735, in stop_automation
    self.automation.sanitize_modifier_keys()
  File "D:\Somethings\ToolTest\automation.py", line 118, in sanitize_modifier_keys
    pyautogui.keyUp("shift")
  File "D:\Somethings\ToolTest\venv\Lib\site-packages\pyautogui\__init__.py", line 593, in wrapper
    failSafeCheck()
  File "D:\Somethings\ToolTest\venv\Lib\site-packages\pyautogui\__init__.py", line 1734, in failSafeCheck
    raise FailSafeException(
pyautogui.FailSafeException: PyAutoGUI fail-safe triggered from mouse moving to a corner of the screen. To disable this fail-safe, set pyautogui.FAILSAFE to False. DISABLING FAIL-SAFE IS NOT RECOMMENDED.

[15:34:39] [INFO] They work only while this tool, the desktop, or TaskBarHero is focused. Run as Administrator if TaskBarHero still swallows shortcuts.
[15:34:39] [INFO] Windows Display Scaling: 1.00x (Standard 100% DPI).
[15:34:39] [INFO] Loading template assets...
[15:34:40] [INFO] Successfully cached 503 templates in memory.
[15:34:40] [INFO] TBH-Tool Automation Engine initialized (PVandAI). Screen Bounds: 1920x1080px. FailSafe=True
[15:35:39] [WARN] [STOPPED] Emergency Stop triggered!
[15:42:11] [INFO] They work only while this tool, the desktop, or TaskBarHero is focused. Run as Administrator if TaskBarHero still swallows shortcuts.
[15:42:11] [INFO] Windows Display Scaling: 1.00x (Standard 100% DPI).
[15:42:11] [INFO] Loading template assets...
[15:42:11] [INFO] Successfully cached 503 templates in memory.
[15:42:11] [INFO] TBH-Tool Automation Engine initialized (PVandAI). Screen Bounds: 1920x1080px. FailSafe=True
[15:43:54] [WARN] [STOPPED] Emergency Stop triggered!
[15:48:35] [INFO] They work only while this tool, the desktop, or TaskBarHero is focused. Run as Administrator if TaskBarHero still swallows shortcuts.
[15:48:35] [INFO] Windows Display Scaling: 1.00x (Standard 100% DPI).
[15:48:35] [INFO] Loading template assets...
[15:48:35] [INFO] Successfully cached 503 templates in memory.
[15:48:35] [INFO] TBH-Tool Automation Engine initialized (PVandAI). Screen Bounds: 1920x1080px. FailSafe=True
[15:49:17] [WARN] [STOPPED] Emergency Stop triggered!
[15:52:58] [INFO] They work only while this tool, the desktop, or TaskBarHero is focused. Run as Administrator if TaskBarHero still swallows shortcuts.
[15:52:59] [INFO] Windows Display Scaling: 1.00x (Standard 100% DPI).
[15:52:59] [INFO] Loading template assets...
[15:52:59] [INFO] Successfully cached 503 templates in memory.
[15:52:59] [INFO] TBH-Tool Automation Engine initialized (PVandAI). Screen Bounds: 1920x1080px. FailSafe=True
[15:53:29] [WARN] [STOPPED] Emergency Stop triggered!
[15:57:16] [INFO] They work only while this tool, the desktop, or TaskBarHero is focused. Run as Administrator if TaskBarHero still swallows shortcuts.
[15:57:16] [INFO] Windows Display Scaling: 1.00x (Standard 100% DPI).
[15:57:16] [INFO] Loading template assets...
[15:57:16] [INFO] Successfully cached 503 templates in memory.
[15:57:16] [INFO] TBH-Tool Automation Engine initialized (PVandAI). Screen Bounds: 1920x1080px. FailSafe=True
[15:57:38] [WARN] [STOPPED] Emergency Stop triggered!
[15:59:15] [INFO] They work only while this tool, the desktop, or TaskBarHero is focused. Run as Administrator if TaskBarHero still swallows shortcuts.
[15:59:15] [INFO] Windows Display Scaling: 1.00x (Standard 100% DPI).
[15:59:15] [INFO] Loading template assets...
[15:59:15] [INFO] Successfully cached 503 templates in memory.
[15:59:16] [INFO] TBH-Tool Automation Engine initialized (PVandAI). Screen Bounds: 1920x1080px. FailSafe=True
[15:59:48] [CRITICAL] UNHANDLED GLOBAL EXCEPTION:
Traceback (most recent call last):
  File "D:\Somethings\ToolTest\gui.py", line 2161, in closeEvent
    self.worker.stop_automation()
  File "D:\Somethings\ToolTest\gui.py", line 735, in stop_automation
    self.automation.sanitize_modifier_keys()
  File "D:\Somethings\ToolTest\automation.py", line 118, in sanitize_modifier_keys
    pyautogui.keyUp("shift")
  File "D:\Somethings\ToolTest\venv\Lib\site-packages\pyautogui\__init__.py", line 593, in wrapper
    failSafeCheck()
  File "D:\Somethings\ToolTest\venv\Lib\site-packages\pyautogui\__init__.py", line 1734, in failSafeCheck
    raise FailSafeException(
pyautogui.FailSafeException: PyAutoGUI fail-safe triggered from mouse moving to a corner of the screen. To disable this fail-safe, set pyautogui.FAILSAFE to False. DISABLING FAIL-SAFE IS NOT RECOMMENDED.

[15:59:51] [INFO] They work only while this tool, the desktop, or TaskBarHero is focused. Run as Administrator if TaskBarHero still swallows shortcuts.
[15:59:52] [INFO] Windows Display Scaling: 1.00x (Standard 100% DPI).
[15:59:52] [INFO] Loading template assets...
[15:59:52] [INFO] Successfully cached 503 templates in memory.
[15:59:52] [INFO] TBH-Tool Automation Engine initialized (PVandAI). Screen Bounds: 1920x1080px. FailSafe=True
[16:00:08] [WARN] [STOPPED] Emergency Stop triggered!
[16:00:11] [INFO] They work only while this tool, the desktop, or TaskBarHero is focused. Run as Administrator if TaskBarHero still swallows shortcuts.
[16:00:11] [INFO] Windows Display Scaling: 1.00x (Standard 100% DPI).
[16:00:11] [INFO] Loading template assets...
[16:00:11] [INFO] Successfully cached 503 templates in memory.
[16:00:11] [INFO] TBH-Tool Automation Engine initialized (PVandAI). Screen Bounds: 1920x1080px. FailSafe=True
[16:00:15] [WARN] [STOPPED] Emergency Stop triggered!
[16:00:18] [INFO] They work only while this tool, the desktop, or TaskBarHero is focused. Run as Administrator if TaskBarHero still swallows shortcuts.
[16:00:18] [INFO] Windows Display Scaling: 1.00x (Standard 100% DPI).
[16:00:18] [INFO] Loading template assets...
[16:00:18] [INFO] Successfully cached 503 templates in memory.
[16:00:18] [INFO] TBH-Tool Automation Engine initialized (PVandAI). Screen Bounds: 1920x1080px. FailSafe=True
[16:00:27] [WARN] [STOPPED] Emergency Stop triggered!
[16:00:29] [INFO] They work only while this tool, the desktop, or TaskBarHero is focused. Run as Administrator if TaskBarHero still swallows shortcuts.
[16:00:29] [INFO] Windows Display Scaling: 1.00x (Standard 100% DPI).
[16:00:29] [INFO] Loading template assets...
[16:00:30] [INFO] Successfully cached 503 templates in memory.
[16:00:30] [INFO] TBH-Tool Automation Engine initialized (PVandAI). Screen Bounds: 1920x1080px. FailSafe=True
[16:02:29] [WARN] [STOPPED] Emergency Stop triggered!
[16:05:57] [INFO] They work only while this tool, the desktop, or TaskBarHero is focused. Run as Administrator if TaskBarHero still swallows shortcuts.
[16:05:57] [INFO] Windows Display Scaling: 1.00x (Standard 100% DPI).
[16:05:57] [INFO] Loading template assets...
[16:05:57] [INFO] Successfully cached 503 templates in memory.
[16:05:57] [INFO] TBH-Tool Automation Engine initialized (PVandAI). Screen Bounds: 1920x1080px. FailSafe=True
[16:06:09] [SYSTEM] [+] PREPARING AUTOMATION: Please switch to your Game window in 3 seconds...
[16:06:09] [SYSTEM]     Starting automation in: 3s...
[16:06:10] [SYSTEM]     Starting automation in: 2s...
[16:06:11] [SYSTEM]     Starting automation in: 1s...
[16:06:12] [ACTION] [✓] Automation Engine Active!
[16:06:17] [DEBUG] [Inventory Scroll] DOWN x250 at (1318, 622)
[16:06:17] [INFO] 
Template:   boss_chest.png [BOSS REWARD CHEST]
Confidence: 0.9282
Position:   (1711, 914)
Action:     Left Click Open Boss Chest
[16:06:18] [ACTION] Opened chest: boss_chest.png
[16:06:22] [INFO] [UI Safeguard] Opening STASH panel (conf=1.000)...
[16:06:22] [INFO] 
Template:   stash_tab_icon.png [OPEN STASH TAB]
Confidence: 1.0000
Position:   (1546, 786)
Action:     Left Click UI Restore
[16:06:23] [INFO] [UI Safeguard] Opening CUBE panel (conf=1.000)...
[16:06:23] [INFO] 
Template:   cube_tab_icon.png [OPEN CUBE TAB]
Confidence: 1.0000
Position:   (1763, 786)
Action:     Left Click UI Restore
[16:06:26] [INFO] [Cube Window] Non-Alchemy mode active. Opening Cube mode dropdown...
[16:06:26] [INFO] 
Template:   mode_header_synthesis.png [CUBE MODE → Alchemy]
Confidence: 1.0000
Position:   (1647, 370)
Action:     Left Click Cube Mode Control
[16:06:28] [INFO] [Cube Window] 'Alchemy' option detected after opening dropdown. Selecting...
[16:06:28] [INFO] 
Template:   alchemy_option.png [CUBE MODE → Alchemy]
Confidence: 1.0000
Position:   (1648, 436)
Action:     Left Click Cube Mode Control
[16:06:31] [INFO] 
Template:   bronze_ingot.png [Chest Stash]
Confidence: 0.8842
Position:   (1414, 575)
Action:     Ctrl + Right-Click
[16:06:33] [INFO] Stashed: bronze_ingot.png (conf=0.88)
[16:06:33] [INFO] 
Template:   boss_chest.png [BOSS REWARD CHEST]
Confidence: 0.9257
Position:   (1711, 914)
Action:     Left Click Open Boss Chest
[16:06:35] [ACTION] Opened chest: boss_chest.png
[16:06:40] [INFO] 
Template:   lapis_lazuli.png [Chest Stash]
Confidence: 0.9260
Position:   (1414, 624)
Action:     Ctrl + Right-Click
[16:06:41] [INFO] Stashed: lapis_lazuli.png (conf=0.93)
[16:06:41] [INFO] 
Template:   standard_chest.png [STANDARD REWARD CHEST]
Confidence: 0.9384
Position:   (1751, 913)
Action:     Left Click Open Chest
[16:06:42] [ACTION] Opened chest: standard_chest.png
[16:06:49] [INFO] 
Template:   fighter_helmet_common.png [Item to Sell]
Confidence: 0.9672
Position:   (1415, 575)
Action:     Alt + Right-Click
[16:06:50] [INFO] Sales Section Capacity: 1/3 slots filled.
[16:06:50] [ACTION] Placed for sale: fighter_helmet_common.png [1/3]
[16:06:51] [INFO] 
Template:   standard_chest.png [STANDARD REWARD CHEST]
Confidence: 0.9617
Position:   (1751, 913)
Action:     Left Click Open Chest
[16:06:52] [ACTION] Opened chest: standard_chest.png
[16:06:59] [INFO] 
Template:   fighter_helmet_common.png [Item to Sell]
Confidence: 0.9756
Position:   (1265, 675)
Action:     Alt + Right-Click
[16:07:00] [INFO] Sales Section Capacity: 2/3 slots filled.
[16:07:00] [ACTION] Placed for sale: fighter_helmet_common.png [2/3]
[16:07:00] [INFO] 
Template:   standard_chest.png [STANDARD REWARD CHEST]
Confidence: 0.9369
Position:   (1751, 913)
Action:     Left Click Open Chest
[16:07:02] [ACTION] Opened chest: standard_chest.png
[16:07:06] [INFO] 
Template:   fighter_helmet_common.png [Item to Sell]
Confidence: 0.9472
Position:   (1365, 625)
Action:     Alt + Right-Click
[16:07:06] [INFO] Sales Section Capacity: 3/3 slots filled.
[16:07:07] [ACTION] Placed for sale: fighter_helmet_common.png [3/3]
[16:07:07] [INFO] 
Template:   sell_button.png [CONFIRM BATCH SELL]
Confidence: 0.9369
Position:   (1779, 647)
Status:     Sales slots FULL (3/3)
Action:     Left Click Sell Button
[16:07:08] [INFO] Batch sale completed! Reset sales slots to 0.
[16:07:08] [ACTION] Clicked Batch Confirm Sell!
[16:07:16] [INFO] 
Template:   limitless_scepter_common.png [Item to Sell]
Confidence: 1.0000
Position:   (1264, 575)
Action:     Alt + Right-Click
[16:07:16] [INFO] Sales Section Capacity: 1/3 slots filled.
[16:07:17] [ACTION] Placed for sale: limitless_scepter_common.png [1/3]
[16:07:23] [INFO] 
Template:   limitless_scepter_common.png [Item to Sell]
Confidence: 0.9583
Position:   (1314, 675)
Action:     Alt + Right-Click
[16:07:24] [INFO] Sales Section Capacity: 2/3 slots filled.
[16:07:25] [ACTION] Placed for sale: limitless_scepter_common.png [2/3]
[16:07:32] [INFO] 
Template:   limitless_scepter_common.png [Item to Sell]
Confidence: 0.9244
Position:   (1164, 625)
Action:     Alt + Right-Click
[16:07:32] [INFO] Sales Section Capacity: 3/3 slots filled.
[16:07:32] [ACTION] Placed for sale: limitless_scepter_common.png [3/3]
[16:07:32] [INFO] 
Template:   sell_button.png [CONFIRM BATCH SELL]
Confidence: 0.9369
Position:   (1779, 647)
Status:     Sales slots FULL (3/3)
Action:     Left Click Sell Button
[16:07:33] [INFO] Batch sale completed! Reset sales slots to 0.
[16:07:33] [ACTION] Clicked Batch Confirm Sell!
[16:07:40] [INFO] 
Template:   limitless_scepter_common.png [Item to Sell]
Confidence: 0.9244
Position:   (1414, 625)
Action:     Alt + Right-Click
[16:07:40] [INFO] Sales Section Capacity: 1/3 slots filled.
[16:07:41] [ACTION] Placed for sale: limitless_scepter_common.png [1/3]
[16:07:48] [INFO] 
Template:   limitless_scepter_common.png [Item to Sell]
Confidence: 0.8963
Position:   (1264, 625)
Action:     Alt + Right-Click
[16:07:49] [INFO] Sales Section Capacity: 2/3 slots filled.
[16:07:50] [ACTION] Placed for sale: limitless_scepter_common.png [2/3]
[16:07:57] [INFO] 
Template:   sacred_staff_common.png [Item to Sell]
Confidence: 0.9225
Position:   (1465, 625)
Action:     Alt + Right-Click
[16:07:58] [INFO] Sales Section Capacity: 3/3 slots filled.
[16:07:58] [ACTION] Placed for sale: sacred_staff_common.png [3/3]
[16:07:58] [INFO] 
Template:   sell_button.png [CONFIRM BATCH SELL]
Confidence: 0.9369
Position:   (1779, 647)
Status:     Sales slots FULL (3/3)
Action:     Left Click Sell Button
[16:07:59] [INFO] Batch sale completed! Reset sales slots to 0.
[16:07:59] [ACTION] Clicked Batch Confirm Sell!
[16:08:07] [INFO] 
Template:   shine_armor_common.png [Item to Sell]
Confidence: 0.9343
Position:   (1464, 575)
Action:     Alt + Right-Click
[16:08:07] [INFO] Sales Section Capacity: 1/3 slots filled.
[16:08:08] [ACTION] Placed for sale: shine_armor_common.png [1/3]
[16:08:15] [INFO] 
Template:   shine_armor_common.png [Item to Sell]
Confidence: 0.9013
Position:   (1314, 575)
Action:     Alt + Right-Click
[16:08:15] [INFO] Sales Section Capacity: 2/3 slots filled.
[16:08:16] [ACTION] Placed for sale: shine_armor_common.png [2/3]
[16:08:23] [INFO] 
Template:   shine_boots_common.png [Item to Sell]
Confidence: 1.0000
Position:   (1214, 625)
Action:     Alt + Right-Click
[16:08:24] [INFO] Sales Section Capacity: 3/3 slots filled.
[16:08:25] [ACTION] Placed for sale: shine_boots_common.png [3/3]
[16:08:25] [INFO] 
Template:   sell_button.png [CONFIRM BATCH SELL]
Confidence: 0.9369
Position:   (1779, 647)
Status:     Sales slots FULL (3/3)
Action:     Left Click Sell Button
[16:08:25] [INFO] Batch sale completed! Reset sales slots to 0.
[16:08:27] [ACTION] Clicked Batch Confirm Sell!
[16:08:33] [INFO] 
Template:   shine_boots_common.png [Item to Sell]
Confidence: 0.9335
Position:   (1164, 675)
Action:     Alt + Right-Click
[16:08:34] [INFO] Sales Section Capacity: 1/3 slots filled.
[16:08:35] [ACTION] Placed for sale: shine_boots_common.png [1/3]
[16:08:42] [INFO] 
Template:   shine_gloves_common.png [Item to Sell]
Confidence: 0.9559
Position:   (1365, 574)
Action:     Alt + Right-Click
[16:08:42] [INFO] Sales Section Capacity: 2/3 slots filled.
[16:08:43] [ACTION] Placed for sale: shine_gloves_common.png [2/3]
[16:08:50] [INFO] 
Template:   shine_gloves_common.png [Item to Sell]
Confidence: 0.9301
Position:   (1215, 674)
Action:     Alt + Right-Click
[16:08:50] [INFO] Sales Section Capacity: 3/3 slots filled.
[16:08:51] [ACTION] Placed for sale: shine_gloves_common.png [3/3]
[16:08:52] [INFO] 
Template:   sell_button.png [CONFIRM BATCH SELL]
Confidence: 0.9369
Position:   (1779, 647)
Status:     Sales slots FULL (3/3)
Action:     Left Click Sell Button
[16:08:52] [INFO] Batch sale completed! Reset sales slots to 0.
[16:08:53] [ACTION] Clicked Batch Confirm Sell!
[16:09:00] [INFO] 
Template:   vengeance_sword_common.png [Item to Sell]
Confidence: 0.9255
Position:   (1316, 626)
Action:     Alt + Right-Click
[16:09:00] [INFO] Sales Section Capacity: 1/3 slots filled.
[16:09:01] [ACTION] Placed for sale: vengeance_sword_common.png [1/3]
[16:09:09] [DEBUG] [Inventory Scroll] DOWN x250 at (1318, 622)
[16:09:11] [WARN] [PAUSED] Automation engine paused.
[16:09:17] [WARN] [STOPPED] Emergency Stop triggered!
[16:09:17] [WARN] [STOPPED] Emergency Stop triggered!
[16:09:18] [SYSTEM] [+] QUICK HOVER CAPTURE: capturing at current cursor position...
[16:09:18] [INFO] [Capture] Detected yellow slot frame (45x45px). Trimmed outer border -> Inner item crop: 41x41px.
[16:09:46] [SYSTEM] [+] QUICK HOVER CAPTURE: capturing at current cursor position...
[16:09:46] [INFO] [Capture] Detected yellow slot frame (45x45px). Trimmed outer border -> Inner item crop: 41x41px.
[16:14:12] [WARN] [STOPPED] Emergency Stop triggered!
[16:14:20] [WARN] [STOPPED] Emergency Stop triggered!
[16:14:43] [WARN] [STOPPED] Emergency Stop triggered!
[16:14:46] [SYSTEM] [+] QUICK HOVER CAPTURE: capturing at current cursor position...
[16:14:46] [INFO] [Capture] Detected yellow slot frame (45x45px). Trimmed outer border -> Inner item crop: 41x41px.
[16:15:28] [WARN] [STOPPED] Emergency Stop triggered!
[16:15:36] [WARN] [STOPPED] Emergency Stop triggered!
[16:16:10] [WARN] [STOPPED] Emergency Stop triggered!
[16:16:26] [INFO] [✓] Saved item template: templates/stash_items/item_20260818_161620.png
[16:16:26] [INFO] Loading template assets...
[16:16:26] [INFO] Successfully cached 504 templates in memory.
[16:16:26] [INFO] Reloaded 504 template assets into memory cache.
[16:16:35] [INFO] [✓] Saved item template: templates/sell_items/item_20260818_161633.png
[16:16:35] [INFO] Loading template assets...
[16:16:35] [INFO] Successfully cached 505 templates in memory.
[16:16:35] [INFO] Reloaded 505 template assets into memory cache.
[17:24:41] [WARN] [STOPPED] Emergency Stop triggered!
[22:59:42] [INFO] They work only while this tool, the desktop, or TaskBarHero is focused. Run as Administrator if TaskBarHero still swallows shortcuts.
[22:59:42] [INFO] Windows Display Scaling: 1.00x (Standard 100% DPI).
[22:59:42] [INFO] Loading template assets...
[22:59:42] [INFO] Successfully cached 511 templates in memory.
[22:59:42] [INFO] TBH-Tool Automation Engine initialized (PVandAI). Screen Bounds: 1920x1080px. FailSafe=True
[23:00:49] [CRITICAL] UNHANDLED GLOBAL EXCEPTION:
Traceback (most recent call last):
  File "D:\Somethings\ToolTest\gui.py", line 2161, in closeEvent
    self.worker.stop_automation()
  File "D:\Somethings\ToolTest\gui.py", line 735, in stop_automation
    self.automation.sanitize_modifier_keys()
  File "D:\Somethings\ToolTest\automation.py", line 118, in sanitize_modifier_keys
    pyautogui.keyUp("shift")
  File "D:\Somethings\ToolTest\venv\Lib\site-packages\pyautogui\__init__.py", line 593, in wrapper
    failSafeCheck()
  File "D:\Somethings\ToolTest\venv\Lib\site-packages\pyautogui\__init__.py", line 1734, in failSafeCheck
    raise FailSafeException(
pyautogui.FailSafeException: PyAutoGUI fail-safe triggered from mouse moving to a corner of the screen. To disable this fail-safe, set pyautogui.FAILSAFE to False. DISABLING FAIL-SAFE IS NOT RECOMMENDED.

[23:06:54] [INFO] They work only while this tool, the desktop, or TaskBarHero is focused. Run as Administrator if TaskBarHero still swallows shortcuts.
[23:06:54] [INFO] Windows Display Scaling: 1.00x (Standard 100% DPI).
[23:06:54] [INFO] Loading template assets...
[23:06:55] [INFO] Successfully cached 511 templates in memory.
[23:06:55] [INFO] TBH-Tool Automation Engine initialized (PVandAI). Screen Bounds: 1920x1080px. FailSafe=True
[23:10:00] [WARN] [STOPPED] Emergency Stop triggered!
[23:30:07] [CRITICAL] UNHANDLED GLOBAL EXCEPTION:
Traceback (most recent call last):
  File "D:\Somethings\ToolTest\gui.py", line 1709, in eventFilter
    if obj is self.header_frame:
              ^^^^^^^^^^^^^^^^^
AttributeError: 'TBHToolMainWindow' object has no attribute 'header_frame'

[23:30:07] [CRITICAL] UNHANDLED GLOBAL EXCEPTION:
Traceback (most recent call last):
  File "D:\Somethings\ToolTest\gui.py", line 1709, in eventFilter
    if obj is self.header_frame:
              ^^^^^^^^^^^^^^^^^
AttributeError: 'TBHToolMainWindow' object has no attribute 'header_frame'

[23:30:07] [CRITICAL] UNHANDLED GLOBAL EXCEPTION:
Traceback (most recent call last):
  File "D:\Somethings\ToolTest\gui.py", line 1709, in eventFilter
    if obj is self.header_frame:
              ^^^^^^^^^^^^^^^^^
AttributeError: 'TBHToolMainWindow' object has no attribute 'header_frame'

[23:30:07] [CRITICAL] UNHANDLED GLOBAL EXCEPTION:
Traceback (most recent call last):
  File "D:\Somethings\ToolTest\gui.py", line 1709, in eventFilter
    if obj is self.header_frame:
              ^^^^^^^^^^^^^^^^^
AttributeError: 'TBHToolMainWindow' object has no attribute 'header_frame'

[23:30:07] [CRITICAL] UNHANDLED GLOBAL EXCEPTION:
Traceback (most recent call last):
  File "D:\Somethings\ToolTest\gui.py", line 1709, in eventFilter
    if obj is self.header_frame:
              ^^^^^^^^^^^^^^^^^
AttributeError: 'TBHToolMainWindow' object has no attribute 'header_frame'

[23:30:07] [CRITICAL] UNHANDLED GLOBAL EXCEPTION:
Traceback (most recent call last):
  File "D:\Somethings\ToolTest\gui.py", line 1709, in eventFilter
    if obj is self.header_frame:
              ^^^^^^^^^^^^^^^^^
AttributeError: 'TBHToolMainWindow' object has no attribute 'header_frame'

[23:30:07] [CRITICAL] UNHANDLED GLOBAL EXCEPTION:
Traceback (most recent call last):
  File "D:\Somethings\ToolTest\gui.py", line 1709, in eventFilter
    if obj is self.header_frame:
              ^^^^^^^^^^^^^^^^^
AttributeError: 'TBHToolMainWindow' object has no attribute 'header_frame'

[23:30:07] [CRITICAL] UNHANDLED GLOBAL EXCEPTION:
Traceback (most recent call last):
  File "D:\Somethings\ToolTest\gui.py", line 1709, in eventFilter
    if obj is self.header_frame:
              ^^^^^^^^^^^^^^^^^
AttributeError: 'TBHToolMainWindow' object has no attribute 'header_frame'

[23:30:07] [CRITICAL] UNHANDLED GLOBAL EXCEPTION:
Traceback (most recent call last):
  File "D:\Somethings\ToolTest\gui.py", line 1709, in eventFilter
    if obj is self.header_frame:
              ^^^^^^^^^^^^^^^^^
AttributeError: 'TBHToolMainWindow' object has no attribute 'header_frame'

[23:30:07] [CRITICAL] UNHANDLED GLOBAL EXCEPTION:
Traceback (most recent call last):
  File "D:\Somethings\ToolTest\gui.py", line 1709, in eventFilter
    if obj is self.header_frame:
              ^^^^^^^^^^^^^^^^^
AttributeError: 'TBHToolMainWindow' object has no attribute 'header_frame'

[23:30:08] [INFO] They work only while this tool, the desktop, or TaskBarHero is focused. Run as Administrator if TaskBarHero still swallows shortcuts.
[23:30:08] [INFO] Windows Display Scaling: 1.00x (Standard 100% DPI).
[23:30:08] [INFO] Loading template assets...
[23:30:09] [INFO] Successfully cached 511 templates in memory.
[23:30:09] [ERROR] Engine initialization failure: PyAutoGUI fail-safe triggered from mouse moving to a corner of the screen. To disable this fail-safe, set pyautogui.FAILSAFE to False. DISABLING FAIL-SAFE IS NOT RECOMMENDED.
Traceback (most recent call last):
  File "D:\Somethings\ToolTest\gui.py", line 697, in initialize_engines
    self.automation = AutomationEngine()
                      ^^^^^^^^^^^^^^^^^^
  File "D:\Somethings\ToolTest\automation.py", line 106, in __init__
    self.sanitize_modifier_keys()
  File "D:\Somethings\ToolTest\automation.py", line 118, in sanitize_modifier_keys
    pyautogui.keyUp("shift")
  File "D:\Somethings\ToolTest\venv\Lib\site-packages\pyautogui\__init__.py", line 593, in wrapper
    failSafeCheck()
  File "D:\Somethings\ToolTest\venv\Lib\site-packages\pyautogui\__init__.py", line 1734, in failSafeCheck
    raise FailSafeException(
pyautogui.FailSafeException: PyAutoGUI fail-safe triggered from mouse moving to a corner of the screen. To disable this fail-safe, set pyautogui.FAILSAFE to False. DISABLING FAIL-SAFE IS NOT RECOMMENDED.
[23:31:53] [CRITICAL] UNHANDLED GLOBAL EXCEPTION:
Traceback (most recent call last):
  File "D:\Somethings\ToolTest\gui.py", line 1709, in eventFilter
    if obj is self.header_frame:
              ^^^^^^^^^^^^^^^^^
AttributeError: 'TBHToolMainWindow' object has no attribute 'header_frame'

[23:31:53] [CRITICAL] UNHANDLED GLOBAL EXCEPTION:
Traceback (most recent call last):
  File "D:\Somethings\ToolTest\gui.py", line 1709, in eventFilter
    if obj is self.header_frame:
              ^^^^^^^^^^^^^^^^^
AttributeError: 'TBHToolMainWindow' object has no attribute 'header_frame'

[23:31:53] [CRITICAL] UNHANDLED GLOBAL EXCEPTION:
Traceback (most recent call last):
  File "D:\Somethings\ToolTest\gui.py", line 1709, in eventFilter
    if obj is self.header_frame:
              ^^^^^^^^^^^^^^^^^
AttributeError: 'TBHToolMainWindow' object has no attribute 'header_frame'

[23:31:53] [CRITICAL] UNHANDLED GLOBAL EXCEPTION:
Traceback (most recent call last):
  File "D:\Somethings\ToolTest\gui.py", line 1709, in eventFilter
    if obj is self.header_frame:
              ^^^^^^^^^^^^^^^^^
AttributeError: 'TBHToolMainWindow' object has no attribute 'header_frame'

[23:31:53] [CRITICAL] UNHANDLED GLOBAL EXCEPTION:
Traceback (most recent call last):
  File "D:\Somethings\ToolTest\gui.py", line 1709, in eventFilter
    if obj is self.header_frame:
              ^^^^^^^^^^^^^^^^^
AttributeError: 'TBHToolMainWindow' object has no attribute 'header_frame'

[23:31:53] [CRITICAL] UNHANDLED GLOBAL EXCEPTION:
Traceback (most recent call last):
  File "D:\Somethings\ToolTest\gui.py", line 1709, in eventFilter
    if obj is self.header_frame:
              ^^^^^^^^^^^^^^^^^
AttributeError: 'TBHToolMainWindow' object has no attribute 'header_frame'

[23:31:54] [CRITICAL] UNHANDLED GLOBAL EXCEPTION:
Traceback (most recent call last):
  File "D:\Somethings\ToolTest\gui.py", line 1709, in eventFilter
    if obj is self.header_frame:
              ^^^^^^^^^^^^^^^^^
AttributeError: 'TBHToolMainWindow' object has no attribute 'header_frame'

[23:31:54] [CRITICAL] UNHANDLED GLOBAL EXCEPTION:
Traceback (most recent call last):
  File "D:\Somethings\ToolTest\gui.py", line 1709, in eventFilter
    if obj is self.header_frame:
              ^^^^^^^^^^^^^^^^^
AttributeError: 'TBHToolMainWindow' object has no attribute 'header_frame'

[23:31:54] [CRITICAL] UNHANDLED GLOBAL EXCEPTION:
Traceback (most recent call last):
  File "D:\Somethings\ToolTest\gui.py", line 1709, in eventFilter
    if obj is self.header_frame:
              ^^^^^^^^^^^^^^^^^
AttributeError: 'TBHToolMainWindow' object has no attribute 'header_frame'

[23:31:54] [CRITICAL] UNHANDLED GLOBAL EXCEPTION:
Traceback (most recent call last):
  File "D:\Somethings\ToolTest\gui.py", line 1709, in eventFilter
    if obj is self.header_frame:
              ^^^^^^^^^^^^^^^^^
AttributeError: 'TBHToolMainWindow' object has no attribute 'header_frame'

[23:31:54] [INFO] They work only while this tool, the desktop, or TaskBarHero is focused. Run as Administrator if TaskBarHero still swallows shortcuts.
[23:31:54] [INFO] Windows Display Scaling: 1.00x (Standard 100% DPI).
[23:31:54] [INFO] Loading template assets...
[23:31:55] [INFO] Successfully cached 511 templates in memory.
[23:31:55] [INFO] TBH-Tool Automation Engine initialized (PVandAI). Screen Bounds: 1920x1080px. FailSafe=True
[23:32:42] [WARN] [STOPPED] Emergency Stop triggered!
[23:39:41] [INFO] They work only while this tool, the desktop, or TaskBarHero is focused. Run as Administrator if TaskBarHero still swallows shortcuts.
[23:39:41] [INFO] Windows Display Scaling: 1.00x (Standard 100% DPI).
[23:39:41] [INFO] Loading template assets...
[23:39:42] [INFO] Successfully cached 511 templates in memory.
[23:39:42] [INFO] TBH-Tool Automation Engine initialized (PVandAI). Screen Bounds: 1920x1080px. FailSafe=True
[23:39:45] [CRITICAL] UNHANDLED GLOBAL EXCEPTION:
Traceback (most recent call last):
  File "D:\Somethings\ToolTest\gui.py", line 1783, in changeEvent
    self.btn_max.setText("❐" if self.isMaximized() else "□")
    ^^^^^^^^^^^^
AttributeError: 'TBHToolMainWindow' object has no attribute 'btn_max'

[23:39:47] [CRITICAL] UNHANDLED GLOBAL EXCEPTION:
Traceback (most recent call last):
  File "D:\Somethings\ToolTest\gui.py", line 1783, in changeEvent
    self.btn_max.setText("❐" if self.isMaximized() else "□")
    ^^^^^^^^^^^^
AttributeError: 'TBHToolMainWindow' object has no attribute 'btn_max'

[23:39:48] [CRITICAL] UNHANDLED GLOBAL EXCEPTION:
Traceback (most recent call last):
  File "D:\Somethings\ToolTest\gui.py", line 1783, in changeEvent
    self.btn_max.setText("❐" if self.isMaximized() else "□")
    ^^^^^^^^^^^^
AttributeError: 'TBHToolMainWindow' object has no attribute 'btn_max'

[23:39:49] [CRITICAL] UNHANDLED GLOBAL EXCEPTION:
Traceback (most recent call last):
  File "D:\Somethings\ToolTest\gui.py", line 1783, in changeEvent
    self.btn_max.setText("❐" if self.isMaximized() else "□")
    ^^^^^^^^^^^^
AttributeError: 'TBHToolMainWindow' object has no attribute 'btn_max'

[23:44:37] [CRITICAL] UNHANDLED GLOBAL EXCEPTION:
Traceback (most recent call last):
  File "D:\Somethings\ToolTest\gui.py", line 1783, in changeEvent
    self.btn_max.setText("❐" if self.isMaximized() else "□")
    ^^^^^^^^^^^^
AttributeError: 'TBHToolMainWindow' object has no attribute 'btn_max'

[23:44:48] [CRITICAL] UNHANDLED GLOBAL EXCEPTION:
Traceback (most recent call last):
  File "D:\Somethings\ToolTest\gui.py", line 1783, in changeEvent
    self.btn_max.setText("❐" if self.isMaximized() else "□")
    ^^^^^^^^^^^^
AttributeError: 'TBHToolMainWindow' object has no attribute 'btn_max'

[23:44:58] [CRITICAL] UNHANDLED GLOBAL EXCEPTION:
Traceback (most recent call last):
  File "D:\Somethings\ToolTest\gui.py", line 1783, in changeEvent
    self.btn_max.setText("❐" if self.isMaximized() else "□")
    ^^^^^^^^^^^^
AttributeError: 'TBHToolMainWindow' object has no attribute 'btn_max'

[23:45:04] [WARN] [STOPPED] Emergency Stop triggered!
[23:45:05] [CRITICAL] UNHANDLED GLOBAL EXCEPTION:
Traceback (most recent call last):
  File "D:\Somethings\ToolTest\gui.py", line 549, in mouseReleaseEvent
    self.close()
RuntimeError: wrapped C/C++ object of type GuiItemCaptureOverlay has been deleted

[23:45:18] [WARN] [STOPPED] Emergency Stop triggered!
[23:45:19] [CRITICAL] UNHANDLED GLOBAL EXCEPTION:
Traceback (most recent call last):
  File "D:\Somethings\ToolTest\gui.py", line 549, in mouseReleaseEvent
    self.close()
RuntimeError: wrapped C/C++ object of type GuiItemCaptureOverlay has been deleted

[23:45:23] [CRITICAL] UNHANDLED GLOBAL EXCEPTION:
Traceback (most recent call last):
  File "D:\Somethings\ToolTest\gui.py", line 1783, in changeEvent
    self.btn_max.setText("❐" if self.isMaximized() else "□")
    ^^^^^^^^^^^^
AttributeError: 'TBHToolMainWindow' object has no attribute 'btn_max'

[23:45:26] [INFO] Loading template assets...
[23:45:27] [INFO] Successfully cached 511 templates in memory.
[23:45:27] [INFO] Reloaded 511 template assets into memory cache.
[23:45:42] [WARN] [STOPPED] Emergency Stop triggered!
[23:45:45] [INFO] [✓] Saved item template: templates/sell_items/item_212334532.png
[23:45:45] [INFO] Loading template assets...
[23:45:45] [INFO] Successfully cached 512 templates in memory.
[23:45:45] [INFO] Reloaded 512 template assets into memory cache.
[23:45:45] [CRITICAL] UNHANDLED GLOBAL EXCEPTION:
Traceback (most recent call last):
  File "D:\Somethings\ToolTest\gui.py", line 549, in mouseReleaseEvent
    self.close()
RuntimeError: wrapped C/C++ object of type GuiItemCaptureOverlay has been deleted

[23:45:53] [SYSTEM] [+] QUICK HOVER CAPTURE: capturing at current cursor position...
[23:46:02] [SYSTEM] [+] QUICK HOVER CAPTURE: capturing at current cursor position...
[23:46:04] [INFO] [✓] Saved item template: templates/sell_items/item_20260818_234602.png
[23:46:04] [INFO] Loading template assets...
[23:46:05] [INFO] Successfully cached 513 templates in memory.
[23:46:05] [INFO] Reloaded 513 template assets into memory cache.
[23:46:16] [INFO] [✓] Saved item template: templates/sell_items/item_20260818_234614.png
[23:46:16] [INFO] Loading template assets...
[23:46:16] [INFO] Successfully cached 514 templates in memory.
[23:46:16] [INFO] Reloaded 514 template assets into memory cache.
[23:46:21] [WARN] [STOPPED] Emergency Stop triggered!
[23:46:22] [INFO] [✓] Saved item template: templates/sell_items/item_20260818_234620.png
[23:46:22] [INFO] Loading template assets...
[23:46:22] [INFO] Successfully cached 515 templates in memory.
[23:46:22] [INFO] Reloaded 515 template assets into memory cache.
[23:46:22] [CRITICAL] UNHANDLED GLOBAL EXCEPTION:
Traceback (most recent call last):
  File "D:\Somethings\ToolTest\gui.py", line 549, in mouseReleaseEvent
    self.close()
RuntimeError: wrapped C/C++ object of type GuiItemCaptureOverlay has been deleted

[23:46:24] [INFO] Loading template assets...
[23:46:25] [INFO] Successfully cached 515 templates in memory.
[23:46:25] [INFO] Reloaded 515 template assets into memory cache.
[23:48:34] [SYSTEM] [+] QUICK HOVER CAPTURE: capturing at current cursor position...
[23:48:38] [SYSTEM] [+] QUICK HOVER CAPTURE: capturing at current cursor position...
[23:48:43] [SYSTEM] [+] QUICK HOVER CAPTURE: capturing at current cursor position...
[23:48:47] [SYSTEM] [+] QUICK HOVER CAPTURE: capturing at current cursor position...
[23:48:49] [SYSTEM] [+] QUICK HOVER CAPTURE: capturing at current cursor position...
[23:48:55] [SYSTEM] [+] QUICK HOVER CAPTURE: capturing at current cursor position...
[23:50:44] [WARN] [STOPPED] Emergency Stop triggered!
